text,label
mujhe dar lag raha hai please,1
hey naan aabathil iruken,1
udhavi pannunga!!!,1
I AM FINE,0
I LIKE MUSIC,0
hey i am in danger,1
mujhe bachao bro,1
uh naan nalla iruken,0
someone is following me please,1
i am studying bro,0
i am in danger now,1
mujhe dar lag raha hai!!!,1
MADAD KARO,1
help karo please,1
mujhe dar lag raha hai!!!,1
mujhe bachao,1
emergency hai,1
hey emergency hai,1
good morning,0
main college ja raha hoon!!!,0
hey naan aabathil iruken,1
JALDI MADAD KARO,1
i am going to college now,0
MAIN PADHAI KAR RAHA HOON,0
MAIN KHATRE MEIN HOON,1
mujhe bachao bro,1
enakku music pidikkum!!!,0
enakku bayama irukku,1
good morning please,0
NAAN HAPPY AH IRUKEN,0
i am scared bro,1
enakku music pidikkum bro,0
enakku music pidikkum please,0
save me!!!,1
jaldi madad karo please,1
seekiram help pannunga bro,1
MAIN KHATRE MEIN HOON,1
TIME ENNA,0
enna help pannunga please,1
naan padikkiren bro,0
ennai kappathunga please,1
uh mujhe help chahiye,1
help me,1
HELLO HOW ARE YOU,0
uh help me,1
jaldi madad karo,1
UDHAVI PANNUNGA,1
mujhe dar lag raha hai,1
i feel unsafe bro,1
HELP VENUM,1
hey good morning,0
I AM SCARED,1
i am going to college bro,0
what is the time bro,0
what is the time now,0
koi mera peecha kar raha hai bro,1
I AM SCARED,1
NAAN PADIKKIREN,0
yaaro ennai pin thodaranga!!!,1
mujhe bachao,1
i am scared now,1
mujhe bachao,1
hey naan happy ah iruken,0
hey mujhe bachao,1
uh help me,1
what is the time,0
hey i like music,0
uh i am studying,0
good morning!!!,0
uh time kya hua hai,0
main padhai kar raha hoon please,0
i feel unsafe now,1
save me!!!,1
help me bro,1
hey hello how are you,0
mujhe bachao please,1
hey seekiram help pannunga,1
hey someone is following me,1
main college ja raha hoon bro,0
HELP ME,1
someone is following me bro,1
hey mujhe music pasand hai,0
i am in danger now,1
police ah koopdunga!!!,1
naan college pogiren!!!,0
emergency ah irukku!!!,1
main khatre mein hoon please,1
ennai kappathunga,1
uh main khatre mein hoon,1
i feel unsafe bro,1
PLEASE HELP,1
WHAT IS THE TIME,0
main padhai kar raha hoon please,0
I FEEL UNSAFE,1
main college ja raha hoon!!!,0
naan padikkiren bro,0
mujhe help chahiye please,1
PLEASE HELP,1
ennai kappathunga please,1
main theek hoon now,0
i am going to college,0
i feel unsafe!!!,1
i like music please,0
chill bro,0
main padhai kar raha hoon please,0
SOMEONE IS FOLLOWING ME,1
seekiram help pannunga now,1
mujhe music pasand hai bro,0
time kya hua hai please,0
hey i am studying,0
uh naan college pogiren,0
good morning please,0
hey someone is following me,1
ennai kappathunga please,1
hey i am studying,0
main khatre mein hoon now,1
good morning bro,0
i feel unsafe!!!,1
hey i am in danger,1
POLICE KO BULAO,1
uh naan ok bro,0
NAAN COLLEGE POGIREN,0
good morning!!!,0
mujhe dar lag raha hai,1
hey good morning,0
i feel unsafe please,1
time kya hua hai bro,0
yaaro ennai pin thodaranga,1
hey jaldi madad karo,1
seekiram help pannunga,1
hey help karo,1
mujhe music pasand hai,0
enakku music pidikkum bro,0
please madad karo bro,1
seekiram help pannunga now,1
jaldi madad karo,1
naan padikkiren,0
uh police ko bulao,1
help karo bro,1
ENAKKU MUSIC PIDIKKUM,0
call the police!!!,1
enakku music pidikkum please,0
uh enakku music pidikkum,0
main college ja raha hoon,0
SEEKIRAM HELP PANNUNGA,1
mujhe music pasand hai now,0
i am fine bro,0
hey naan nalla iruken,0
ENAKKU MUSIC PIDIKKUM,0
KOI MERA PEECHA KAR RAHA HAI,1
naan happy ah iruken now,0
uh i am scared,1
emergency ah irukku!!!,1
uh naan nalla iruken,0
chill bro please,0
time enna please,0
uh udhavi pannunga,1
hey please madad karo,1
police ah koopdunga please,1
good morning,0
uh time kya hua hai,0
what is the time now,0
please help!!!,1
enakku music pidikkum please,0
naan nalla iruken,0
emergency hai please,1
ennai kappathunga bro,1
call the police,1
good morning now,0
mujhe bachao,1
chill bro please,0
hey koi mera peecha kar raha hai,1
hey ennai kappathunga,1
madad karo now,1
MUJHE DAR LAG RAHA HAI,1
jaldi madad karo!!!,1
enakku bayama irukku!!!,1
main khatre mein hoon please,1
uh naan college pogiren,0
hello how are you now,0
YAARO ENNAI PIN THODARANGA,1
uh naan nalla iruken,0
madad karo bro,1
good morning now,0
uh i am in danger,1
emergency ah irukku bro,1
good morning now,0
uh emergency ah irukku,1
help karo bro,1
good morning,0
main theek hoon please,0
emergency ah irukku please,1
hey time kya hua hai,0
naan nalla iruken now,0
uh seekiram help pannunga,1
naan college pogiren please,0
naan college pogiren,0
good morning,0
jaldi madad karo,1
uh time enna,0
hey i feel unsafe,1
uh emergency hai,1
uh all good yaar,0
i am going to college,0
uh time enna,0
main college ja raha hoon!!!,0
i am studying now,0
hey police ko bulao,1
good morning now,0
hey help me,1
uh what is the time,0
uh save me,1
madad karo please,1
udhavi pannunga,1
main college ja raha hoon!!!,0
naan nalla iruken please,0
emergency hai!!!,1
MUJHE HELP CHAHIYE,1
ENAKKU MUSIC PIDIKKUM,0
main khatre mein hoon please,1
hey police ko bulao,1
police ko bulao please,1
police ko bulao please,1
ENAKKU MUSIC PIDIKKUM,0
hey i feel unsafe,1
naan aabathil iruken,1
uh i am studying,0
someone is following me,1
uh help venum,1
help me please,1
police ko bulao!!!,1
I AM STUDYING,0
madad karo,1
uh please help,1
good morning now,0
i am fine now,0
call the police now,1
time kya hua hai,0
MAIN PADHAI KAR RAHA HOON,0
yaaro ennai pin thodaranga bro,1
hey i am scared,1
uh emergency ah irukku,1
uh emergency ah irukku,1
uh naan aabathil iruken,1
police ah koopdunga please,1
i feel unsafe bro,1
hey enakku music pidikkum,0
yaaro ennai pin thodaranga!!!,1
MAIN PADHAI KAR RAHA HOON,0
mujhe bachao now,1
emergency hai now,1
call the police please,1
i am fine!!!,0
POLICE KO BULAO,1
naan padikkiren!!!,0
i am studying!!!,0
time kya hua hai bro,0
hey what is the time,0
naan happy ah iruken please,0
good morning now,0
SAVE ME,1
help venum!!!,1
hello how are you,0
call the police now,1
MAIN COLLEGE JA RAHA HOON,0
hello how are you bro,0
i am fine!!!,0
help venum!!!,1
hey someone is following me,1
hey hello how are you,0
naan nalla iruken,0
koi mera peecha kar raha hai now,1
seekiram help pannunga bro,1
hey naan college pogiren,0
someone is following me,1
uh good morning,0
hey save me,1
what is the time now,0
hey i am fine,0
hey mujhe bachao,1
I LIKE MUSIC,0
uh naan padikkiren,0
main college ja raha hoon now,0
MAIN KHATRE MEIN HOON,1
naan college pogiren,0
enakku music pidikkum now,0
save me now,1
ENAKKU BAYAMA IRUKKU,1
main college ja raha hoon!!!,0
GOOD MORNING,0
call the police bro,1
enakku music pidikkum please,0
good morning now,0
main fine hoon bro please,0
mujhe bachao bro,1
i feel unsafe!!!,1
enakku music pidikkum!!!,0
GOOD MORNING,0
uh save me,1
i am scared!!!,1
hey i like music,0
uh police ah koopdunga,1
uh help karo,1
time kya hua hai now,0
someone is following me,1
uh good morning,0
i am studying,0
ENAKKU BAYAMA IRUKKU,1
i am going to college bro,0
hey emergency hai,1
time kya hua hai!!!,0
help me please,1
hey naan college pogiren,0
mujhe music pasand hai bro,0
i am studying bro,0
uh naan college pogiren,0
enakku music pidikkum,0
i like music now,0
mujhe dar lag raha hai please,1
hey main theek hoon,0
uh good morning,0
main theek hoon now,0
main padhai kar raha hoon,0
naan aabathil iruken now,1
mujhe bachao now,1
mujhe dar lag raha hai bro,1
bhai help karo!!!,1
i am studying!!!,0
MUJHE BACHAO,1
bhai help karo please,1
i am scared now,1
i am fine now,0
yaaro ennai pin thodaranga!!!,1
uh help me,1
uh i am in danger,1
MUJHE MUSIC PASAND HAI,0
mujhe help chahiye!!!,1
uh i am in danger,1
uh call the police,1
uh emergency ah irukku,1
hello how are you please,0
sab theek hai!!!,0
I AM GOING TO COLLEGE,0
uh emergency hai,1
naan college pogiren!!!,0
police ah koopdunga,1
please madad karo please,1
mujhe dar lag raha hai bro,1
i am fine please,0
uh naan college pogiren,0
i feel unsafe now,1
naan aabathil iruken bro,1
hey naan nalla iruken,0
i am going to college bro,0
chill bro,0
uh main khatre mein hoon,1
seekiram help pannunga!!!,1
I AM STUDYING,0
uh time enna,0
all good yaar now,0
hey enakku bayama irukku,1
please madad karo,1
police ko bulao please,1
enakku music pidikkum now,0
i am going to college bro,0
main padhai kar raha hoon please,0
madad karo,1
hey i feel unsafe,1
someone is following me,1
uh i feel unsafe,1
i am studying now,0
i am scared bro,1
hey i am studying,0
someone is following me bro,1
i am going to college,0
i feel unsafe,1
main padhai kar raha hoon!!!,0
main khatre mein hoon,1
seekiram help pannunga!!!,1
good morning please,0
uh i like music,0
I AM IN DANGER,1
help venum!!!,1
bhai help karo now,1
hey naan nalla iruken,0
good morning now,0
enakku music pidikkum now,0
hey jaldi madad karo,1
hey koi mera peecha kar raha hai,1
police ko bulao please,1
koi mera peecha kar raha hai now,1
good morning bro,0
hey enakku bayama irukku,1
hey i am going to college,0
main theek hoon now,0
hey main theek hoon,0
i feel unsafe please,1
someone is following me!!!,1
jaldi madad karo now,1
hey i am in danger,1
good morning,0
i feel unsafe please,1
uh main college ja raha hoon,0
i am studying now,0
i like music now,0
hey police ko bulao,1
NAAN HAPPY AH IRUKEN,0
someone is following me!!!,1
POLICE KO BULAO,1
please help pannunga,1
mujhe help chahiye bro,1
NAAN COLLEGE POGIREN,0
HELP KARO,1
koi mera peecha kar raha hai!!!,1
uh udhavi pannunga,1
uh hello how are you,0
emergency ah irukku!!!,1
please help bro,1
uh madad karo,1
hey good morning,0
hey naan ok bro,0
good morning now,0
naan college pogiren,0
i like music,0
enakku bayama irukku,1
uh hello how are you,0
main khatre mein hoon bro,1
hey main theek hoon,0
hey yaaro ennai pin thodaranga,1
call the police please,1
enakku music pidikkum!!!,0
mujhe music pasand hai please,0
NAAN AABATHIL IRUKEN,1
please help now,1
PLEASE HELP PANNUNGA,1
main khatre mein hoon please,1
enakku music pidikkum please,0
uh i like music,0
jaldi madad karo now,1
hey i am in danger,1
hey police ko bulao,1
uh i am studying,0
naan nalla iruken now,0
main padhai kar raha hoon now,0
hello how are you bro,0
main khatre mein hoon bro,1
hello how are you bro,0
main theek hoon now,0
i am in danger,1
MUJHE MUSIC PASAND HAI,0
hey i am going to college,0
naan aabathil iruken please,1
naan padikkiren bro,0
uh mujhe music pasand hai,0
YAARO ENNAI PIN THODARANGA,1
mujhe bachao!!!,1
hey naan padikkiren,0
time kya hua hai bro,0
naan college pogiren!!!,0
enakku music pidikkum bro,0
mujhe music pasand hai now,0
uh time kya hua hai,0
good morning,0
i am in danger now,1
mujhe help chahiye now,1
i feel unsafe,1
NAAN HAPPY AH IRUKEN,0
hey please help pannunga,1
call the police please,1
uh seekiram help pannunga,1
all good yaar,0
CALL THE POLICE,1
uh enakku bayama irukku,1
good morning,0
uh help karo,1
EMERGENCY HAI,1
hey i feel unsafe,1
hey emergency hai,1
please help,1
police ko bulao,1
hey mujhe bachao,1
naan nalla iruken please,0
udhavi pannunga!!!,1
YAARO ENNAI PIN THODARANGA,1
i like music bro,0
enakku bayama irukku,1
i am scared!!!,1
hello how are you,0
hey time kya hua hai,0
help venum please,1
naan college pogiren please,0
emergency ah irukku bro,1
someone is following me now,1
please help pannunga please,1
sab theek hai,0
yaaro ennai pin thodaranga please,1
I FEEL UNSAFE,1
time enna,0
uh all good yaar,0
save me please,1
seekiram help pannunga!!!,1
NAAN OK BRO,0
hey main padhai kar raha hoon,0
time kya hua hai bro,0
madad karo now,1
mujhe music pasand hai please,0
hey naan college pogiren,0
someone is following me,1
hey naan ok bro,0
chill bro,0
NAAN PADIKKIREN,0
i am in danger now,1
someone is following me!!!,1
hey i like music,0
time kya hua hai bro,0
uh help karo,1
jaldi madad karo bro,1
i am going to college please,0
time kya hua hai please,0
yaaro ennai pin thodaranga now,1
MAIN THEEK HOON,0
main college ja raha hoon please,0
yaaro ennai pin thodaranga bro,1
someone is following me!!!,1
I FEEL UNSAFE,1
main fine hoon bro now,0
call the police bro,1
uh i feel unsafe,1
enna help pannunga please,1
emergency hai!!!,1
hey main college ja raha hoon,0
ennai kappathunga please,1
uh seekiram help pannunga,1
what is the time now,0
uh main college ja raha hoon,0
uh what is the time,0
time enna bro,0
hey main fine hoon bro,0
hello how are you now,0
WHAT IS THE TIME,0
seekiram help pannunga please,1
naan padikkiren,0
help karo please,1
chill bro bro,0
good morning!!!,0
i like music bro,0
save me bro,1
someone is following me please,1
please help pannunga!!!,1
naan ok bro,0
main college ja raha hoon,0
naan nalla iruken bro,0
uh i feel unsafe,1
uh save me,1
MUJHE BACHAO,1
hey i like music,0
uh jaldi madad karo,1
naan padikkiren,0
naan college pogiren!!!,0
naan nalla iruken bro,0
hey save me,1
koi mera peecha kar raha hai!!!,1
MAIN COLLEGE JA RAHA HOON,0
uh i am scared,1
hey mujhe music pasand hai,0
time kya hua hai bro,0
jaldi madad karo!!!,1
MUJHE DAR LAG RAHA HAI,1
emergency hai please,1
uh enakku bayama irukku,1
main khatre mein hoon!!!,1
ennai kappathunga!!!,1
ENAKKU MUSIC PIDIKKUM,0
naan nalla iruken bro,0
i am in danger now,1
i am studying bro,0
MAIN COLLEGE JA RAHA HOON,0
naan college pogiren bro,0
hey main khatre mein hoon,1
madad karo!!!,1
main padhai kar raha hoon please,0
what is the time please,0
mujhe bachao!!!,1
help me!!!,1
please help!!!,1
hey koi mera peecha kar raha hai,1
yaaro ennai pin thodaranga please,1
ENNAI KAPPATHUNGA,1
police ko bulao bro,1
good morning bro,0
uh i feel unsafe,1
i am going to college now,0
seekiram help pannunga now,1
main fine hoon bro now,0
koi mera peecha kar raha hai!!!,1
naan happy ah iruken now,0
uh sab theek hai,0
uh naan aabathil iruken,1
MAIN PADHAI KAR RAHA HOON,0
I AM GOING TO COLLEGE,0
naan ok bro,0
naan nalla iruken!!!,0
i am going to college now,0
someone is following me now,1
HELP ME,1
main college ja raha hoon!!!,0
main college ja raha hoon please,0
ALL GOOD YAAR,0
uh hello how are you,0
uh main padhai kar raha hoon,0
yaaro ennai pin thodaranga!!!,1
hey naan aabathil iruken,1
ennai kappathunga now,1
what is the time please,0
what is the time please,0
what is the time,0
enakku music pidikkum bro,0
hello how are you now,0
hey main padhai kar raha hoon,0
police ah koopdunga please,1
what is the time now,0
i am going to college!!!,0
mujhe dar lag raha hai please,1
what is the time!!!,0
I AM STUDYING,0
enna help pannunga now,1
yaaro ennai pin thodaranga,1
please help please,1
i feel unsafe now,1
uh i am scared,1
GOOD MORNING,0
MAIN COLLEGE JA RAHA HOON,0
NAAN NALLA IRUKEN,0
good morning bro,0
i feel unsafe,1
time kya hua hai now,0
UDHAVI PANNUNGA,1
MUJHE MUSIC PASAND HAI,0
please madad karo bro,1
naan college pogiren please,0
save me!!!,1
naan nalla iruken!!!,0
what is the time!!!,0
naan happy ah iruken!!!,0
enakku music pidikkum please,0
i am in danger now,1
naan ok bro now,0
uh someone is following me,1
main khatre mein hoon bro,1
someone is following me now,1
uh naan aabathil iruken,1
i am going to college bro,0
uh naan happy ah iruken,0
main college ja raha hoon please,0
uh good morning,0
i like music please,0
naan aabathil iruken!!!,1
mujhe music pasand hai,0
uh main fine hoon bro,0
police ah koopdunga!!!,1
time enna bro,0
uh bhai help karo,1
seekiram help pannunga now,1
main theek hoon now,0
uh i am studying,0
hey naan nalla iruken,0
time kya hua hai please,0
mujhe music pasand hai bro,0
NAAN COLLEGE POGIREN,0
i am going to college please,0
GOOD MORNING,0
save me bro,1
main padhai kar raha hoon!!!,0
i am studying now,0
save me now,1
main theek hoon bro,0
udhavi pannunga please,1
mujhe help chahiye please,1
i am scared please,1
uh i am studying,0
TIME ENNA,0
i am going to college!!!,0
hey udhavi pannunga,1
police ah koopdunga now,1
yaaro ennai pin thodaranga please,1
MAIN COLLEGE JA RAHA HOON,0
uh main theek hoon,0
time kya hua hai please,0
naan aabathil iruken now,1
uh ennai kappathunga,1
hello how are you please,0
enakku bayama irukku!!!,1
someone is following me now,1
emergency hai bro,1
jaldi madad karo!!!,1
all good yaar,0
KOI MERA PEECHA KAR RAHA HAI,1
i like music!!!,0
i am scared bro,1
hey time enna,0
hey naan nalla iruken,0
hey police ko bulao,1
call the police please,1
hey time kya hua hai,0
i like music,0
uh mujhe bachao,1
seekiram help pannunga now,1
uh mujhe help chahiye,1
MAIN FINE HOON BRO,0
main khatre mein hoon,1
good morning!!!,0
good morning!!!,0
naan aabathil iruken now,1
good morning!!!,0
naan happy ah iruken bro,0
naan padikkiren please,0
uh mujhe dar lag raha hai,1
jaldi madad karo!!!,1
hey save me,1
TIME ENNA,0
MADAD KARO,1
NAAN OK BRO,0
hey i like music,0
mujhe bachao,1
mujhe dar lag raha hai!!!,1
hey call the police,1
ennai kappathunga!!!,1
hey jaldi madad karo,1
hello how are you,0
please madad karo!!!,1
mujhe dar lag raha hai!!!,1
main college ja raha hoon now,0
WHAT IS THE TIME,0
what is the time now,0
uh naan college pogiren,0
main college ja raha hoon,0
please help please,1
uh jaldi madad karo,1
hey main khatre mein hoon,1
hello how are you!!!,0
main padhai kar raha hoon please,0
main theek hoon!!!,0
main khatre mein hoon please,1
good morning bro,0
police ko bulao please,1
NAAN COLLEGE POGIREN,0
HELP VENUM,1
i am in danger!!!,1
hey main padhai kar raha hoon,0
hey mujhe dar lag raha hai,1
hello how are you now,0
save me!!!,1
NAAN HAPPY AH IRUKEN,0
MUJHE MUSIC PASAND HAI,0
main college ja raha hoon bro,0
emergency ah irukku bro,1
naan ok bro bro,0
enakku music pidikkum now,0
jaldi madad karo now,1
hey main khatre mein hoon,1
hey main fine hoon bro,0
uh main padhai kar raha hoon,0
jaldi madad karo please,1
please help pannunga,1
hey good morning,0
uh bhai help karo,1
someone is following me,1
good morning,0
hey sab theek hai,0
mujhe bachao now,1
police ko bulao bro,1
hey police ah koopdunga,1
naan aabathil iruken please,1
uh mujhe music pasand hai,0
hey hello how are you,0
uh jaldi madad karo,1
uh time kya hua hai,0
please madad karo now,1
naan nalla iruken,0
hey naan ok bro,0
ennai kappathunga now,1
naan padikkiren!!!,0
hey good morning,0
enakku music pidikkum now,0
SEEKIRAM HELP PANNUNGA,1
help karo!!!,1
what is the time please,0
help me please,1
hey time enna,0
hello how are you bro,0
mujhe music pasand hai please,0
hey help venum,1
uh naan nalla iruken,0
time kya hua hai!!!,0
what is the time bro,0
emergency ah irukku now,1
main college ja raha hoon!!!,0
uh chill bro,0
mujhe dar lag raha hai,1
save me!!!,1
i am scared!!!,1
time enna!!!,0
naan aabathil iruken!!!,1
someone is following me please,1
hey madad karo,1
HELP ME,1
main college ja raha hoon!!!,0
i am studying,0
uh hello how are you,0
good morning now,0
i am going to college bro,0
enakku bayama irukku please,1
I AM STUDYING,0
main khatre mein hoon,1
hey ennai kappathunga,1
main college ja raha hoon!!!,0
i like music please,0
i like music now,0
I AM FINE,0
hey main college ja raha hoon,0
main khatre mein hoon!!!,1
i am scared please,1
someone is following me please,1
uh please help pannunga,1
call the police now,1
hey mujhe music pasand hai,0
time enna please,0
SOMEONE IS FOLLOWING ME,1
i am in danger!!!,1
i am in danger!!!,1
hey save me,1
hey what is the time,0
good morning!!!,0
hey udhavi pannunga,1
naan nalla iruken bro,0
GOOD MORNING,0
SAB THEEK HAI,0
call the police!!!,1
hey i am studying,0
koi mera peecha kar raha hai!!!,1
I AM SCARED,1
main college ja raha hoon,0
hey naan padikkiren,0
MADAD KARO,1
what is the time!!!,0
naan padikkiren!!!,0
yaaro ennai pin thodaranga,1
enakku music pidikkum now,0
naan college pogiren now,0
chill bro!!!,0
naan nalla iruken!!!,0
uh mujhe music pasand hai,0
enakku music pidikkum now,0
i am in danger!!!,1
udhavi pannunga!!!,1
I LIKE MUSIC,0
naan padikkiren please,0
emergency hai!!!,1
seekiram help pannunga now,1
uh udhavi pannunga,1
i am studying!!!,0
uh help me,1
madad karo now,1
naan aabathil iruken,1
good morning bro,0
yaaro ennai pin thodaranga bro,1
hey naan nalla iruken,0
hello how are you now,0
main padhai kar raha hoon!!!,0
main khatre mein hoon bro,1
time kya hua hai bro,0
enakku music pidikkum now,0
emergency ah irukku!!!,1
main fine hoon bro bro,0
koi mera peecha kar raha hai,1
main padhai kar raha hoon now,0
i am studying now,0
hey hello how are you,0
someone is following me,1
madad karo please,1
police ko bulao now,1
i am scared!!!,1
what is the time,0
good morning,0
sab theek hai now,0
seekiram help pannunga!!!,1
POLICE AH KOOPDUNGA,1
hey naan college pogiren,0
mujhe music pasand hai now,0
hey naan padikkiren,0
main college ja raha hoon,0
hello how are you please,0
time enna please,0
time kya hua hai,0
enna help pannunga bro,1
i like music now,0
koi mera peecha kar raha hai please,1
i feel unsafe!!!,1
naan college pogiren please,0
emergency ah irukku now,1
what is the time please,0
i am studying now,0
hey koi mera peecha kar raha hai,1
all good yaar please,0
uh naan padikkiren,0
mujhe music pasand hai bro,0
time enna,0
seekiram help pannunga bro,1
ENAKKU MUSIC PIDIKKUM,0
good morning,0
i am going to college!!!,0
naan college pogiren!!!,0
POLICE AH KOOPDUNGA,1
i am in danger now,1
koi mera peecha kar raha hai,1
naan aabathil iruken!!!,1
hey naan padikkiren,0
enakku bayama irukku please,1
ennai kappathunga bro,1
main padhai kar raha hoon now,0
SOMEONE IS FOLLOWING ME,1
uh police ko bulao,1
EMERGENCY AH IRUKKU,1
help me now,1
bhai help karo now,1
good morning now,0
hey seekiram help pannunga,1
bhai help karo now,1
hey naan nalla iruken,0
ENAKKU MUSIC PIDIKKUM,0
i like music bro,0
enakku music pidikkum please,0
EMERGENCY HAI,1
enakku bayama irukku bro,1
yaaro ennai pin thodaranga now,1
madad karo bro,1
uh udhavi pannunga,1
police ah koopdunga!!!,1
uh time enna,0
jaldi madad karo bro,1
main padhai kar raha hoon now,0
i am fine,0
main theek hoon now,0
hey yaaro ennai pin thodaranga,1
hey mujhe dar lag raha hai,1
what is the time please,0
MAIN FINE HOON BRO,0
uh i am scared,1
save me now,1
uh emergency hai,1
i am fine!!!,0
uh naan ok bro,0
enna help pannunga please,1
uh koi mera peecha kar raha hai,1
uh madad karo,1
what is the time bro,0
EMERGENCY AH IRUKKU,1
JALDI MADAD KARO,1
i am fine please,0
please help bro,1
good morning bro,0
i like music,0
mujhe bachao,1
uh naan padikkiren,0
naan aabathil iruken now,1
I AM GOING TO COLLEGE,0
naan college pogiren!!!,0
naan ok bro,0
jaldi madad karo,1
hey madad karo,1
enakku music pidikkum,0
time kya hua hai bro,0
emergency ah irukku now,1
call the police!!!,1
TIME KYA HUA HAI,0
uh police ko bulao,1
hey hello how are you,0
good morning now,0
MUJHE BACHAO,1
hello how are you!!!,0
please madad karo,1
hey i am studying,0
what is the time!!!,0
hey what is the time,0
mujhe bachao!!!,1
MAIN KHATRE MEIN HOON,1
uh what is the time,0
uh time enna,0
help me,1
i feel unsafe!!!,1
main college ja raha hoon,0
hey mujhe music pasand hai,0
i am scared,1
emergency ah irukku!!!,1
hey someone is following me,1
enna help pannunga please,1
emergency hai!!!,1
i am going to college please,0
main college ja raha hoon!!!,0
please madad karo!!!,1
please help bro,1
good morning please,0
uh main padhai kar raha hoon,0
uh main fine hoon bro,0
i like music,0
seekiram help pannunga please,1
i am studying,0
MAIN PADHAI KAR RAHA HOON,0
i feel unsafe please,1
mujhe bachao please,1
naan college pogiren!!!,0
mujhe music pasand hai bro,0
emergency ah irukku!!!,1
ENAKKU MUSIC PIDIKKUM,0
call the police bro,1
naan college pogiren,0
yaaro ennai pin thodaranga,1
hey enakku bayama irukku,1
naan padikkiren now,0
good morning,0
ennai kappathunga now,1
police ah koopdunga bro,1
jaldi madad karo please,1
time enna bro,0
police ah koopdunga!!!,1
main college ja raha hoon!!!,0
uh save me,1
mujhe bachao,1
madad karo now,1
i am studying bro,0
time enna now,0
SOMEONE IS FOLLOWING ME,1
what is the time please,0
naan nalla iruken,0
uh emergency ah irukku,1
hey police ah koopdunga,1
naan college pogiren,0
naan nalla iruken,0
hey main theek hoon,0
naan padikkiren now,0
i am fine!!!,0
mujhe music pasand hai bro,0
call the police now,1
hey emergency ah irukku,1
someone is following me please,1
naan happy ah iruken bro,0
I AM GOING TO COLLEGE,0
MAIN FINE HOON BRO,0
udhavi pannunga bro,1
hey all good yaar,0
uh i am studying,0
jaldi madad karo now,1
sab theek hai please,0
hey enakku bayama irukku,1
main khatre mein hoon,1
hey please help,1
CALL THE POLICE,1
yaaro ennai pin thodaranga,1
hey good morning,0
PLEASE HELP PANNUNGA,1
uh enakku music pidikkum,0
I LIKE MUSIC,0
uh naan padikkiren,0
call the police!!!,1
hello how are you!!!,0
hey police ko bulao,1
main college ja raha hoon!!!,0
i am in danger,1
main theek hoon,0
main khatre mein hoon now,1
enakku music pidikkum please,0
main college ja raha hoon!!!,0
uh main khatre mein hoon,1
hello how are you bro,0
udhavi pannunga!!!,1
i like music bro,0
naan nalla iruken now,0
please madad karo now,1
good morning please,0
help venum!!!,1
yaaro ennai pin thodaranga now,1
SOMEONE IS FOLLOWING ME,1
what is the time please,0
UDHAVI PANNUNGA,1
help me!!!,1
i am studying!!!,0
please help pannunga!!!,1
udhavi pannunga bro,1
call the police bro,1
emergency ah irukku!!!,1
koi mera peecha kar raha hai please,1
hey naan aabathil iruken,1
ennai kappathunga please,1
main padhai kar raha hoon now,0
uh mujhe bachao,1
main padhai kar raha hoon now,0
what is the time please,0
ennai kappathunga please,1
save me please,1
emergency ah irukku please,1
HELLO HOW ARE YOU,0
ennai kappathunga!!!,1
someone is following me bro,1
uh mujhe music pasand hai,0
mujhe music pasand hai now,0
please help,1
time kya hua hai please,0
call the police!!!,1
I AM FINE,0
I AM GOING TO COLLEGE,0
uh yaaro ennai pin thodaranga,1
chill bro,0
mujhe bachao bro,1
main padhai kar raha hoon please,0
seekiram help pannunga please,1
police ah koopdunga,1
hey good morning,0
time enna now,0
naan aabathil iruken please,1
hey i am going to college,0
time enna please,0
EMERGENCY AH IRUKKU,1
chill bro now,0
help venum please,1
hey police ko bulao,1
i am fine!!!,0
emergency ah irukku,1
chill bro bro,0
main padhai kar raha hoon!!!,0
uh help karo,1
mujhe help chahiye bro,1
i am in danger now,1
hey save me,1
main padhai kar raha hoon please,0
uh enakku music pidikkum,0
uh mujhe bachao,1
MUJHE BACHAO,1
good morning!!!,0
help me bro,1
i am fine,0
enakku music pidikkum!!!,0
uh mujhe bachao,1
save me,1
uh i am fine,0
uh i am in danger,1
mujhe music pasand hai please,0
udhavi pannunga!!!,1
hey all good yaar,0
jaldi madad karo,1
good morning now,0
hey good morning,0
time kya hua hai!!!,0
uh i am fine,0
jaldi madad karo,1
uh good morning,0
uh someone is following me,1
yaaro ennai pin thodaranga bro,1
bhai help karo bro,1
sab theek hai!!!,0
enakku music pidikkum,0
police ah koopdunga bro,1
someone is following me now,1
ALL GOOD YAAR,0
naan aabathil iruken bro,1
HELLO HOW ARE YOU,0
chill bro bro,0
uh help me,1
good morning,0
help venum please,1
enakku bayama irukku!!!,1
EMERGENCY HAI,1
mujhe music pasand hai please,0
PLEASE MADAD KARO,1
save me bro,1
hey time kya hua hai,0
mujhe music pasand hai!!!,0
main fine hoon bro please,0
udhavi pannunga now,1
hey i like music,0
i like music,0
hello how are you,0
hey main theek hoon,0
good morning bro,0
udhavi pannunga please,1
mujhe bachao!!!,1
hey ennai kappathunga,1
time kya hua hai please,0
hey seekiram help pannunga,1
hey yaaro ennai pin thodaranga,1
hey ennai kappathunga,1
i like music please,0
i am scared!!!,1
hello how are you now,0
i am fine now,0
MAIN FINE HOON BRO,0
enakku music pidikkum now,0
main padhai kar raha hoon,0
naan college pogiren bro,0
hello how are you,0
please madad karo!!!,1
naan college pogiren bro,0
i like music!!!,0
good morning!!!,0
KOI MERA PEECHA KAR RAHA HAI,1
hey naan padikkiren,0
naan college pogiren please,0
what is the time,0
seekiram help pannunga now,1
jaldi madad karo please,1
hey enakku music pidikkum,0
i am studying now,0
PLEASE HELP,1
hey naan college pogiren,0
uh main padhai kar raha hoon,0
uh i am going to college,0
uh main khatre mein hoon,1
uh good morning,0
uh enakku bayama irukku,1
hey good morning,0
NAAN PADIKKIREN,0
uh naan padikkiren,0
hey i am studying,0
hey naan aabathil iruken,1
I AM SCARED,1
ennai kappathunga!!!,1
uh koi mera peecha kar raha hai,1
someone is following me!!!,1
please help!!!,1
someone is following me now,1
ENAKKU BAYAMA IRUKKU,1
uh main theek hoon,0
uh enakku bayama irukku,1
enakku music pidikkum,0
yaaro ennai pin thodaranga please,1
emergency hai please,1
NAAN HAPPY AH IRUKEN,0
help me!!!,1
help me bro,1
uh emergency hai,1
hey mujhe music pasand hai,0
please help bro,1
main padhai kar raha hoon please,0
udhavi pannunga please,1
please help pannunga bro,1
uh mujhe bachao,1
naan college pogiren!!!,0
I FEEL UNSAFE,1
MAIN FINE HOON BRO,0
emergency ah irukku bro,1
i am going to college!!!,0
GOOD MORNING,0
time enna please,0
naan happy ah iruken!!!,0
save me,1
hey good morning,0
uh police ah koopdunga,1
hey please help pannunga,1
hey enakku bayama irukku,1
HELP ME,1
i like music!!!,0
police ko bulao please,1
uh mujhe music pasand hai,0
naan padikkiren now,0
uh what is the time,0
sab theek hai,0
i am going to college please,0
naan aabathil iruken,1
seekiram help pannunga now,1
madad karo please,1
hey main theek hoon,0
mujhe music pasand hai!!!,0
koi mera peecha kar raha hai please,1
UDHAVI PANNUNGA,1
i am scared,1
MAIN PADHAI KAR RAHA HOON,0
naan aabathil iruken,1
uh good morning,0
main college ja raha hoon please,0
MAIN KHATRE MEIN HOON,1
uh call the police,1
what is the time please,0
naan college pogiren!!!,0
I FEEL UNSAFE,1
uh emergency hai,1
mujhe dar lag raha hai!!!,1
main college ja raha hoon now,0
HELLO HOW ARE YOU,0
MADAD KARO,1
hello how are you,0
time enna!!!,0
koi mera peecha kar raha hai now,1
naan ok bro bro,0
main fine hoon bro please,0
hey please help,1
i am going to college,0
time kya hua hai please,0
police ko bulao bro,1
hey emergency ah irukku,1
i am studying now,0
seekiram help pannunga please,1
naan college pogiren bro,0
ENNAI KAPPATHUNGA,1
i am scared now,1
naan ok bro!!!,0
police ah koopdunga,1
koi mera peecha kar raha hai now,1
hey save me,1
hey main theek hoon,0
hey someone is following me,1
KOI MERA PEECHA KAR RAHA HAI,1
ENAKKU BAYAMA IRUKKU,1
emergency hai please,1
call the police please,1
i am going to college please,0
I AM IN DANGER,1
koi mera peecha kar raha hai please,1
main theek hoon now,0
help me!!!,1
I AM IN DANGER,1
please help now,1
i am scared now,1
main theek hoon bro,0
i am going to college bro,0
i am fine please,0
i am fine bro,0
sab theek hai please,0
ENNAI KAPPATHUNGA,1
naan padikkiren please,0
please help,1
main padhai kar raha hoon!!!,0
uh call the police,1
hey i am studying,0
hey emergency ah irukku,1
naan happy ah iruken bro,0
koi mera peecha kar raha hai,1
i like music,0
naan padikkiren!!!,0
mujhe music pasand hai,0
time enna now,0
hey main theek hoon,0
i am in danger now,1
i am studying bro,0
enakku bayama irukku please,1
hey i am fine,0
EMERGENCY AH IRUKKU,1
hey police ko bulao,1
bhai help karo,1
good morning,0
mujhe bachao bro,1
emergency hai,1
please help!!!,1
good morning now,0
hey naan aabathil iruken,1
main college ja raha hoon!!!,0
hey i am studying,0
hey naan happy ah iruken,0
GOOD MORNING,0
udhavi pannunga bro,1
what is the time now,0
police ko bulao bro,1
uh i am studying,0
naan ok bro please,0
police ko bulao now,1
naan nalla iruken now,0
hello how are you,0
naan nalla iruken now,0
uh main khatre mein hoon,1
hey good morning,0
i am in danger please,1
please help bro,1
emergency hai!!!,1
hey i like music,0
emergency hai now,1
i am going to college,0
uh naan nalla iruken,0
MAIN KHATRE MEIN HOON,1
main fine hoon bro,0
udhavi pannunga please,1
NAAN HAPPY AH IRUKEN,0
main padhai kar raha hoon now,0
I AM SCARED,1
what is the time now,0
uh i am scared,1
jaldi madad karo please,1
call the police,1
main theek hoon now,0
mujhe bachao please,1
NAAN AABATHIL IRUKEN,1
madad karo,1
yaaro ennai pin thodaranga now,1
good morning now,0
uh mujhe dar lag raha hai,1
enakku music pidikkum please,0
hey call the police,1
KOI MERA PEECHA KAR RAHA HAI,1
MUJHE DAR LAG RAHA HAI,1
save me!!!,1
mujhe dar lag raha hai bro,1
save me!!!,1
uh main khatre mein hoon,1
call the police please,1
i feel unsafe please,1
naan padikkiren bro,0
main college ja raha hoon now,0
help venum now,1
I AM STUDYING,0
naan padikkiren now,0
hey naan happy ah iruken,0
uh time enna,0
main khatre mein hoon please,1
uh i am studying,0
hey i like music,0
uh i am fine,0
hey naan nalla iruken,0
yaaro ennai pin thodaranga,1
hey help me,1
koi mera peecha kar raha hai bro,1
EMERGENCY AH IRUKKU,1
naan padikkiren please,0
naan nalla iruken please,0
time kya hua hai please,0
police ko bulao!!!,1
naan padikkiren now,0
help me!!!,1
hey help me,1
i am going to college bro,0
hey hello how are you,0
enakku bayama irukku bro,1
good morning!!!,0
good morning,0
call the police bro,1
uh please help,1
time kya hua hai now,0
hey emergency hai,1
uh i am going to college,0
I AM GOING TO COLLEGE,0
time kya hua hai!!!,0
someone is following me now,1
bhai help karo please,1
enna help pannunga bro,1
save me,1
call the police,1
mujhe dar lag raha hai,1
mujhe music pasand hai now,0
what is the time bro,0
hey call the police,1
sab theek hai bro,0
hey what is the time,0
koi mera peecha kar raha hai please,1
i am going to college,0
MUJHE DAR LAG RAHA HAI,1
i am fine bro,0
koi mera peecha kar raha hai,1
main padhai kar raha hoon now,0
hey what is the time,0
hey madad karo,1
i am scared please,1
ENAKKU BAYAMA IRUKKU,1
uh i feel unsafe,1
naan nalla iruken please,0
naan padikkiren bro,0
main college ja raha hoon!!!,0
save me!!!,1
emergency ah irukku please,1
hey please help,1
main padhai kar raha hoon bro,0
bhai help karo now,1
naan padikkiren bro,0
uh emergency hai,1
hey time kya hua hai,0
uh jaldi madad karo,1
i am scared,1
hey main theek hoon,0
GOOD MORNING,0
help me!!!,1
NAAN PADIKKIREN,0
TIME KYA HUA HAI,0
madad karo please,1
uh naan padikkiren,0
hello how are you bro,0
POLICE AH KOOPDUNGA,1
i am scared!!!,1
naan nalla iruken please,0
hey emergency hai,1
time kya hua hai please,0
hey mujhe dar lag raha hai,1
i am studying bro,0
help me,1
naan college pogiren bro,0
I LIKE MUSIC,0
help me bro,1
call the police please,1
TIME KYA HUA HAI,0
help venum please,1
good morning please,0
please help please,1
hey seekiram help pannunga,1
mujhe bachao now,1
uh help karo,1
mujhe bachao bro,1
bhai help karo!!!,1
hey main padhai kar raha hoon,0
uh mujhe dar lag raha hai,1
uh time enna,0
MADAD KARO,1
time kya hua hai,0
WHAT IS THE TIME,0
main padhai kar raha hoon!!!,0
hey main khatre mein hoon,1
UDHAVI PANNUNGA,1
time kya hua hai,0
i am fine please,0
police ko bulao please,1
i am going to college,0
i am in danger,1
jaldi madad karo bro,1
call the police,1
i am fine bro,0
good morning!!!,0
main college ja raha hoon please,0
hey naan nalla iruken,0
hey naan padikkiren,0
good morning bro,0
MAIN KHATRE MEIN HOON,1
hello how are you,0
i am fine please,0
uh hello how are you,0
hey naan nalla iruken,0
naan nalla iruken,0
hey i am studying,0
madad karo now,1
enakku music pidikkum please,0
naan nalla iruken now,0
main padhai kar raha hoon!!!,0
hey good morning,0
hey naan nalla iruken,0
i am fine!!!,0
mujhe music pasand hai bro,0
i like music bro,0
enakku music pidikkum!!!,0
main padhai kar raha hoon,0
naan nalla iruken!!!,0
uh good morning,0
yaaro ennai pin thodaranga please,1
enakku bayama irukku now,1
uh main padhai kar raha hoon,0
all good yaar please,0
NAAN COLLEGE POGIREN,0
hey mujhe dar lag raha hai,1
enna help pannunga,1
police ah koopdunga bro,1
naan nalla iruken now,0
ENAKKU BAYAMA IRUKKU,1
naan college pogiren please,0
mujhe music pasand hai now,0
uh police ko bulao,1
what is the time!!!,0
chill bro bro,0
hey koi mera peecha kar raha hai,1
hey naan aabathil iruken,1
naan nalla iruken bro,0
i am studying!!!,0
i am fine!!!,0
call the police,1
mujhe help chahiye please,1
main padhai kar raha hoon bro,0
hello how are you please,0
i am going to college bro,0
main padhai kar raha hoon,0
help venum,1
please help pannunga now,1
uh i am fine,0
uh help venum,1
naan college pogiren now,0
i am studying,0
hey naan college pogiren,0
seekiram help pannunga please,1
naan padikkiren,0
hey police ah koopdunga,1
help me please,1
main khatre mein hoon,1
uh what is the time,0
emergency hai bro,1
naan college pogiren,0
time enna now,0
police ko bulao now,1
hey i am in danger,1
i am fine!!!,0
I AM SCARED,1
I AM FINE,0
i like music bro,0
MAIN KHATRE MEIN HOON,1
i am fine bro,0
hey i am studying,0
emergency hai bro,1
uh enakku bayama irukku,1
UDHAVI PANNUNGA,1
naan padikkiren!!!,0
naan ok bro!!!,0
madad karo now,1
i am going to college please,0
emergency hai,1
koi mera peecha kar raha hai!!!,1
time kya hua hai!!!,0
PLEASE HELP,1
i am scared now,1
hey time enna,0
NAAN AABATHIL IRUKEN,1
main khatre mein hoon!!!,1
yaaro ennai pin thodaranga now,1
naan college pogiren bro,0
uh seekiram help pannunga,1
i like music,0
help venum now,1
uh mujhe bachao,1
enakku music pidikkum,0
save me,1
main khatre mein hoon now,1
time kya hua hai please,0
i feel unsafe,1
uh i am studying,0
mujhe help chahiye please,1
main theek hoon now,0
all good yaar,0
enakku music pidikkum please,0
what is the time,0
udhavi pannunga!!!,1
uh i am studying,0
MUJHE MUSIC PASAND HAI,0
chill bro bro,0
MAIN COLLEGE JA RAHA HOON,0
MUJHE HELP CHAHIYE,1
hey jaldi madad karo,1
main khatre mein hoon now,1
hey enakku music pidikkum,0
madad karo now,1
hey someone is following me,1
enakku bayama irukku bro,1
main khatre mein hoon now,1
i am studying now,0
call the police,1
enakku music pidikkum!!!,0
uh naan padikkiren,0
hey time enna,0
hey please madad karo,1
enakku bayama irukku bro,1
HELP KARO,1
mujhe help chahiye now,1
enakku music pidikkum!!!,0
emergency hai,1
hey good morning,0
i am going to college now,0
mujhe music pasand hai please,0
hey ennai kappathunga,1
hey main college ja raha hoon,0
udhavi pannunga bro,1
uh good morning,0
save me please,1
i am studying,0
good morning please,0
emergency hai bro,1
time enna bro,0
please help,1
seekiram help pannunga bro,1
call the police,1
naan padikkiren!!!,0
MAIN COLLEGE JA RAHA HOON,0
emergency ah irukku now,1
i am scared!!!,1
i like music please,0
NAAN NALLA IRUKEN,0
hey naan aabathil iruken,1
I LIKE MUSIC,0
HELLO HOW ARE YOU,0
time kya hua hai bro,0
i am fine bro,0
hey i am going to college,0
uh good morning,0
uh time enna,0
uh naan college pogiren,0
uh call the police,1
uh good morning,0
main college ja raha hoon now,0
main college ja raha hoon,0
hello how are you now,0
NAAN AABATHIL IRUKEN,1
i am fine,0
naan aabathil iruken bro,1
i am in danger!!!,1
i am scared please,1
hey what is the time,0
uh mujhe music pasand hai,0
police ah koopdunga bro,1
hey main college ja raha hoon,0
enakku music pidikkum bro,0
SAVE ME,1
police ah koopdunga!!!,1
uh time kya hua hai,0
police ko bulao,1
seekiram help pannunga now,1
SOMEONE IS FOLLOWING ME,1
uh naan aabathil iruken,1
madad karo now,1
uh naan ok bro,0
please madad karo now,1
uh all good yaar,0
naan padikkiren!!!,0
uh udhavi pannunga,1
naan happy ah iruken please,0
someone is following me,1
uh emergency hai,1
naan aabathil iruken!!!,1
good morning please,0
main college ja raha hoon,0
uh naan padikkiren,0
call the police now,1
main college ja raha hoon,0
emergency hai!!!,1
ennai kappathunga now,1
i am in danger bro,1
please help pannunga,1
hey enna help pannunga,1
main college ja raha hoon bro,0
naan aabathil iruken now,1
KOI MERA PEECHA KAR RAHA HAI,1
hey time enna,0
good morning!!!,0
time kya hua hai,0
chill bro!!!,0
police ah koopdunga now,1
help venum now,1
madad karo please,1
mujhe dar lag raha hai please,1
naan padikkiren!!!,0
YAARO ENNAI PIN THODARANGA,1
i am studying,0
help venum!!!,1
hey please help,1
good morning!!!,0
I AM SCARED,1
help venum!!!,1
MUJHE HELP CHAHIYE,1
uh madad karo,1
naan ok bro,0
hey koi mera peecha kar raha hai,1
ennai kappathunga,1
mujhe music pasand hai please,0
POLICE KO BULAO,1
i am going to college now,0
main college ja raha hoon!!!,0
enakku music pidikkum,0
i am in danger bro,1
I AM GOING TO COLLEGE,0
I AM FINE,0
call the police!!!,1
hey naan padikkiren,0
sab theek hai bro,0
i am studying!!!,0
naan nalla iruken now,0
sab theek hai please,0
police ko bulao!!!,1
naan aabathil iruken please,1
SOMEONE IS FOLLOWING ME,1
seekiram help pannunga bro,1
time enna bro,0
hey naan college pogiren,0
hey mujhe music pasand hai,0
udhavi pannunga!!!,1
i am fine please,0
hey time kya hua hai,0
NAAN NALLA IRUKEN,0
MUJHE HELP CHAHIYE,1
main padhai kar raha hoon bro,0
naan padikkiren now,0
main theek hoon now,0
uh naan ok bro,0
ENNAI KAPPATHUNGA,1
enakku music pidikkum now,0
hey jaldi madad karo,1
hey someone is following me,1
hey madad karo,1
main college ja raha hoon,0
good morning please,0
uh mujhe help chahiye,1
help me,1
main padhai kar raha hoon bro,0
MUJHE BACHAO,1
hey main college ja raha hoon,0
uh naan nalla iruken,0
emergency ah irukku bro,1
uh good morning,0
uh time enna,0
uh udhavi pannunga,1
hey enakku bayama irukku,1
hey jaldi madad karo,1
someone is following me please,1
uh mujhe music pasand hai,0
what is the time now,0
emergency ah irukku please,1
jaldi madad karo,1
emergency hai now,1
mujhe music pasand hai please,0
hello how are you!!!,0
chill bro!!!,0
hey i am fine,0
hey jaldi madad karo,1
udhavi pannunga now,1
HELLO HOW ARE YOU,0
hey emergency ah irukku,1
ennai kappathunga please,1
uh mujhe help chahiye,1
i am studying please,0
i am in danger now,1
ENAKKU BAYAMA IRUKKU,1
main college ja raha hoon,0
I LIKE MUSIC,0
enakku music pidikkum bro,0
i am studying!!!,0
what is the time please,0
good morning,0
main padhai kar raha hoon please,0
hey help me,1
main theek hoon!!!,0
save me!!!,1
hey hello how are you,0
mujhe music pasand hai!!!,0
uh koi mera peecha kar raha hai,1
hey main theek hoon,0
someone is following me!!!,1
i like music bro,0
yaaro ennai pin thodaranga!!!,1
TIME ENNA,0
enakku music pidikkum!!!,0
hey please help pannunga,1
naan nalla iruken,0
naan padikkiren now,0
enakku bayama irukku please,1
hey i am going to college,0
TIME ENNA,0
UDHAVI PANNUNGA,1
naan padikkiren please,0
hello how are you now,0
i am going to college!!!,0
i feel unsafe bro,1
naan nalla iruken,0
hey i am fine,0
uh bhai help karo,1
mujhe bachao now,1
naan aabathil iruken bro,1
hey i feel unsafe,1
I AM GOING TO COLLEGE,0
main khatre mein hoon now,1
enakku music pidikkum!!!,0
save me please,1
PLEASE HELP,1
KOI MERA PEECHA KAR RAHA HAI,1
i feel unsafe,1
EMERGENCY AH IRUKKU,1
GOOD MORNING,0
help venum bro,1
POLICE AH KOOPDUNGA,1
hey naan ok bro,0
emergency ah irukku please,1
uh naan padikkiren,0
ENNA HELP PANNUNGA,1
uh please help,1
naan nalla iruken!!!,0
hey help karo,1
i am in danger,1
NAAN NALLA IRUKEN,0
save me please,1
uh time kya hua hai,0
hey good morning,0
uh save me,1
what is the time please,0
WHAT IS THE TIME,0
time kya hua hai,0
seekiram help pannunga please,1
time enna bro,0
bhai help karo now,1
hey i like music,0
hello how are you!!!,0
all good yaar,0
enakku music pidikkum please,0
main college ja raha hoon please,0
uh please madad karo,1
what is the time!!!,0
i am fine bro,0
hey bhai help karo,1
police ah koopdunga bro,1
please madad karo,1
i am studying bro,0
uh i am going to college,0
udhavi pannunga now,1
hey seekiram help pannunga,1
uh someone is following me,1
uh naan nalla iruken,0
help me please,1
all good yaar bro,0
i am studying now,0
uh call the police,1
save me now,1
mujhe bachao bro,1
please help please,1
hey emergency ah irukku,1
bhai help karo bro,1
hey main padhai kar raha hoon,0
please madad karo now,1
help venum please,1
enakku music pidikkum!!!,0
police ko bulao!!!,1
i am studying bro,0
uh jaldi madad karo,1
SEEKIRAM HELP PANNUNGA,1
mujhe bachao bro,1
seekiram help pannunga!!!,1
police ah koopdunga bro,1
uh chill bro,0
YAARO ENNAI PIN THODARANGA,1
yaaro ennai pin thodaranga please,1
seekiram help pannunga bro,1
NAAN PADIKKIREN,0
uh naan nalla iruken,0
MAIN KHATRE MEIN HOON,1
WHAT IS THE TIME,0
koi mera peecha kar raha hai bro,1
please madad karo,1
MAIN THEEK HOON,0
i like music,0
NAAN OK BRO,0
hey emergency ah irukku,1
i am studying now,0
i like music now,0
main khatre mein hoon now,1
please help,1
main khatre mein hoon,1
time kya hua hai please,0
mujhe music pasand hai now,0
I AM GOING TO COLLEGE,0
i am in danger!!!,1
main khatre mein hoon bro,1
mujhe bachao now,1
uh mujhe help chahiye,1
main college ja raha hoon please,0
emergency hai please,1
naan college pogiren bro,0
MAIN FINE HOON BRO,0
someone is following me please,1
main padhai kar raha hoon!!!,0
koi mera peecha kar raha hai!!!,1
i am fine please,0
main khatre mein hoon,1
mujhe music pasand hai!!!,0
uh yaaro ennai pin thodaranga,1
PLEASE HELP,1
uh time kya hua hai,0
NAAN PADIKKIREN,0
emergency ah irukku now,1
hey police ah koopdunga,1
NAAN OK BRO,0
please help pannunga,1
hey naan aabathil iruken,1
uh main khatre mein hoon,1
main padhai kar raha hoon,0
uh emergency hai,1
enakku music pidikkum now,0
hey main college ja raha hoon,0
seekiram help pannunga now,1
main khatre mein hoon bro,1
uh i am in danger,1
HELLO HOW ARE YOU,0
police ko bulao now,1
i am studying please,0
i am scared please,1
main theek hoon!!!,0
uh naan aabathil iruken,1
hey time kya hua hai,0
CALL THE POLICE,1
please help!!!,1
hey hello how are you,0
hey time kya hua hai,0
GOOD MORNING,0
main theek hoon!!!,0
I AM FINE,0
save me now,1
UDHAVI PANNUNGA,1
i am studying,0
time enna bro,0
uh naan nalla iruken,0
hey i am going to college,0
hey main theek hoon,0
udhavi pannunga!!!,1
hey main college ja raha hoon,0
main college ja raha hoon!!!,0
enakku bayama irukku!!!,1
uh time kya hua hai,0
call the police now,1
help me now,1
uh i am going to college,0
i am studying please,0
udhavi pannunga bro,1
enakku music pidikkum,0
enna help pannunga now,1
uh i am in danger,1
YAARO ENNAI PIN THODARANGA,1
uh main padhai kar raha hoon,0
hey what is the time,0
uh i am scared,1
main college ja raha hoon,0
yaaro ennai pin thodaranga,1
main theek hoon bro,0
udhavi pannunga!!!,1
NAAN COLLEGE POGIREN,0
GOOD MORNING,0
i am going to college,0
main padhai kar raha hoon bro,0
i am fine bro,0
hey call the police,1
hey main theek hoon,0
good morning,0
naan aabathil iruken bro,1
uh jaldi madad karo,1
time kya hua hai now,0
i am fine bro,0
yaaro ennai pin thodaranga bro,1
yaaro ennai pin thodaranga!!!,1
jaldi madad karo!!!,1
yaaro ennai pin thodaranga,1
bhai help karo!!!,1
CALL THE POLICE,1
SAB THEEK HAI,0
what is the time bro,0
uh naan nalla iruken,0
ennai kappathunga,1
main padhai kar raha hoon,0
I AM SCARED,1
main theek hoon!!!,0
hey time enna,0
good morning please,0
main khatre mein hoon please,1
i am going to college please,0
good morning please,0
main padhai kar raha hoon bro,0
hey sab theek hai,0
please madad karo now,1
all good yaar!!!,0
what is the time!!!,0
ennai kappathunga!!!,1
MADAD KARO,1
WHAT IS THE TIME,0
help me please,1
seekiram help pannunga!!!,1
GOOD MORNING,0
good morning,0
enakku bayama irukku bro,1
I AM SCARED,1
naan college pogiren bro,0
main padhai kar raha hoon please,0
police ko bulao bro,1
main college ja raha hoon now,0
good morning!!!,0
naan college pogiren now,0
hey police ko bulao,1
bhai help karo bro,1
police ah koopdunga,1
what is the time!!!,0
mujhe bachao,1
time enna!!!,0
main khatre mein hoon!!!,1
uh ennai kappathunga,1
good morning,0
good morning bro,0
time kya hua hai!!!,0
I AM STUDYING,0
i am going to college bro,0
HELLO HOW ARE YOU,0
jaldi madad karo bro,1
uh i am fine,0
uh police ah koopdunga,1
uh police ko bulao,1
main padhai kar raha hoon,0
SOMEONE IS FOLLOWING ME,1
koi mera peecha kar raha hai please,1
naan padikkiren!!!,0
police ko bulao now,1
hey naan college pogiren,0
emergency ah irukku,1
YAARO ENNAI PIN THODARANGA,1
NAAN AABATHIL IRUKEN,1
enakku bayama irukku,1
hey i am in danger,1
naan nalla iruken,0
I AM FINE,0
i am scared!!!,1
madad karo,1
emergency ah irukku bro,1
i am fine bro,0
seekiram help pannunga,1
i like music!!!,0
seekiram help pannunga,1
main fine hoon bro bro,0
KOI MERA PEECHA KAR RAHA HAI,1
hello how are you!!!,0
i am going to college now,0
main padhai kar raha hoon please,0
hey hello how are you,0
naan ok bro,0
NAAN COLLEGE POGIREN,0
main fine hoon bro bro,0
I FEEL UNSAFE,1
naan padikkiren please,0
please madad karo,1
i am in danger bro,1
hey someone is following me,1
jaldi madad karo now,1
hey hello how are you,0
main khatre mein hoon now,1
mujhe dar lag raha hai bro,1
PLEASE HELP,1
mujhe bachao now,1
HELLO HOW ARE YOU,0
i am fine!!!,0
HELP VENUM,1
uh i feel unsafe,1
main khatre mein hoon bro,1
ennai kappathunga,1
NAAN NALLA IRUKEN,0
i feel unsafe!!!,1
mujhe help chahiye!!!,1
help me,1
PLEASE HELP,1
ennai kappathunga!!!,1
jaldi madad karo now,1
mujhe help chahiye bro,1
yaaro ennai pin thodaranga now,1
MADAD KARO,1
emergency hai now,1
uh call the police,1
call the police!!!,1
help venum please,1
uh someone is following me,1
time enna!!!,0
uh i feel unsafe,1
enakku bayama irukku!!!,1
TIME ENNA,0
please help pannunga please,1
hey i like music,0
i like music,0
seekiram help pannunga bro,1
naan college pogiren please,0
i like music!!!,0
police ah koopdunga!!!,1
mujhe help chahiye now,1
good morning now,0
main theek hoon please,0
good morning please,0
naan aabathil iruken please,1
uh time enna,0
time kya hua hai now,0
main padhai kar raha hoon please,0
main college ja raha hoon bro,0
main theek hoon!!!,0
hey help me,1
naan aabathil iruken,1
police ko bulao,1
WHAT IS THE TIME,0
naan nalla iruken!!!,0
MAIN PADHAI KAR RAHA HOON,0
hello how are you bro,0
uh naan aabathil iruken,1
i like music!!!,0
uh save me,1
enna help pannunga!!!,1
enakku music pidikkum,0
what is the time!!!,0
call the police please,1
hey time kya hua hai,0
uh i like music,0
what is the time please,0
I AM GOING TO COLLEGE,0
i am going to college!!!,0
help me bro,1
main padhai kar raha hoon!!!,0
main college ja raha hoon,0
main padhai kar raha hoon bro,0
main padhai kar raha hoon please,0
someone is following me now,1
uh police ko bulao,1
police ah koopdunga!!!,1
naan ok bro bro,0
police ko bulao!!!,1
I AM IN DANGER,1
uh main khatre mein hoon,1
naan college pogiren!!!,0
naan ok bro now,0
i like music bro,0
naan ok bro!!!,0
call the police now,1
yaaro ennai pin thodaranga please,1
emergency ah irukku bro,1
hey emergency ah irukku,1
time enna!!!,0
MAIN COLLEGE JA RAHA HOON,0
emergency hai,1
hey emergency ah irukku,1
mujhe music pasand hai now,0
help me now,1
JALDI MADAD KARO,1
uh naan happy ah iruken,0
GOOD MORNING,0
i am scared bro,1
hey call the police,1
i am studying!!!,0
help venum now,1
hey emergency ah irukku,1
MAIN THEEK HOON,0
hello how are you,0
udhavi pannunga!!!,1
i am going to college bro,0
good morning,0
MAIN COLLEGE JA RAHA HOON,0
GOOD MORNING,0
all good yaar please,0
what is the time,0
I AM FINE,0
yaaro ennai pin thodaranga please,1
naan aabathil iruken please,1
MADAD KARO,1
uh i am fine,0
good morning,0
uh enakku music pidikkum,0
chill bro bro,0
enakku music pidikkum,0
naan happy ah iruken,0
please help please,1
hey yaaro ennai pin thodaranga,1
uh i am fine,0
uh time enna,0
time kya hua hai bro,0
seekiram help pannunga bro,1
hey good morning,0
uh police ko bulao,1
MADAD KARO,1
help venum!!!,1
uh seekiram help pannunga,1
hey time kya hua hai,0
good morning now,0
hey koi mera peecha kar raha hai,1
hey mujhe bachao,1
help me please,1
uh main theek hoon,0
I LIKE MUSIC,0
good morning,0
I AM SCARED,1
uh please help,1
BHAI HELP KARO,1
hello how are you now,0
madad karo,1
jaldi madad karo,1
main khatre mein hoon,1
main padhai kar raha hoon please,0
hey good morning,0
time kya hua hai now,0
help karo bro,1
police ko bulao now,1
bhai help karo!!!,1
yaaro ennai pin thodaranga bro,1
mujhe music pasand hai,0
i feel unsafe,1
uh what is the time,0
time enna,0
uh time enna,0
emergency ah irukku please,1
police ah koopdunga,1
hey mujhe dar lag raha hai,1
uh madad karo,1
uh help me,1
uh please madad karo,1
i am studying please,0
mujhe dar lag raha hai please,1
hey main fine hoon bro,0
naan college pogiren!!!,0
hey enakku music pidikkum,0
time kya hua hai,0
mujhe music pasand hai!!!,0
i am in danger now,1
hey i am in danger,1
main padhai kar raha hoon bro,0
uh naan padikkiren,0
TIME ENNA,0
call the police!!!,1
good morning please,0
enna help pannunga bro,1
i am going to college please,0
i like music please,0
TIME KYA HUA HAI,0
hello how are you now,0
koi mera peecha kar raha hai,1
mujhe help chahiye!!!,1
time kya hua hai now,0
uh please help,1
good morning!!!,0
NAAN OK BRO,0
main khatre mein hoon!!!,1
MAIN THEEK HOON,0
PLEASE HELP,1
help me,1
uh time kya hua hai,0
enna help pannunga!!!,1
uh main padhai kar raha hoon,0
i am in danger please,1
hey main khatre mein hoon,1
i am studying,0
call the police please,1
i feel unsafe please,1
TIME ENNA,0
enakku bayama irukku please,1
uh i am fine,0
i am fine!!!,0
i am studying bro,0
jaldi madad karo bro,1
someone is following me,1
i am fine!!!,0
i feel unsafe,1
what is the time now,0
what is the time now,0
naan college pogiren,0
uh good morning,0
i am studying bro,0
enakku bayama irukku!!!,1
i am in danger now,1
i am scared now,1
uh emergency hai,1
naan aabathil iruken!!!,1
call the police!!!,1
hey koi mera peecha kar raha hai,1
mujhe bachao please,1
i am in danger please,1
seekiram help pannunga now,1
help karo now,1
uh i am fine,0
hey madad karo,1
uh i am in danger,1
mujhe music pasand hai bro,0
uh main padhai kar raha hoon,0
hey main college ja raha hoon,0
ENAKKU BAYAMA IRUKKU,1
time enna!!!,0
hey all good yaar,0
uh i am fine,0
naan nalla iruken bro,0
mujhe bachao now,1
uh help me,1
naan aabathil iruken bro,1
i am going to college please,0
uh i like music,0
udhavi pannunga,1
police ah koopdunga please,1
madad karo please,1
UDHAVI PANNUNGA,1
naan ok bro bro,0
EMERGENCY HAI,1
uh good morning,0
uh main padhai kar raha hoon,0
seekiram help pannunga please,1
hello how are you please,0
mujhe dar lag raha hai bro,1
naan aabathil iruken now,1
JALDI MADAD KARO,1
uh main padhai kar raha hoon,0
mujhe dar lag raha hai!!!,1
uh police ah koopdunga,1
uh enakku music pidikkum,0
YAARO ENNAI PIN THODARANGA,1
naan aabathil iruken!!!,1
seekiram help pannunga bro,1
enakku bayama irukku now,1
mujhe help chahiye,1
police ko bulao bro,1
hey i am studying,0
udhavi pannunga,1
emergency hai!!!,1
i like music!!!,0
naan nalla iruken now,0
udhavi pannunga bro,1
hey police ko bulao,1
hey time kya hua hai,0
time kya hua hai bro,0
hello how are you now,0
save me,1
i feel unsafe now,1
hey koi mera peecha kar raha hai,1
mujhe help chahiye!!!,1
emergency ah irukku bro,1
main fine hoon bro bro,0
uh naan padikkiren,0
madad karo bro,1
time enna,0
naan aabathil iruken!!!,1
POLICE KO BULAO,1
MUJHE HELP CHAHIYE,1
hey mujhe bachao,1
GOOD MORNING,0
UDHAVI PANNUNGA,1
hey sab theek hai,0
uh help venum,1
ennai kappathunga bro,1
POLICE KO BULAO,1
naan aabathil iruken!!!,1
uh udhavi pannunga,1
emergency ah irukku,1
jaldi madad karo please,1
main padhai kar raha hoon!!!,0
NAAN NALLA IRUKEN,0
ennai kappathunga!!!,1
main theek hoon!!!,0
help karo now,1
time kya hua hai bro,0
GOOD MORNING,0
yaaro ennai pin thodaranga bro,1
PLEASE MADAD KARO,1
naan ok bro now,0
good morning!!!,0
hey jaldi madad karo,1
please help please,1
koi mera peecha kar raha hai,1
enakku bayama irukku bro,1
ALL GOOD YAAR,0
seekiram help pannunga bro,1
i am fine now,0
seekiram help pannunga,1
naan college pogiren please,0
help me,1
POLICE KO BULAO,1
MUJHE MUSIC PASAND HAI,0
hey main padhai kar raha hoon,0
hey naan nalla iruken,0
hey mujhe dar lag raha hai,1
main theek hoon now,0
I FEEL UNSAFE,1
EMERGENCY HAI,1
uh time kya hua hai,0
i am fine now,0
call the police please,1
MUJHE BACHAO,1
naan padikkiren please,0
hello how are you please,0
please help,1
mujhe bachao bro,1
mujhe dar lag raha hai bro,1
time kya hua hai please,0
yaaro ennai pin thodaranga now,1
hey main college ja raha hoon,0
naan nalla iruken please,0
sab theek hai!!!,0
mujhe help chahiye bro,1
yaaro ennai pin thodaranga bro,1
TIME KYA HUA HAI,0
i feel unsafe bro,1
i am fine!!!,0
call the police bro,1
hey ennai kappathunga,1
enakku music pidikkum please,0
time kya hua hai now,0
main theek hoon please,0
koi mera peecha kar raha hai bro,1
police ah koopdunga bro,1
NAAN NALLA IRUKEN,0
good morning,0
hey yaaro ennai pin thodaranga,1
uh madad karo,1
madad karo,1
enakku bayama irukku now,1
enakku music pidikkum now,0
uh please help,1
naan padikkiren please,0
main theek hoon!!!,0
naan ok bro please,0
ennai kappathunga,1
call the police now,1
emergency ah irukku,1
uh what is the time,0
MAIN FINE HOON BRO,0
naan college pogiren bro,0
sab theek hai bro,0
please help!!!,1
hey i am going to college,0
uh time enna,0
someone is following me please,1
i am fine please,0
hey what is the time,0
I AM GOING TO COLLEGE,0
emergency ah irukku now,1
help venum!!!,1
naan nalla iruken please,0
bhai help karo please,1
ENNAI KAPPATHUNGA,1
i am in danger,1
bhai help karo,1
NAAN COLLEGE POGIREN,0
emergency hai please,1
police ah koopdunga please,1
what is the time please,0
hey i am in danger,1
enakku bayama irukku now,1
i am going to college!!!,0
hey naan ok bro,0
hello how are you bro,0
hey good morning,0
hey sab theek hai,0
enna help pannunga now,1
udhavi pannunga now,1
uh good morning,0
naan college pogiren!!!,0
hey naan nalla iruken,0
uh please madad karo,1
hey someone is following me,1
enna help pannunga bro,1
SAB THEEK HAI,0
good morning bro,0
what is the time!!!,0
uh mujhe help chahiye,1
ennai kappathunga!!!,1
mujhe dar lag raha hai!!!,1
madad karo bro,1
naan ok bro!!!,0
madad karo please,1
uh i am studying,0
police ah koopdunga bro,1
i am fine!!!,0
hey what is the time,0
TIME KYA HUA HAI,0
emergency hai bro,1
MAIN KHATRE MEIN HOON,1
hey naan aabathil iruken,1
hello how are you please,0
seekiram help pannunga now,1
hey police ko bulao,1
someone is following me,1
ennai kappathunga now,1
naan happy ah iruken,0
uh main theek hoon,0
jaldi madad karo please,1
naan happy ah iruken,0
i am fine now,0
SEEKIRAM HELP PANNUNGA,1
time enna now,0
seekiram help pannunga please,1
hey help karo,1
MUJHE BACHAO,1
madad karo please,1
emergency ah irukku!!!,1
hey main college ja raha hoon,0
MAIN THEEK HOON,0
uh please madad karo,1
hey i am fine,0
main padhai kar raha hoon!!!,0
time enna!!!,0
good morning please,0
uh i am fine,0
uh emergency hai,1
hello how are you,0
main college ja raha hoon bro,0
enakku bayama irukku now,1
help venum bro,1
i am scared,1
i am scared now,1
i am going to college please,0
i feel unsafe bro,1
hey main fine hoon bro,0
ENNA HELP PANNUNGA,1
uh mujhe music pasand hai,0
POLICE AH KOOPDUNGA,1
hey police ah koopdunga,1
naan nalla iruken bro,0
all good yaar bro,0
all good yaar,0
hey main padhai kar raha hoon,0
good morning please,0
hey i am scared,1
MAIN THEEK HOON,0
hey mujhe dar lag raha hai,1
hey all good yaar,0
uh mujhe bachao,1
uh i am scared,1
enakku bayama irukku bro,1
ennai kappathunga!!!,1
mujhe bachao now,1
uh someone is following me,1
mujhe dar lag raha hai now,1
uh yaaro ennai pin thodaranga,1
good morning please,0
save me now,1
main padhai kar raha hoon now,0
main college ja raha hoon,0
hello how are you bro,0
main padhai kar raha hoon bro,0
ENAKKU BAYAMA IRUKKU,1
uh help karo,1
naan ok bro!!!,0
enakku music pidikkum,0
help me bro,1
police ah koopdunga bro,1
enakku music pidikkum!!!,0
someone is following me please,1
HELP ME,1
i like music bro,0
naan nalla iruken bro,0
naan padikkiren now,0
i am scared,1
hey main padhai kar raha hoon,0
good morning,0
main padhai kar raha hoon please,0
main theek hoon bro,0
emergency hai now,1
someone is following me,1
uh call the police,1
main padhai kar raha hoon now,0
good morning now,0
emergency ah irukku bro,1
enakku bayama irukku now,1
main padhai kar raha hoon now,0
good morning!!!,0
i am studying now,0
i am going to college now,0
naan college pogiren now,0
hey call the police,1
hey yaaro ennai pin thodaranga,1
uh i am going to college,0
uh help karo,1
MAIN THEEK HOON,0
MADAD KARO,1
good morning please,0
seekiram help pannunga bro,1
i feel unsafe now,1
i feel unsafe,1
jaldi madad karo bro,1
mujhe dar lag raha hai,1
I AM IN DANGER,1
mujhe dar lag raha hai bro,1
main college ja raha hoon,0
uh main theek hoon,0
main college ja raha hoon,0
hey enakku music pidikkum,0
emergency hai please,1
hey mujhe dar lag raha hai,1
police ko bulao,1
i am in danger!!!,1
hey emergency ah irukku,1
uh help karo,1
I AM IN DANGER,1
main college ja raha hoon bro,0
naan padikkiren bro,0
TIME ENNA,0
what is the time bro,0
koi mera peecha kar raha hai bro,1
uh time enna,0
koi mera peecha kar raha hai,1
mujhe bachao!!!,1
i am in danger please,1
time kya hua hai bro,0
uh time enna,0
mujhe help chahiye please,1
hey call the police,1
naan padikkiren now,0
uh naan college pogiren,0
uh what is the time,0
enakku bayama irukku,1
hello how are you now,0
koi mera peecha kar raha hai!!!,1
HELP ME,1
emergency hai!!!,1
police ah koopdunga!!!,1
naan nalla iruken,0
i am going to college now,0
hey enakku bayama irukku,1
main theek hoon now,0
sab theek hai now,0
please help,1
mujhe music pasand hai!!!,0
time enna!!!,0
good morning bro,0
hey main college ja raha hoon,0
good morning,0
main college ja raha hoon bro,0
i am in danger now,1
main padhai kar raha hoon now,0
main khatre mein hoon bro,1
uh jaldi madad karo,1
help me,1
main theek hoon please,0
uh call the police,1
i like music,0
sab theek hai!!!,0
time enna bro,0
mujhe bachao bro,1
someone is following me now,1
hey emergency ah irukku,1
chill bro bro,0
mujhe bachao bro,1
MUJHE DAR LAG RAHA HAI,1
koi mera peecha kar raha hai,1
hey seekiram help pannunga,1
i am studying bro,0
enakku music pidikkum,0
uh i am scared,1
mujhe help chahiye,1
enakku music pidikkum,0
time kya hua hai now,0
sab theek hai bro,0
i am in danger,1
save me please,1
naan padikkiren please,0
hey emergency ah irukku,1
main fine hoon bro now,0
please help bro,1
uh main theek hoon,0
uh naan padikkiren,0
main theek hoon,0
hey what is the time,0
EMERGENCY HAI,1
time enna now,0
uh i am going to college,0
madad karo please,1
GOOD MORNING,0
uh i feel unsafe,1
mujhe bachao please,1
ennai kappathunga!!!,1
uh i feel unsafe,1
main college ja raha hoon now,0
mujhe music pasand hai!!!,0
hey main padhai kar raha hoon,0
uh i feel unsafe,1
police ko bulao please,1
hey seekiram help pannunga,1
MUJHE DAR LAG RAHA HAI,1
hey koi mera peecha kar raha hai,1
i am in danger bro,1
all good yaar now,0
i like music bro,0
police ko bulao,1
hey emergency hai,1
ennai kappathunga please,1
enakku music pidikkum please,0
i am going to college now,0
I LIKE MUSIC,0
police ko bulao bro,1
time kya hua hai,0
i am scared,1
naan aabathil iruken bro,1
save me please,1
hey yaaro ennai pin thodaranga,1
naan aabathil iruken now,1
uh koi mera peecha kar raha hai,1
main khatre mein hoon please,1
mujhe dar lag raha hai bro,1
hey main padhai kar raha hoon,0
uh please madad karo,1
hello how are you please,0
chill bro!!!,0
uh main khatre mein hoon,1
HELLO HOW ARE YOU,0
mujhe bachao!!!,1
main theek hoon now,0
main fine hoon bro please,0
uh emergency ah irukku,1
uh good morning,0
i like music,0
MADAD KARO,1
mujhe dar lag raha hai bro,1
yaaro ennai pin thodaranga!!!,1
hey i like music,0
main college ja raha hoon bro,0
police ah koopdunga now,1
call the police,1
YAARO ENNAI PIN THODARANGA,1
enakku music pidikkum bro,0
uh udhavi pannunga,1
yaaro ennai pin thodaranga,1
naan college pogiren bro,0
naan aabathil iruken now,1
main theek hoon!!!,0
uh someone is following me,1
main padhai kar raha hoon bro,0
uh call the police,1
KOI MERA PEECHA KAR RAHA HAI,1
hey naan nalla iruken,0
sab theek hai,0
hey enakku music pidikkum,0
main khatre mein hoon please,1
hey i am fine,0
hey police ah koopdunga,1
mujhe bachao please,1
seekiram help pannunga,1
main khatre mein hoon now,1
uh police ko bulao,1
HELP ME,1
hey emergency hai,1
seekiram help pannunga,1
I AM SCARED,1
ENAKKU BAYAMA IRUKKU,1
uh main fine hoon bro,0
uh what is the time,0
hey save me,1
someone is following me please,1
mujhe bachao please,1
enakku music pidikkum,0
HELP VENUM,1
uh naan happy ah iruken,0
mujhe music pasand hai,0
hey main khatre mein hoon,1
please help bro,1
mujhe help chahiye please,1
MUJHE DAR LAG RAHA HAI,1
police ah koopdunga please,1
i feel unsafe!!!,1
hey i am scared,1
naan nalla iruken!!!,0
i am fine!!!,0
udhavi pannunga now,1
good morning now,0
i am studying,0
time kya hua hai please,0
MADAD KARO,1
enakku bayama irukku now,1
madad karo now,1
uh i am studying,0
all good yaar bro,0
uh enna help pannunga,1
good morning please,0
good morning!!!,0
KOI MERA PEECHA KAR RAHA HAI,1
KOI MERA PEECHA KAR RAHA HAI,1
call the police bro,1
NAAN NALLA IRUKEN,0
please help bro,1
yaaro ennai pin thodaranga bro,1
time kya hua hai,0
i am in danger now,1
naan padikkiren now,0
uh i am in danger,1
MAIN THEEK HOON,0
i am fine!!!,0
uh please help,1
time kya hua hai,0
PLEASE HELP PANNUNGA,1
main fine hoon bro,0
call the police,1
i feel unsafe bro,1
i feel unsafe,1
udhavi pannunga!!!,1
hey mujhe bachao,1
TIME ENNA,0
naan aabathil iruken now,1
help me!!!,1
mujhe music pasand hai please,0
i am going to college!!!,0
mujhe bachao please,1
uh i am going to college,0
what is the time now,0
uh mujhe bachao,1
i am going to college bro,0
hey mujhe music pasand hai,0
MAIN PADHAI KAR RAHA HOON,0
what is the time,0
i am scared now,1
good morning please,0
i am studying now,0
i am fine!!!,0
please help now,1
madad karo bro,1
hey good morning,0
i am studying!!!,0
mujhe help chahiye please,1
uh i am scared,1
madad karo!!!,1
yaaro ennai pin thodaranga bro,1
ENAKKU MUSIC PIDIKKUM,0
call the police!!!,1
TIME ENNA,0
what is the time please,0
police ah koopdunga now,1
uh please madad karo,1
i feel unsafe bro,1
ENAKKU BAYAMA IRUKKU,1
koi mera peecha kar raha hai now,1
hey good morning,0
uh help venum,1
hey save me,1
mujhe dar lag raha hai please,1
I AM GOING TO COLLEGE,0
uh naan college pogiren,0
main college ja raha hoon now,0
uh seekiram help pannunga,1
main college ja raha hoon now,0
i feel unsafe bro,1
HELP ME,1
help me,1
time kya hua hai,0
call the police please,1
main padhai kar raha hoon bro,0
hey what is the time,0
jaldi madad karo!!!,1
i like music please,0
hey seekiram help pannunga,1
hey naan college pogiren,0
SEEKIRAM HELP PANNUNGA,1
please madad karo now,1
POLICE KO BULAO,1
hey yaaro ennai pin thodaranga,1
SOMEONE IS FOLLOWING ME,1
naan college pogiren,0
I AM SCARED,1
good morning now,0
naan padikkiren,0
PLEASE HELP PANNUNGA,1
hey i like music,0
NAAN NALLA IRUKEN,0
main theek hoon now,0
yaaro ennai pin thodaranga!!!,1
uh yaaro ennai pin thodaranga,1
madad karo!!!,1
what is the time,0
save me now,1
MAIN COLLEGE JA RAHA HOON,0
good morning,0
uh emergency ah irukku,1
chill bro,0
hey good morning,0
i am going to college please,0
hey mujhe music pasand hai,0
help venum please,1
hey naan college pogiren,0
main theek hoon bro,0
hey enakku music pidikkum,0
enakku bayama irukku bro,1
enakku music pidikkum now,0
what is the time!!!,0
hey i feel unsafe,1
someone is following me please,1
someone is following me please,1
i like music,0
naan padikkiren now,0
naan nalla iruken,0
uh help me,1
good morning now,0
enna help pannunga,1
MAIN FINE HOON BRO,0
enna help pannunga bro,1
uh jaldi madad karo,1
please help bro,1
madad karo,1
I FEEL UNSAFE,1
hello how are you now,0
what is the time bro,0
i am studying!!!,0
i like music please,0
udhavi pannunga please,1
seekiram help pannunga now,1
good morning now,0
uh time enna,0
HELP KARO,1
udhavi pannunga now,1
time enna now,0
uh jaldi madad karo,1
hey main theek hoon,0
naan college pogiren please,0
chill bro!!!,0
ennai kappathunga,1
uh i feel unsafe,1
i like music now,0
uh someone is following me,1
GOOD MORNING,0
jaldi madad karo please,1
hey police ko bulao,1
call the police now,1
naan padikkiren,0
emergency hai,1
what is the time please,0
naan aabathil iruken,1
what is the time bro,0
mujhe bachao!!!,1
yaaro ennai pin thodaranga bro,1
i am studying,0
uh naan ok bro,0
time kya hua hai!!!,0
call the police bro,1
uh madad karo,1
uh call the police,1
i feel unsafe,1
mujhe music pasand hai now,0
police ah koopdunga please,1
uh please help,1
please help bro,1
hey mujhe bachao,1
naan padikkiren!!!,0
mujhe music pasand hai,0
good morning,0
police ko bulao bro,1
HELP ME,1
help karo please,1
hey main theek hoon,0
uh please help,1
hello how are you please,0
all good yaar now,0
uh main khatre mein hoon,1
main theek hoon bro,0
naan aabathil iruken,1
good morning,0
uh good morning,0
naan college pogiren now,0
i am studying now,0
enakku bayama irukku please,1
naan nalla iruken now,0
uh naan padikkiren,0
good morning please,0
uh i like music,0
call the police!!!,1
help me,1
mujhe help chahiye please,1
time enna!!!,0
hello how are you now,0
uh i like music,0
jaldi madad karo,1
enna help pannunga please,1
i am studying please,0
I AM FINE,0
hey naan padikkiren,0
i am in danger,1
hey ennai kappathunga,1
please help!!!,1
main padhai kar raha hoon please,0
hey i am fine,0
emergency hai bro,1
hey help venum,1
mujhe help chahiye bro,1
mujhe music pasand hai,0
KOI MERA PEECHA KAR RAHA HAI,1
seekiram help pannunga now,1
please help now,1
i feel unsafe please,1
uh what is the time,0
i feel unsafe please,1
GOOD MORNING,0
i like music bro,0
main khatre mein hoon!!!,1
mujhe bachao now,1
help venum,1
hello how are you bro,0
hey bhai help karo,1
uh koi mera peecha kar raha hai,1
please help pannunga please,1
enakku bayama irukku!!!,1
SAVE ME,1
uh i am going to college,0
time enna!!!,0
hey madad karo,1
i like music bro,0
time enna,0
HELP VENUM,1
NAAN COLLEGE POGIREN,0
hey madad karo,1
time kya hua hai,0
I AM GOING TO COLLEGE,0
uh main padhai kar raha hoon,0
police ah koopdunga now,1
uh i am studying,0
i am going to college,0
time enna now,0
uh main padhai kar raha hoon,0
sab theek hai please,0
i am scared bro,1
i am going to college now,0
good morning please,0
uh good morning,0
main college ja raha hoon,0
enakku bayama irukku bro,1
sab theek hai,0
good morning now,0
udhavi pannunga,1
main khatre mein hoon bro,1
i am studying please,0
ennai kappathunga,1
ENAKKU BAYAMA IRUKKU,1
uh jaldi madad karo,1
help me bro,1
main khatre mein hoon now,1
time kya hua hai please,0
hey time kya hua hai,0
i am studying please,0
someone is following me bro,1
TIME ENNA,0
hey time kya hua hai,0
i am studying!!!,0
hey i am fine,0
time kya hua hai!!!,0
uh ennai kappathunga,1
i like music now,0
MAIN COLLEGE JA RAHA HOON,0
please madad karo please,1
uh naan college pogiren,0
police ah koopdunga please,1
uh i am fine,0
main theek hoon now,0
police ah koopdunga!!!,1
naan college pogiren,0
i am fine bro,0
time enna now,0
hey naan nalla iruken,0
MAIN THEEK HOON,0
enakku bayama irukku now,1
MAIN KHATRE MEIN HOON,1
MUJHE DAR LAG RAHA HAI,1
naan nalla iruken!!!,0
hey udhavi pannunga,1
hey bhai help karo,1
hey main college ja raha hoon,0
naan aabathil iruken now,1
ennai kappathunga!!!,1
help me now,1
what is the time,0
seekiram help pannunga now,1
hey help me,1
bhai help karo please,1
mujhe help chahiye please,1
I LIKE MUSIC,0
main padhai kar raha hoon,0
hey jaldi madad karo,1
naan college pogiren,0
help venum now,1
i like music!!!,0
time enna now,0
ennai kappathunga,1
mujhe bachao bro,1
i am scared now,1
naan nalla iruken,0
emergency ah irukku bro,1
uh i am scared,1
POLICE KO BULAO,1
naan padikkiren,0
help me,1
MAIN COLLEGE JA RAHA HOON,0
hey i like music,0
i feel unsafe!!!,1
main theek hoon please,0
madad karo,1
help me please,1
EMERGENCY HAI,1
uh naan happy ah iruken,0
i feel unsafe bro,1
i am studying now,0
I AM FINE,0
hey time kya hua hai,0
hello how are you please,0
time enna,0
hey mujhe bachao,1
uh madad karo,1
hey please help,1
I AM SCARED,1
jaldi madad karo,1
YAARO ENNAI PIN THODARANGA,1
uh mujhe bachao,1
ENAKKU BAYAMA IRUKKU,1
bhai help karo now,1
hey bhai help karo,1
i like music please,0
i am studying!!!,0
main khatre mein hoon bro,1
uh main theek hoon,0
mujhe help chahiye please,1
good morning please,0
i like music please,0
YAARO ENNAI PIN THODARANGA,1
WHAT IS THE TIME,0
i am going to college bro,0
ennai kappathunga please,1
hey mujhe dar lag raha hai,1
hey hello how are you,0
yaaro ennai pin thodaranga,1
naan college pogiren bro,0
mujhe bachao please,1
naan padikkiren now,0
main khatre mein hoon please,1
CALL THE POLICE,1
hey call the police,1
TIME ENNA,0
uh time kya hua hai,0
hey i am scared,1
naan aabathil iruken,1
good morning please,0
NAAN AABATHIL IRUKEN,1
naan nalla iruken bro,0
MAIN COLLEGE JA RAHA HOON,0
uh jaldi madad karo,1
police ko bulao,1
ennai kappathunga please,1
police ko bulao now,1
time kya hua hai,0
uh please help pannunga,1
enakku music pidikkum!!!,0
uh main college ja raha hoon,0
hey main khatre mein hoon,1
hey main theek hoon,0
good morning please,0
main college ja raha hoon!!!,0
bhai help karo bro,1
mujhe dar lag raha hai now,1
uh i like music,0
uh please help,1
hey emergency hai,1
madad karo now,1
all good yaar!!!,0
HELP KARO,1
call the police bro,1
hello how are you bro,0
all good yaar please,0
uh save me,1
i am studying now,0
madad karo,1
main khatre mein hoon bro,1
call the police please,1
hey jaldi madad karo,1
hey please madad karo,1
please madad karo bro,1
main khatre mein hoon please,1
police ah koopdunga!!!,1
i am studying,0
uh i am fine,0
i am fine bro,0
uh mujhe music pasand hai,0
uh time enna,0
seekiram help pannunga!!!,1
HELLO HOW ARE YOU,0
help me bro,1
uh udhavi pannunga,1
naan college pogiren!!!,0
MAIN COLLEGE JA RAHA HOON,0
enakku music pidikkum bro,0
main fine hoon bro please,0
hey time enna,0
uh main padhai kar raha hoon,0
seekiram help pannunga bro,1
help me please,1
JALDI MADAD KARO,1
naan college pogiren please,0
main theek hoon now,0
hey i am scared,1
i am scared bro,1
seekiram help pannunga please,1
seekiram help pannunga,1
sab theek hai please,0
ENNAI KAPPATHUNGA,1
uh main college ja raha hoon,0
enakku bayama irukku please,1
madad karo now,1
sab theek hai,0
save me please,1
hey what is the time,0
naan happy ah iruken now,0
naan aabathil iruken,1
naan college pogiren please,0
please help bro,1
EMERGENCY AH IRUKKU,1
mujhe music pasand hai bro,0
SOMEONE IS FOLLOWING ME,1
hey help me,1
please help now,1
hey ennai kappathunga,1
hey seekiram help pannunga,1
HELLO HOW ARE YOU,0
jaldi madad karo bro,1
main padhai kar raha hoon!!!,0
hey i am scared,1
mujhe bachao please,1
hey hello how are you,0
SEEKIRAM HELP PANNUNGA,1
save me!!!,1
i feel unsafe bro,1
uh hello how are you,0
emergency hai please,1
hey main khatre mein hoon,1
please help pannunga now,1
good morning now,0
call the police!!!,1
police ko bulao please,1
hey main fine hoon bro,0
sab theek hai please,0
hey i am in danger,1
uh mujhe dar lag raha hai,1
mujhe bachao please,1
hello how are you!!!,0
hey mujhe music pasand hai,0
uh naan college pogiren,0
i like music bro,0
naan college pogiren!!!,0
i am going to college bro,0
enna help pannunga please,1
uh hello how are you,0
call the police bro,1
i am in danger please,1
naan college pogiren please,0
mujhe bachao please,1
uh help me,1
what is the time bro,0
hey enna help pannunga,1
please help pannunga now,1
CALL THE POLICE,1
I FEEL UNSAFE,1
MUJHE HELP CHAHIYE,1
mujhe dar lag raha hai,1
hey mujhe help chahiye,1
time kya hua hai now,0
hey help karo,1
madad karo now,1
madad karo now,1
please help bro,1
main khatre mein hoon please,1
time enna now,0
i like music!!!,0
SOMEONE IS FOLLOWING ME,1
police ko bulao!!!,1
i am scared now,1
uh help karo,1
main theek hoon now,0
i am going to college please,0
hey i am in danger,1
enakku music pidikkum bro,0
chill bro now,0
ENNAI KAPPATHUNGA,1
good morning,0
MUJHE HELP CHAHIYE,1
hey mujhe dar lag raha hai,1
ENAKKU BAYAMA IRUKKU,1
i am going to college now,0
uh main college ja raha hoon,0
naan padikkiren!!!,0
hey sab theek hai,0
uh main padhai kar raha hoon,0
i like music please,0
hey main padhai kar raha hoon,0
uh udhavi pannunga,1
uh seekiram help pannunga,1
good morning,0
help karo please,1
CALL THE POLICE,1
someone is following me!!!,1
main college ja raha hoon now,0
naan nalla iruken please,0
main padhai kar raha hoon now,0
yaaro ennai pin thodaranga,1
police ah koopdunga please,1
enakku music pidikkum now,0
enakku music pidikkum now,0
I AM GOING TO COLLEGE,0
hey hello how are you,0
i am scared please,1
uh i am going to college,0
I AM IN DANGER,1
jaldi madad karo please,1
uh what is the time,0
i am fine please,0
main khatre mein hoon!!!,1
what is the time!!!,0
emergency hai please,1
i am studying please,0
police ko bulao,1
mujhe bachao,1
uh i am in danger,1
I LIKE MUSIC,0
ennai kappathunga,1
uh please help,1
naan nalla iruken bro,0
please help pannunga bro,1
all good yaar bro,0
enna help pannunga bro,1
JALDI MADAD KARO,1
good morning,0
time enna now,0
naan college pogiren now,0
hey naan nalla iruken,0
naan aabathil iruken please,1
uh police ah koopdunga,1
save me now,1
main theek hoon now,0
emergency hai,1
POLICE AH KOOPDUNGA,1
uh mujhe bachao,1
uh enakku music pidikkum,0
hey help me,1
mujhe music pasand hai now,0
naan college pogiren!!!,0
naan college pogiren,0
hello how are you!!!,0
hey i like music,0
sab theek hai now,0
i am in danger,1
police ah koopdunga bro,1
ENNAI KAPPATHUNGA,1
hello how are you!!!,0
what is the time bro,0
help karo!!!,1
HELP ME,1
naan padikkiren bro,0
good morning bro,0
hello how are you bro,0
good morning bro,0
i am going to college bro,0
koi mera peecha kar raha hai!!!,1
hey naan ok bro,0
i like music now,0
help karo now,1
PLEASE HELP,1
hey what is the time,0
hey what is the time,0
hey time enna,0
naan padikkiren!!!,0
uh main theek hoon,0
i am in danger bro,1
hey time kya hua hai,0
call the police now,1
hey ennai kappathunga,1
uh good morning,0
emergency hai please,1
madad karo please,1
i feel unsafe please,1
mujhe music pasand hai please,0
emergency ah irukku!!!,1
EMERGENCY HAI,1
good morning,0
i am fine please,0
help karo now,1
good morning,0
i like music now,0
mujhe music pasand hai!!!,0
uh yaaro ennai pin thodaranga,1
UDHAVI PANNUNGA,1
i like music,0
uh please madad karo,1
emergency ah irukku please,1
hey mujhe music pasand hai,0
time enna now,0
i am studying!!!,0
POLICE KO BULAO,1
main college ja raha hoon bro,0
jaldi madad karo!!!,1
hey main college ja raha hoon,0
hey save me,1
ALL GOOD YAAR,0
hey police ah koopdunga,1
NAAN COLLEGE POGIREN,0
naan padikkiren please,0
madad karo bro,1
hey police ko bulao,1
enakku music pidikkum please,0
hey naan aabathil iruken,1
ennai kappathunga!!!,1
time enna bro,0
hey emergency ah irukku,1
koi mera peecha kar raha hai please,1
naan college pogiren please,0
naan college pogiren please,0
hello how are you,0
someone is following me!!!,1
what is the time,0
i am scared!!!,1
jaldi madad karo now,1
please help,1
police ah koopdunga please,1
naan ok bro please,0
jaldi madad karo!!!,1
JALDI MADAD KARO,1
MAIN THEEK HOON,0
main college ja raha hoon now,0
udhavi pannunga!!!,1
what is the time!!!,0
main theek hoon,0
i am scared now,1
naan padikkiren bro,0
emergency ah irukku!!!,1
time enna please,0
time enna now,0
yaaro ennai pin thodaranga!!!,1
i am studying,0
i am in danger,1
please help!!!,1
i am going to college now,0
MAIN PADHAI KAR RAHA HOON,0
NAAN PADIKKIREN,0
good morning please,0
i am fine now,0
save me bro,1
what is the time please,0
TIME KYA HUA HAI,0
uh jaldi madad karo,1
uh please help pannunga,1
naan college pogiren bro,0
save me!!!,1
mujhe help chahiye,1
emergency ah irukku please,1
hey someone is following me,1
main theek hoon now,0
seekiram help pannunga please,1
naan aabathil iruken,1
hey ennai kappathunga,1
seekiram help pannunga now,1
main padhai kar raha hoon,0
hey jaldi madad karo,1
naan college pogiren bro,0
mujhe bachao bro,1
someone is following me!!!,1
please madad karo,1
hey please help,1
mujhe bachao,1
uh time kya hua hai,0
uh main theek hoon,0
hey ennai kappathunga,1
MAIN PADHAI KAR RAHA HOON,0
ENNA HELP PANNUNGA,1
main padhai kar raha hoon please,0
uh udhavi pannunga,1
i am fine!!!,0
UDHAVI PANNUNGA,1
uh ennai kappathunga,1
naan college pogiren bro,0
uh sab theek hai,0
uh i feel unsafe,1
police ko bulao,1
mujhe bachao,1
enakku music pidikkum now,0
uh enakku music pidikkum,0
naan aabathil iruken now,1
naan nalla iruken now,0
hey mujhe music pasand hai,0
mujhe bachao!!!,1
all good yaar!!!,0
enakku bayama irukku please,1
naan nalla iruken bro,0
enakku music pidikkum!!!,0
naan aabathil iruken,1
NAAN AABATHIL IRUKEN,1
uh what is the time,0
yaaro ennai pin thodaranga!!!,1
seekiram help pannunga now,1
uh police ah koopdunga,1
TIME ENNA,0
main khatre mein hoon now,1
naan nalla iruken bro,0
main college ja raha hoon!!!,0
uh main college ja raha hoon,0
hey naan happy ah iruken,0
emergency ah irukku!!!,1
koi mera peecha kar raha hai,1
ennai kappathunga,1
ENNAI KAPPATHUNGA,1
BHAI HELP KARO,1
uh please help,1
seekiram help pannunga,1
hey i am scared,1
naan padikkiren bro,0
police ah koopdunga,1
hey help karo,1
i am scared please,1
uh main padhai kar raha hoon,0
hey time enna,0
i am going to college please,0
good morning!!!,0
main college ja raha hoon please,0
NAAN PADIKKIREN,0
emergency ah irukku please,1
what is the time now,0
I AM GOING TO COLLEGE,0
naan padikkiren bro,0
uh i am scared,1
uh hello how are you,0
uh please help,1
NAAN PADIKKIREN,0
what is the time bro,0
all good yaar bro,0
main padhai kar raha hoon please,0
i feel unsafe!!!,1
help karo!!!,1
madad karo now,1
mujhe bachao now,1
hey koi mera peecha kar raha hai,1
ennai kappathunga,1
help me,1
hello how are you bro,0
i like music please,0
time kya hua hai bro,0
please help,1
UDHAVI PANNUNGA,1
hey naan college pogiren,0
naan aabathil iruken bro,1
i am fine!!!,0
ennai kappathunga now,1
help me bro,1
mujhe music pasand hai,0
hey mujhe bachao,1
hello how are you!!!,0
naan happy ah iruken,0
uh someone is following me,1
uh main padhai kar raha hoon,0
call the police now,1
please help bro,1
mujhe dar lag raha hai please,1
save me bro,1
police ko bulao!!!,1
hey naan aabathil iruken,1
yaaro ennai pin thodaranga bro,1
uh emergency hai,1
what is the time bro,0
enakku bayama irukku!!!,1
hey main khatre mein hoon,1
hey i like music,0
naan aabathil iruken now,1
good morning,0
hey time kya hua hai,0
JALDI MADAD KARO,1
uh main khatre mein hoon,1
uh main college ja raha hoon,0
i am going to college please,0
please help please,1
mujhe help chahiye please,1
uh call the police,1
uh time enna,0
i am studying,0
i am studying bro,0
naan college pogiren,0
CALL THE POLICE,1
i like music now,0
uh hello how are you,0
mujhe music pasand hai please,0
NAAN AABATHIL IRUKEN,1
HELLO HOW ARE YOU,0
i am studying bro,0
enakku music pidikkum!!!,0
udhavi pannunga now,1
i am studying now,0
enakku music pidikkum,0
enakku music pidikkum bro,0
mujhe bachao please,1
naan nalla iruken bro,0
police ah koopdunga now,1
enakku music pidikkum!!!,0
mujhe music pasand hai,0
naan padikkiren!!!,0
main khatre mein hoon!!!,1
TIME KYA HUA HAI,0
i am scared!!!,1
police ko bulao bro,1
madad karo please,1
please help,1
hey please madad karo,1
uh main padhai kar raha hoon,0
someone is following me now,1
naan nalla iruken!!!,0
hey call the police,1
enakku music pidikkum now,0
uh police ah koopdunga,1
hey madad karo,1
hey time enna,0
I AM FINE,0
hey main college ja raha hoon,0
enakku music pidikkum!!!,0
i feel unsafe please,1
naan padikkiren please,0
enakku bayama irukku bro,1
time enna!!!,0
please help pannunga bro,1
mujhe help chahiye,1
hey yaaro ennai pin thodaranga,1
uh main padhai kar raha hoon,0
emergency ah irukku bro,1
hey sab theek hai,0
i feel unsafe,1
enakku bayama irukku now,1
PLEASE HELP PANNUNGA,1
hello how are you!!!,0
i am fine!!!,0
hey good morning,0
yaaro ennai pin thodaranga now,1
police ah koopdunga,1
hey naan college pogiren,0
enakku bayama irukku now,1
hello how are you,0
good morning now,0
police ah koopdunga please,1
i am studying!!!,0
i am studying now,0
uh please help,1
chill bro bro,0
TIME KYA HUA HAI,0
please help pannunga please,1
hey time enna,0
uh emergency hai,1
hey enna help pannunga,1
uh mujhe bachao,1
naan padikkiren please,0
please help please,1
i like music,0
MAIN KHATRE MEIN HOON,1
seekiram help pannunga,1
police ko bulao bro,1
koi mera peecha kar raha hai now,1
what is the time now,0
uh naan college pogiren,0
mujhe music pasand hai please,0
i am fine!!!,0
help me,1
hey koi mera peecha kar raha hai,1
naan padikkiren now,0
hey police ah koopdunga,1
enakku music pidikkum!!!,0
time enna please,0
uh naan college pogiren,0
naan college pogiren!!!,0
hey madad karo,1
please help!!!,1
TIME ENNA,0
naan college pogiren!!!,0
uh yaaro ennai pin thodaranga,1
naan padikkiren!!!,0
TIME KYA HUA HAI,0
koi mera peecha kar raha hai bro,1
hey ennai kappathunga,1
good morning,0
enakku music pidikkum!!!,0
MUJHE MUSIC PASAND HAI,0
uh good morning,0
koi mera peecha kar raha hai bro,1
hey madad karo,1
hello how are you,0
please help!!!,1
i feel unsafe!!!,1
i am fine!!!,0
i am going to college,0
jaldi madad karo bro,1
TIME KYA HUA HAI,0
main fine hoon bro,0
MUJHE MUSIC PASAND HAI,0
MAIN KHATRE MEIN HOON,1
emergency hai bro,1
koi mera peecha kar raha hai!!!,1
hey seekiram help pannunga,1
uh mujhe music pasand hai,0
GOOD MORNING,0
i like music now,0
police ah koopdunga!!!,1
hey jaldi madad karo,1
someone is following me bro,1
police ah koopdunga now,1
enna help pannunga,1
hey emergency hai,1
police ah koopdunga now,1
enakku bayama irukku!!!,1
enakku bayama irukku bro,1
i am going to college,0
sab theek hai!!!,0
seekiram help pannunga!!!,1
main khatre mein hoon,1
yaaro ennai pin thodaranga!!!,1
hey i like music,0
time kya hua hai please,0
help me!!!,1
main padhai kar raha hoon,0
uh i am studying,0
time kya hua hai please,0
main khatre mein hoon,1
hey police ko bulao,1
ennai kappathunga now,1
police ko bulao please,1
naan happy ah iruken,0
hey naan padikkiren,0
good morning please,0
seekiram help pannunga,1
mujhe bachao!!!,1
time kya hua hai please,0
naan college pogiren!!!,0
enakku bayama irukku bro,1
hey ennai kappathunga,1
hey madad karo,1
uh naan nalla iruken,0
good morning!!!,0
good morning,0
naan padikkiren please,0
main theek hoon!!!,0
mujhe dar lag raha hai bro,1
hey mujhe help chahiye,1
uh good morning,0
main theek hoon now,0
PLEASE MADAD KARO,1
mujhe music pasand hai bro,0
mujhe bachao now,1
MAIN KHATRE MEIN HOON,1
police ah koopdunga!!!,1
time kya hua hai bro,0
emergency hai bro,1
hello how are you please,0
emergency ah irukku!!!,1
naan college pogiren,0
uh please help pannunga,1
SAVE ME,1
what is the time,0
time kya hua hai!!!,0
naan aabathil iruken now,1
hey please help,1
i am fine please,0
someone is following me please,1
mujhe bachao!!!,1
hey save me,1
i am going to college bro,0
naan nalla iruken,0
please help pannunga please,1
naan happy ah iruken please,0
MAIN COLLEGE JA RAHA HOON,0
jaldi madad karo now,1
i like music!!!,0
i am going to college now,0
police ko bulao,1
main padhai kar raha hoon!!!,0
uh what is the time,0
yaaro ennai pin thodaranga now,1
uh chill bro,0
someone is following me bro,1
naan aabathil iruken,1
hey call the police,1
hey mujhe music pasand hai,0
ennai kappathunga now,1
jaldi madad karo bro,1
uh i am fine,0
please help pannunga!!!,1
naan ok bro,0
i like music now,0
SAVE ME,1
hey seekiram help pannunga,1
main theek hoon now,0
good morning!!!,0
good morning!!!,0
uh i feel unsafe,1
naan padikkiren,0
call the police now,1
uh mujhe bachao,1
yaaro ennai pin thodaranga now,1
ENAKKU MUSIC PIDIKKUM,0
main khatre mein hoon bro,1
uh yaaro ennai pin thodaranga,1
NAAN COLLEGE POGIREN,0
HELLO HOW ARE YOU,0
time kya hua hai,0
i am in danger please,1
i am in danger,1
hey main khatre mein hoon,1
KOI MERA PEECHA KAR RAHA HAI,1
yaaro ennai pin thodaranga,1
enakku bayama irukku now,1
naan aabathil iruken bro,1
police ah koopdunga please,1
chill bro!!!,0
uh police ah koopdunga,1
i am going to college now,0
NAAN PADIKKIREN,0
please help!!!,1
UDHAVI PANNUNGA,1
uh i like music,0
enakku music pidikkum,0
hey main college ja raha hoon,0
hey sab theek hai,0
police ko bulao!!!,1
MUJHE HELP CHAHIYE,1
help venum bro,1
please madad karo please,1
emergency hai,1
mujhe music pasand hai bro,0
naan ok bro now,0
time enna now,0
hey madad karo,1
hey bhai help karo,1
hey naan nalla iruken,0
madad karo,1
save me please,1
bhai help karo bro,1
sab theek hai bro,0
mujhe music pasand hai,0
please help now,1
i am studying now,0
MUJHE DAR LAG RAHA HAI,1
MAIN KHATRE MEIN HOON,1
main college ja raha hoon now,0
enakku bayama irukku,1
yaaro ennai pin thodaranga bro,1
hey good morning,0
mujhe help chahiye!!!,1
hey i like music,0
i like music please,0
madad karo!!!,1
police ko bulao please,1
GOOD MORNING,0
MUJHE MUSIC PASAND HAI,0
uh all good yaar,0
time enna please,0
hey koi mera peecha kar raha hai,1
i feel unsafe,1
uh main khatre mein hoon,1
time kya hua hai please,0
naan college pogiren bro,0
i am fine please,0
sab theek hai,0
jaldi madad karo now,1
hey good morning,0
SEEKIRAM HELP PANNUNGA,1
time enna now,0
NAAN PADIKKIREN,0
main college ja raha hoon now,0
ennai kappathunga please,1
call the police please,1
MUJHE BACHAO,1
CALL THE POLICE,1
hey mujhe music pasand hai,0
udhavi pannunga now,1
emergency hai now,1
uh naan happy ah iruken,0
main padhai kar raha hoon bro,0
call the police!!!,1
naan college pogiren bro,0
seekiram help pannunga bro,1
main theek hoon please,0
uh help me,1
enakku bayama irukku,1
uh police ko bulao,1
mujhe dar lag raha hai bro,1
naan aabathil iruken bro,1
hey emergency hai,1
i am fine now,0
naan aabathil iruken please,1
uh i am going to college,0
hey save me,1
mujhe dar lag raha hai bro,1
main theek hoon bro,0
i feel unsafe!!!,1
CALL THE POLICE,1
koi mera peecha kar raha hai bro,1
mujhe help chahiye please,1
enakku bayama irukku now,1
i feel unsafe!!!,1
naan college pogiren bro,0
i am studying now,0
call the police!!!,1
emergency hai bro,1
uh bhai help karo,1
i am scared,1
PLEASE HELP,1
hey i am fine,0
i am studying,0
hey i am going to college,0
i am scared please,1
all good yaar bro,0
ennai kappathunga please,1
uh call the police,1
mujhe help chahiye please,1
chill bro now,0
hey someone is following me,1
main theek hoon bro,0
emergency hai,1
uh enakku bayama irukku,1
hey time enna,0
police ko bulao,1
hello how are you now,0
uh what is the time,0
main theek hoon bro,0
hey naan aabathil iruken,1
mujhe music pasand hai!!!,0
TIME KYA HUA HAI,0
i am going to college!!!,0
hey main padhai kar raha hoon,0
mujhe music pasand hai!!!,0
uh police ah koopdunga,1
uh enakku music pidikkum,0
HELP ME,1
main theek hoon!!!,0
hey mujhe dar lag raha hai,1
enakku music pidikkum please,0
main padhai kar raha hoon bro,0
uh i am going to college,0
hello how are you now,0
please help,1
i am going to college please,0
i am scared bro,1
I LIKE MUSIC,0
i am scared now,1
call the police please,1
hey call the police,1
naan ok bro,0
i am fine!!!,0
i like music now,0
someone is following me bro,1
TIME KYA HUA HAI,0
ENAKKU BAYAMA IRUKKU,1
YAARO ENNAI PIN THODARANGA,1
MUJHE DAR LAG RAHA HAI,1
help karo!!!,1
time kya hua hai now,0
uh time enna,0
bhai help karo please,1
main college ja raha hoon now,0
hey main fine hoon bro,0
time enna now,0
I AM SCARED,1
please help pannunga please,1
hey mujhe music pasand hai,0
main khatre mein hoon now,1
hey main college ja raha hoon,0
ENAKKU BAYAMA IRUKKU,1
i am scared!!!,1
seekiram help pannunga!!!,1
hey time kya hua hai,0
koi mera peecha kar raha hai now,1
enakku music pidikkum bro,0
i am going to college bro,0
i am fine!!!,0
hey naan nalla iruken,0
ENAKKU MUSIC PIDIKKUM,0
i feel unsafe now,1
i like music,0
uh hello how are you,0
hey help me,1
yaaro ennai pin thodaranga please,1
GOOD MORNING,0
ENAKKU MUSIC PIDIKKUM,0
hey yaaro ennai pin thodaranga,1
seekiram help pannunga,1
hey help venum,1
i am scared bro,1
uh main fine hoon bro,0
hey naan college pogiren,0
police ko bulao,1
uh all good yaar,0
EMERGENCY AH IRUKKU,1
NAAN PADIKKIREN,0
i like music now,0
time kya hua hai,0
time kya hua hai!!!,0
mujhe bachao,1
naan nalla iruken!!!,0
please help,1
GOOD MORNING,0
naan college pogiren,0
uh enakku bayama irukku,1
i am studying,0
please help pannunga!!!,1
uh enakku music pidikkum,0
hey mujhe help chahiye,1
main theek hoon bro,0
hey main padhai kar raha hoon,0
emergency hai bro,1
main theek hoon now,0
naan nalla iruken please,0
naan aabathil iruken bro,1
what is the time bro,0
yaaro ennai pin thodaranga!!!,1
yaaro ennai pin thodaranga,1
SEEKIRAM HELP PANNUNGA,1
i like music please,0
hello how are you now,0
main khatre mein hoon bro,1
main fine hoon bro bro,0
i am going to college please,0
someone is following me,1
i am scared,1
jaldi madad karo,1
ennai kappathunga bro,1
uh naan nalla iruken,0
GOOD MORNING,0
I AM FINE,0
i am in danger now,1
time enna,0
I AM STUDYING,0
uh i am studying,0
NAAN NALLA IRUKEN,0
help me bro,1
all good yaar!!!,0
hey enakku bayama irukku,1
i am in danger!!!,1
mujhe music pasand hai!!!,0
main theek hoon please,0
good morning now,0
enakku bayama irukku,1
emergency hai!!!,1
what is the time please,0
time enna!!!,0
uh i like music,0
naan padikkiren please,0
naan padikkiren please,0
uh time kya hua hai,0
uh i am scared,1
madad karo,1
udhavi pannunga!!!,1
MUJHE DAR LAG RAHA HAI,1
enakku music pidikkum please,0
what is the time!!!,0
i am studying!!!,0
someone is following me now,1
naan college pogiren bro,0
uh save me,1
help karo now,1
emergency hai,1
uh emergency hai,1
i am going to college please,0
uh main khatre mein hoon,1
hey naan college pogiren,0
naan nalla iruken,0
help karo!!!,1
seekiram help pannunga!!!,1
time enna,0
sab theek hai,0
i am studying bro,0
emergency ah irukku!!!,1
naan happy ah iruken,0
PLEASE HELP PANNUNGA,1
hey hello how are you,0
uh mujhe dar lag raha hai,1
main college ja raha hoon,0
i am studying!!!,0
i am fine!!!,0
hey call the police,1
GOOD MORNING,0
main college ja raha hoon now,0
HELLO HOW ARE YOU,0
someone is following me!!!,1
emergency hai,1
hey sab theek hai,0
TIME ENNA,0
yaaro ennai pin thodaranga please,1
police ah koopdunga bro,1
time kya hua hai please,0
uh enakku music pidikkum,0
save me bro,1
uh naan nalla iruken,0
naan happy ah iruken now,0
uh someone is following me,1
hey hello how are you,0
i am studying bro,0
i am scared please,1
enakku music pidikkum!!!,0
uh i am fine,0
call the police!!!,1
uh main khatre mein hoon,1
I LIKE MUSIC,0
hello how are you bro,0
yaaro ennai pin thodaranga,1
uh emergency ah irukku,1
i am going to college!!!,0
mujhe bachao now,1
bhai help karo!!!,1
please madad karo!!!,1
i am studying!!!,0
naan nalla iruken,0
ennai kappathunga please,1
naan ok bro please,0
SOMEONE IS FOLLOWING ME,1
hey naan college pogiren,0
i am studying!!!,0
help me bro,1
i am scared please,1
hey enakku bayama irukku,1
uh i am fine,0
main college ja raha hoon please,0
help venum please,1
main padhai kar raha hoon now,0
i am in danger now,1
main khatre mein hoon please,1
GOOD MORNING,0
TIME KYA HUA HAI,0
police ko bulao,1
MUJHE BACHAO,1
naan padikkiren!!!,0
hey i feel unsafe,1
HELP VENUM,1
i am in danger,1
hey please madad karo,1
naan college pogiren please,0
I AM IN DANGER,1
emergency ah irukku now,1
hello how are you please,0
mujhe music pasand hai bro,0
uh madad karo,1
what is the time,0
seekiram help pannunga bro,1
emergency hai please,1
udhavi pannunga now,1
uh mujhe music pasand hai,0
hey koi mera peecha kar raha hai,1
NAAN COLLEGE POGIREN,0
main khatre mein hoon please,1
main college ja raha hoon bro,0
what is the time please,0
enakku bayama irukku please,1
madad karo please,1
hey naan college pogiren,0
mujhe dar lag raha hai now,1
i feel unsafe,1
i am fine!!!,0
madad karo bro,1
main theek hoon now,0
uh all good yaar,0
enakku music pidikkum,0
uh i feel unsafe,1
uh enakku music pidikkum,0
main padhai kar raha hoon bro,0
police ah koopdunga bro,1
uh naan padikkiren,0
hey help venum,1
help venum,1
madad karo bro,1
mujhe dar lag raha hai!!!,1
i am in danger bro,1
uh good morning,0
emergency ah irukku!!!,1
hey main fine hoon bro,0
hey hello how are you,0
main college ja raha hoon now,0
uh mujhe music pasand hai,0
HELP ME,1
mujhe dar lag raha hai bro,1
enakku music pidikkum now,0
yaaro ennai pin thodaranga,1
enakku bayama irukku bro,1
i am scared now,1
naan college pogiren now,0
MAIN THEEK HOON,0
emergency hai,1
main college ja raha hoon!!!,0
uh naan happy ah iruken,0
jaldi madad karo,1
enakku bayama irukku please,1
what is the time bro,0
hey enakku music pidikkum,0
hello how are you,0
uh naan padikkiren,0
what is the time!!!,0
ennai kappathunga please,1
uh what is the time,0
hey i am studying,0
main college ja raha hoon now,0
save me,1
I AM SCARED,1
naan padikkiren now,0
ennai kappathunga!!!,1
main college ja raha hoon!!!,0
main padhai kar raha hoon,0
main theek hoon!!!,0
uh please help,1
time kya hua hai!!!,0
uh emergency ah irukku,1
HELP KARO,1
please help please,1
mujhe music pasand hai bro,0
GOOD MORNING,0
someone is following me,1
hey time enna,0
yaaro ennai pin thodaranga please,1
jaldi madad karo!!!,1
hey help me,1
uh what is the time,0
hey please help pannunga,1
hey please madad karo,1
police ko bulao bro,1
mujhe dar lag raha hai please,1
uh help venum,1
uh police ah koopdunga,1
hey sab theek hai,0
i am going to college please,0
TIME ENNA,0
uh please help pannunga,1
hey police ko bulao,1
CHILL BRO,0
good morning,0
hey sab theek hai,0
NAAN NALLA IRUKEN,0
police ko bulao please,1
jaldi madad karo!!!,1
naan college pogiren bro,0
call the police,1
main theek hoon!!!,0
help me now,1
time enna,0
i am studying bro,0
uh call the police,1
NAAN PADIKKIREN,0
naan happy ah iruken,0
hey enakku music pidikkum,0
hey i am going to college,0
hey police ah koopdunga,1
I AM IN DANGER,1
police ah koopdunga,1
save me please,1
hey someone is following me,1
naan padikkiren now,0
police ah koopdunga bro,1
uh madad karo,1
NAAN OK BRO,0
ennai kappathunga!!!,1
naan college pogiren!!!,0
CHILL BRO,0
UDHAVI PANNUNGA,1
emergency ah irukku please,1
MUJHE BACHAO,1
i am in danger!!!,1
i am fine now,0
enakku music pidikkum please,0
mujhe music pasand hai please,0
uh emergency ah irukku,1
i like music!!!,0
please help now,1
NAAN NALLA IRUKEN,0
enakku bayama irukku,1
i am studying!!!,0
hey i am fine,0
udhavi pannunga now,1
please help please,1
HELP KARO,1
what is the time please,0
help me please,1
mujhe dar lag raha hai,1
hey i am in danger,1
GOOD MORNING,0
main padhai kar raha hoon,0
i am going to college bro,0
hey i feel unsafe,1
hey main college ja raha hoon,0
uh time kya hua hai,0
time enna now,0
koi mera peecha kar raha hai bro,1
I AM FINE,0
hey chill bro,0
uh naan aabathil iruken,1
i like music bro,0
uh naan college pogiren,0
uh time kya hua hai,0
main padhai kar raha hoon now,0
uh naan padikkiren,0
main khatre mein hoon bro,1
main padhai kar raha hoon,0
uh enakku bayama irukku,1
chill bro please,0
what is the time,0
help venum now,1
main padhai kar raha hoon now,0
enakku bayama irukku bro,1
ENNAI KAPPATHUNGA,1
jaldi madad karo,1
yaaro ennai pin thodaranga,1
main fine hoon bro now,0
GOOD MORNING,0
uh main padhai kar raha hoon,0
I AM STUDYING,0
i am going to college!!!,0
call the police,1
good morning,0
time enna,0
I AM GOING TO COLLEGE,0
hey main theek hoon,0
udhavi pannunga please,1
what is the time,0
hey i am studying,0
uh main khatre mein hoon,1
madad karo bro,1
SAVE ME,1
uh call the police,1
enakku music pidikkum now,0
police ko bulao please,1
good morning!!!,0
NAAN COLLEGE POGIREN,0
naan aabathil iruken now,1
naan padikkiren,0
time enna bro,0
i feel unsafe bro,1
uh time kya hua hai,0
MUJHE HELP CHAHIYE,1
uh i am going to college,0
uh naan aabathil iruken,1
naan college pogiren,0
naan aabathil iruken bro,1
hey time enna,0
hey main khatre mein hoon,1
PLEASE HELP,1
madad karo now,1
hey i am fine,0
uh save me,1
ennai kappathunga please,1
uh call the police,1
uh i am going to college,0
i am scared bro,1
i am fine please,0
i am studying,0
i am scared please,1
uh good morning,0
naan college pogiren!!!,0
what is the time please,0
seekiram help pannunga bro,1
hey seekiram help pannunga,1
main theek hoon!!!,0
uh mujhe music pasand hai,0
hey mujhe dar lag raha hai,1
udhavi pannunga bro,1
I AM FINE,0
hey time enna,0
i like music bro,0
NAAN AABATHIL IRUKEN,1
main theek hoon bro,0
enakku bayama irukku,1
enakku bayama irukku,1
naan aabathil iruken,1
EMERGENCY AH IRUKKU,1
hey udhavi pannunga,1
call the police please,1
main college ja raha hoon bro,0
main khatre mein hoon now,1
hey naan padikkiren,0
hey naan nalla iruken,0
hey mujhe bachao,1
uh i am going to college,0
hey seekiram help pannunga,1
what is the time please,0
uh i am studying,0
uh police ah koopdunga,1
uh enakku music pidikkum,0
what is the time please,0
jaldi madad karo now,1
NAAN AABATHIL IRUKEN,1
i like music bro,0
hey i feel unsafe,1
hey emergency ah irukku,1
please help bro,1
hey good morning,0
naan padikkiren!!!,0
naan padikkiren now,0
hello how are you now,0
hey i am going to college,0
chill bro now,0
help karo,1
hello how are you,0
police ko bulao now,1
i am studying please,0
police ah koopdunga!!!,1
uh i am scared,1
please help!!!,1
all good yaar,0
NAAN COLLEGE POGIREN,0
call the police please,1
good morning bro,0
please help pannunga please,1
uh enakku music pidikkum,0
uh i am going to college,0
i am fine bro,0
main theek hoon,0
hey please help,1
i am in danger please,1
main padhai kar raha hoon please,0
naan nalla iruken,0
madad karo bro,1
i am scared now,1
please help now,1
enakku music pidikkum bro,0
what is the time please,0
hey enakku music pidikkum,0
hey naan happy ah iruken,0
hey chill bro,0
hey naan nalla iruken,0
NAAN NALLA IRUKEN,0
mujhe bachao bro,1
mujhe bachao!!!,1
i am studying!!!,0
MAIN PADHAI KAR RAHA HOON,0
all good yaar!!!,0
i am going to college now,0
hey main college ja raha hoon,0
SEEKIRAM HELP PANNUNGA,1
hello how are you please,0
CHILL BRO,0
uh mujhe help chahiye,1
chill bro,0
uh i am studying,0
UDHAVI PANNUNGA,1
HELLO HOW ARE YOU,0
yaaro ennai pin thodaranga now,1
i am in danger,1
help me please,1
time enna,0
naan padikkiren,0
uh main theek hoon,0
i am in danger bro,1
uh call the police,1
i am in danger bro,1
time enna please,0
enna help pannunga,1
hey time enna,0
udhavi pannunga now,1
MAIN COLLEGE JA RAHA HOON,0
hey what is the time,0
i am fine!!!,0
hey jaldi madad karo,1
good morning,0
enakku bayama irukku!!!,1
udhavi pannunga!!!,1
good morning!!!,0
uh emergency hai,1
hey emergency hai,1
madad karo now,1
main theek hoon!!!,0
emergency ah irukku,1
hey i like music,0
i like music bro,0
uh i like music,0
mujhe music pasand hai bro,0
i am in danger now,1
time kya hua hai!!!,0
police ah koopdunga now,1
i feel unsafe please,1
hey madad karo,1
MUJHE DAR LAG RAHA HAI,1
koi mera peecha kar raha hai please,1
i feel unsafe!!!,1
enakku bayama irukku!!!,1
hello how are you bro,0
uh sab theek hai,0
uh naan ok bro,0
NAAN NALLA IRUKEN,0
hello how are you please,0
hey main college ja raha hoon,0
naan college pogiren,0
hello how are you,0
MADAD KARO,1
ENNA HELP PANNUNGA,1
i feel unsafe!!!,1
enakku bayama irukku please,1
police ko bulao now,1
main fine hoon bro bro,0
mujhe bachao please,1
naan nalla iruken,0
main padhai kar raha hoon bro,0
koi mera peecha kar raha hai!!!,1
ennai kappathunga!!!,1
NAAN PADIKKIREN,0
help karo,1
good morning bro,0
seekiram help pannunga please,1
I AM STUDYING,0
MAIN THEEK HOON,0
uh what is the time,0
uh naan nalla iruken,0
uh help me,1
yaaro ennai pin thodaranga,1
UDHAVI PANNUNGA,1
NAAN NALLA IRUKEN,0
mujhe bachao please,1
good morning!!!,0
uh yaaro ennai pin thodaranga,1
CALL THE POLICE,1
i am studying now,0
main padhai kar raha hoon bro,0
someone is following me bro,1
hey help me,1
i like music,0
uh enakku bayama irukku,1
what is the time please,0
ENNAI KAPPATHUNGA,1
uh hello how are you,0
hey call the police,1
uh emergency hai,1
hey ennai kappathunga,1
mujhe bachao now,1
seekiram help pannunga,1
help me please,1
hey i am fine,0
uh main padhai kar raha hoon,0
SEEKIRAM HELP PANNUNGA,1
ennai kappathunga now,1
koi mera peecha kar raha hai bro,1
time kya hua hai bro,0
enakku music pidikkum now,0
main college ja raha hoon,0
uh enakku bayama irukku,1
uh i feel unsafe,1
what is the time bro,0
udhavi pannunga!!!,1
time enna now,0
GOOD MORNING,0
hello how are you,0
uh naan college pogiren,0
MAIN PADHAI KAR RAHA HOON,0
udhavi pannunga,1
madad karo please,1
mujhe music pasand hai bro,0
all good yaar now,0
EMERGENCY HAI,1
main fine hoon bro please,0
mujhe music pasand hai please,0
MUJHE BACHAO,1
someone is following me bro,1
hey naan college pogiren,0
mujhe bachao please,1
main college ja raha hoon!!!,0
uh please help,1
save me!!!,1
CALL THE POLICE,1
hey i am going to college,0
mujhe dar lag raha hai please,1
main padhai kar raha hoon now,0
help venum now,1
hey someone is following me,1
GOOD MORNING,0
uh good morning,0
HELLO HOW ARE YOU,0
NAAN PADIKKIREN,0
help karo now,1
someone is following me,1
hey i am going to college,0
TIME ENNA,0
koi mera peecha kar raha hai!!!,1
mujhe bachao,1
hey yaaro ennai pin thodaranga,1
main khatre mein hoon please,1
i am studying!!!,0
call the police please,1
someone is following me please,1
hey yaaro ennai pin thodaranga,1
what is the time,0
madad karo bro,1
udhavi pannunga bro,1
MUJHE DAR LAG RAHA HAI,1
main fine hoon bro please,0
ALL GOOD YAAR,0
bhai help karo!!!,1
good morning now,0
naan aabathil iruken!!!,1
I LIKE MUSIC,0
uh mujhe music pasand hai,0
emergency ah irukku now,1
time enna please,0
MUJHE MUSIC PASAND HAI,0
hey sab theek hai,0
naan aabathil iruken,1
seekiram help pannunga please,1
enakku music pidikkum,0
uh madad karo,1
i am scared bro,1
good morning please,0
good morning bro,0
uh naan padikkiren,0
hey time enna,0
hey hello how are you,0
naan college pogiren please,0
main khatre mein hoon,1
main theek hoon!!!,0
hey i like music,0
main theek hoon,0
EMERGENCY HAI,1
seekiram help pannunga,1
yaaro ennai pin thodaranga now,1
mujhe music pasand hai,0
what is the time now,0
hello how are you please,0
bhai help karo now,1
what is the time,0
naan college pogiren bro,0
GOOD MORNING,0
police ah koopdunga now,1
main khatre mein hoon!!!,1
ennai kappathunga,1
hey main college ja raha hoon,0
uh enakku bayama irukku,1
uh i am studying,0
good morning now,0
mujhe music pasand hai now,0
NAAN PADIKKIREN,0
naan nalla iruken,0
i am scared!!!,1
naan happy ah iruken bro,0
uh seekiram help pannunga,1
hey naan padikkiren,0
hey yaaro ennai pin thodaranga,1
I AM GOING TO COLLEGE,0
KOI MERA PEECHA KAR RAHA HAI,1
NAAN PADIKKIREN,0
naan aabathil iruken now,1
mujhe dar lag raha hai now,1
naan padikkiren now,0
uh i am fine,0
good morning now,0
i am in danger please,1
CALL THE POLICE,1
main khatre mein hoon bro,1
hey time enna,0
police ko bulao!!!,1
main padhai kar raha hoon,0
enakku bayama irukku bro,1
naan college pogiren bro,0
hello how are you!!!,0
uh naan nalla iruken,0
POLICE KO BULAO,1
main khatre mein hoon bro,1
mujhe dar lag raha hai!!!,1
what is the time please,0
ENNA HELP PANNUNGA,1
what is the time,0
save me bro,1
hey mujhe dar lag raha hai,1
i am in danger bro,1
main khatre mein hoon now,1
JALDI MADAD KARO,1
MUJHE HELP CHAHIYE,1
mujhe music pasand hai!!!,0
good morning!!!,0
uh mujhe help chahiye,1
time kya hua hai,0
uh i am fine,0
police ah koopdunga please,1
hey mujhe dar lag raha hai,1
mujhe music pasand hai please,0
yaaro ennai pin thodaranga please,1
good morning please,0
uh time enna,0
jaldi madad karo!!!,1
seekiram help pannunga please,1
good morning now,0
uh i am in danger,1
i like music bro,0
POLICE AH KOOPDUNGA,1
please madad karo now,1
MADAD KARO,1
i am fine!!!,0
koi mera peecha kar raha hai now,1
uh naan aabathil iruken,1
call the police!!!,1
time kya hua hai bro,0
TIME ENNA,0
SAB THEEK HAI,0
CALL THE POLICE,1
mujhe music pasand hai please,0
uh i am going to college,0
uh main padhai kar raha hoon,0
mujhe music pasand hai bro,0
i like music!!!,0
good morning now,0
hey hello how are you,0
udhavi pannunga!!!,1
enakku music pidikkum bro,0
hey i am studying,0
what is the time,0
mujhe music pasand hai now,0
hey call the police,1
enakku music pidikkum,0
MUJHE DAR LAG RAHA HAI,1
emergency hai!!!,1
sab theek hai please,0
enakku music pidikkum!!!,0
TIME KYA HUA HAI,0
main theek hoon bro,0
NAAN PADIKKIREN,0
i am going to college bro,0
hey emergency hai,1
uh emergency ah irukku,1
main padhai kar raha hoon bro,0
mujhe dar lag raha hai please,1
main padhai kar raha hoon!!!,0
MAIN COLLEGE JA RAHA HOON,0
naan college pogiren,0
police ko bulao bro,1
udhavi pannunga,1
chill bro!!!,0
uh naan aabathil iruken,1
uh naan ok bro,0
uh main padhai kar raha hoon,0
uh main college ja raha hoon,0
hey koi mera peecha kar raha hai,1
please help pannunga bro,1
mujhe music pasand hai bro,0
UDHAVI PANNUNGA,1
hey i feel unsafe,1
jaldi madad karo bro,1
MAIN THEEK HOON,0
uh police ah koopdunga,1
good morning!!!,0
hey call the police,1
uh main padhai kar raha hoon,0
bhai help karo,1
main theek hoon please,0
naan nalla iruken bro,0
uh good morning,0
naan aabathil iruken now,1
i am fine,0
enakku music pidikkum bro,0
ENAKKU BAYAMA IRUKKU,1
save me!!!,1
ENAKKU MUSIC PIDIKKUM,0
uh someone is following me,1
hey mujhe bachao,1
hey jaldi madad karo,1
hey naan nalla iruken,0
i am going to college,0
time enna!!!,0
MAIN KHATRE MEIN HOON,1
hey koi mera peecha kar raha hai,1
ennai kappathunga bro,1
time enna!!!,0
help me now,1
NAAN AABATHIL IRUKEN,1
hey i am studying,0
help karo bro,1
time enna now,0
YAARO ENNAI PIN THODARANGA,1
jaldi madad karo please,1
enakku music pidikkum!!!,0
uh seekiram help pannunga,1
help me,1
I LIKE MUSIC,0
hey enakku music pidikkum,0
I AM IN DANGER,1
good morning please,0
help karo,1
mujhe bachao please,1
ennai kappathunga!!!,1
MUJHE BACHAO,1
TIME ENNA,0
hey help venum,1
naan aabathil iruken now,1
uh call the police,1
i feel unsafe,1
hey all good yaar,0
mujhe dar lag raha hai!!!,1
seekiram help pannunga bro,1
call the police please,1
jaldi madad karo please,1
i am studying please,0
hello how are you please,0
uh save me,1
i am fine!!!,0
naan padikkiren bro,0
I LIKE MUSIC,0
naan college pogiren please,0
main college ja raha hoon now,0
I FEEL UNSAFE,1
uh main fine hoon bro,0
uh jaldi madad karo,1
uh udhavi pannunga,1
naan happy ah iruken please,0
yaaro ennai pin thodaranga please,1
SAB THEEK HAI,0
good morning!!!,0
I FEEL UNSAFE,1
enakku music pidikkum please,0
uh i am fine,0
please help,1
please help please,1
call the police now,1
PLEASE HELP PANNUNGA,1
ennai kappathunga!!!,1
enakku music pidikkum please,0
yaaro ennai pin thodaranga please,1
yaaro ennai pin thodaranga now,1
MAIN THEEK HOON,0
seekiram help pannunga!!!,1
emergency hai now,1
mujhe dar lag raha hai,1
koi mera peecha kar raha hai,1
YAARO ENNAI PIN THODARANGA,1
UDHAVI PANNUNGA,1
mujhe music pasand hai please,0
hey naan nalla iruken,0
mujhe music pasand hai please,0
save me,1
save me now,1
hey koi mera peecha kar raha hai,1
hey udhavi pannunga,1
police ah koopdunga,1
i am fine!!!,0
time enna bro,0
uh someone is following me,1
hey naan college pogiren,0
NAAN OK BRO,0
hey emergency hai,1
naan padikkiren now,0
hey naan padikkiren,0
madad karo now,1
uh i am scared,1
uh good morning,0
emergency hai!!!,1
uh koi mera peecha kar raha hai,1
someone is following me!!!,1
hello how are you please,0
emergency hai,1
emergency ah irukku now,1
main theek hoon please,0
emergency hai,1
uh call the police,1
bhai help karo!!!,1
EMERGENCY HAI,1
POLICE KO BULAO,1
NAAN COLLEGE POGIREN,0
seekiram help pannunga please,1
MUJHE MUSIC PASAND HAI,0
naan college pogiren,0
hey naan aabathil iruken,1
hello how are you!!!,0
hey someone is following me,1
help karo,1
save me now,1
enakku music pidikkum please,0
CALL THE POLICE,1
i am going to college bro,0
hey time kya hua hai,0
ennai kappathunga,1
uh good morning,0
jaldi madad karo,1
police ko bulao,1
mujhe music pasand hai bro,0
MAIN PADHAI KAR RAHA HOON,0
what is the time,0
YAARO ENNAI PIN THODARANGA,1
mujhe music pasand hai,0
hey main theek hoon,0
i am fine now,0
i am studying please,0
hey main padhai kar raha hoon,0
SEEKIRAM HELP PANNUNGA,1
hey main khatre mein hoon,1
time kya hua hai bro,0
hello how are you now,0
naan college pogiren now,0
hey i am in danger,1
mujhe bachao bro,1
call the police!!!,1
chill bro please,0
MAIN PADHAI KAR RAHA HOON,0
yaaro ennai pin thodaranga now,1
hey i like music,0
mujhe bachao please,1
i am fine bro,0
naan aabathil iruken now,1
help me now,1
time kya hua hai bro,0
uh naan college pogiren,0
hey bhai help karo,1
naan college pogiren please,0
good morning!!!,0
please help please,1
naan happy ah iruken now,0
main college ja raha hoon!!!,0
hey good morning,0
jaldi madad karo bro,1
mujhe music pasand hai!!!,0
hey naan padikkiren,0
I AM FINE,0
someone is following me!!!,1
uh mujhe music pasand hai,0
enakku music pidikkum please,0
koi mera peecha kar raha hai please,1
ENAKKU MUSIC PIDIKKUM,0
NAAN AABATHIL IRUKEN,1
hello how are you,0
ENNA HELP PANNUNGA,1
please help now,1
good morning now,0
naan aabathil iruken bro,1
hey call the police,1
mujhe music pasand hai!!!,0
good morning bro,0
main college ja raha hoon now,0
uh madad karo,1
main college ja raha hoon!!!,0
ennai kappathunga please,1
koi mera peecha kar raha hai,1
uh police ko bulao,1
I AM STUDYING,0
i am fine!!!,0
main theek hoon please,0
udhavi pannunga now,1
naan nalla iruken please,0
hey hello how are you,0
uh i feel unsafe,1
uh chill bro,0
i am studying please,0
enna help pannunga bro,1
seekiram help pannunga!!!,1
hey help me,1
i am studying!!!,0
i feel unsafe,1
i am going to college now,0
MUJHE HELP CHAHIYE,1
hey naan padikkiren,0
naan aabathil iruken bro,1
emergency hai bro,1
HELLO HOW ARE YOU,0
uh naan ok bro,0
hey udhavi pannunga,1
i am going to college please,0
emergency ah irukku!!!,1
i am scared!!!,1
hey chill bro,0
main college ja raha hoon now,0
good morning now,0
uh naan nalla iruken,0
i am scared,1
main padhai kar raha hoon please,0
good morning bro,0
what is the time now,0
mujhe music pasand hai bro,0
uh all good yaar,0
naan happy ah iruken bro,0
hey police ko bulao,1
emergency ah irukku now,1
madad karo,1
hey naan aabathil iruken,1
jaldi madad karo,1
main khatre mein hoon please,1
uh i am going to college,0
uh i am in danger,1
time kya hua hai,0
i am going to college!!!,0
hey mujhe music pasand hai,0
naan college pogiren,0
what is the time please,0
naan college pogiren!!!,0
MAIN FINE HOON BRO,0
hey i am going to college,0
main theek hoon now,0
koi mera peecha kar raha hai!!!,1
i am fine please,0
I AM IN DANGER,1
seekiram help pannunga please,1
i like music now,0
hey emergency ah irukku,1
emergency ah irukku bro,1
good morning!!!,0
naan padikkiren!!!,0
ENNAI KAPPATHUNGA,1
mujhe help chahiye now,1
i am studying now,0
UDHAVI PANNUNGA,1
uh hello how are you,0
main theek hoon!!!,0
MAIN THEEK HOON,0
uh call the police,1
time enna bro,0
time enna please,0
good morning!!!,0
save me now,1
EMERGENCY HAI,1
i feel unsafe please,1
hey i am going to college,0
uh main khatre mein hoon,1
madad karo please,1
UDHAVI PANNUNGA,1
uh mujhe dar lag raha hai,1
please madad karo,1
enakku bayama irukku bro,1
I FEEL UNSAFE,1
uh mujhe music pasand hai,0
what is the time now,0
i am fine!!!,0
time kya hua hai!!!,0
please help pannunga please,1
good morning,0
time enna now,0
all good yaar now,0
naan padikkiren!!!,0
naan nalla iruken now,0
good morning please,0
i am scared now,1
MUJHE MUSIC PASAND HAI,0
I AM IN DANGER,1
uh time enna,0
i like music bro,0
naan happy ah iruken!!!,0
what is the time!!!,0
good morning bro,0
naan college pogiren!!!,0
i like music!!!,0
time enna,0
TIME KYA HUA HAI,0
naan nalla iruken now,0
emergency hai,1
naan college pogiren bro,0
i am fine please,0
ennai kappathunga now,1
i am in danger!!!,1
I AM FINE,0
naan aabathil iruken,1
jaldi madad karo now,1
main khatre mein hoon!!!,1
naan padikkiren,0
JALDI MADAD KARO,1
police ko bulao,1
emergency ah irukku bro,1
hey what is the time,0
seekiram help pannunga bro,1
i am fine now,0
time enna please,0
i am scared!!!,1
what is the time bro,0
hey i am in danger,1
time enna,0
hey udhavi pannunga,1
naan aabathil iruken bro,1
hey i like music,0
i like music bro,0
please madad karo now,1
uh time kya hua hai,0
mujhe bachao please,1
I FEEL UNSAFE,1
what is the time,0
i am fine now,0
naan ok bro,0
MAIN PADHAI KAR RAHA HOON,0
i like music now,0
jaldi madad karo please,1
mujhe music pasand hai!!!,0
please help now,1
uh main theek hoon,0
naan aabathil iruken!!!,1
someone is following me!!!,1
i am scared bro,1
good morning,0
help me bro,1
what is the time now,0
main college ja raha hoon!!!,0
main college ja raha hoon!!!,0
save me,1
uh police ah koopdunga,1
mujhe music pasand hai now,0
i like music now,0
emergency ah irukku bro,1
naan padikkiren!!!,0
enakku bayama irukku,1
emergency ah irukku,1
time enna,0
koi mera peecha kar raha hai now,1
MAIN KHATRE MEIN HOON,1
emergency hai!!!,1
hey sab theek hai,0
time kya hua hai,0
emergency hai now,1
police ah koopdunga!!!,1
time kya hua hai bro,0
MAIN KHATRE MEIN HOON,1
i am studying bro,0
mujhe music pasand hai please,0
what is the time bro,0
mujhe music pasand hai!!!,0
WHAT IS THE TIME,0
bhai help karo!!!,1
main khatre mein hoon now,1
seekiram help pannunga,1
good morning bro,0
madad karo bro,1
uh i am scared,1
MAIN FINE HOON BRO,0
uh save me,1
i am fine!!!,0
naan padikkiren please,0
naan ok bro now,0
udhavi pannunga bro,1
mujhe bachao please,1
uh i am going to college,0
someone is following me now,1
hey please help,1
hey main khatre mein hoon,1
emergency hai now,1
please madad karo!!!,1
EMERGENCY AH IRUKKU,1
MAIN FINE HOON BRO,0
time kya hua hai now,0
hey main padhai kar raha hoon,0
yaaro ennai pin thodaranga please,1
good morning,0
i am going to college,0
hey i am going to college,0
emergency ah irukku!!!,1
time enna please,0
I FEEL UNSAFE,1
help me now,1
HELP KARO,1
hey mujhe music pasand hai,0
hello how are you now,0
udhavi pannunga,1
naan aabathil iruken bro,1
please help!!!,1
uh main theek hoon,0
GOOD MORNING,0
enakku music pidikkum,0
naan padikkiren now,0
save me now,1
seekiram help pannunga now,1
HELP ME,1
hey enna help pannunga,1
main theek hoon bro,0
hey mujhe help chahiye,1
help venum!!!,1
enakku music pidikkum bro,0
mujhe bachao please,1
i like music!!!,0
save me please,1
save me now,1
ENAKKU MUSIC PIDIKKUM,0
main padhai kar raha hoon,0
please help now,1
madad karo please,1
time enna please,0
main khatre mein hoon now,1
i feel unsafe please,1
uh what is the time,0
save me now,1
enakku music pidikkum please,0
uh police ah koopdunga,1
I AM IN DANGER,1
i am scared now,1
POLICE KO BULAO,1
i like music,0
mujhe music pasand hai now,0
hey yaaro ennai pin thodaranga,1
main fine hoon bro now,0
hey i feel unsafe,1
hey enakku bayama irukku,1
emergency hai!!!,1
SAB THEEK HAI,0
mujhe dar lag raha hai please,1
save me now,1
uh time kya hua hai,0
hey koi mera peecha kar raha hai,1
koi mera peecha kar raha hai,1
time enna bro,0
naan nalla iruken bro,0
sab theek hai please,0
jaldi madad karo!!!,1
someone is following me now,1
hey main fine hoon bro,0
mujhe bachao,1
SEEKIRAM HELP PANNUNGA,1
jaldi madad karo!!!,1
hey i am scared,1
uh good morning,0
UDHAVI PANNUNGA,1
uh all good yaar,0
someone is following me now,1
i am scared please,1
hey naan ok bro,0
i am going to college,0
hey naan aabathil iruken,1
i feel unsafe!!!,1
call the police!!!,1
naan college pogiren now,0
NAAN NALLA IRUKEN,0
main fine hoon bro please,0
hello how are you,0
enakku bayama irukku!!!,1
mujhe music pasand hai bro,0
help venum now,1
i am studying now,0
help venum!!!,1
mujhe music pasand hai now,0
time kya hua hai,0
i am studying bro,0
i am fine bro,0
NAAN PADIKKIREN,0
save me!!!,1
mujhe music pasand hai now,0
time kya hua hai,0
hey naan nalla iruken,0
uh mujhe music pasand hai,0
save me please,1
JALDI MADAD KARO,1
yaaro ennai pin thodaranga,1
naan padikkiren,0
i am scared please,1
police ah koopdunga!!!,1
uh enakku bayama irukku,1
hey main college ja raha hoon,0
naan ok bro bro,0
SAVE ME,1
uh mujhe music pasand hai,0
main fine hoon bro,0
hey emergency ah irukku,1
uh koi mera peecha kar raha hai,1
naan happy ah iruken now,0
hello how are you!!!,0
uh seekiram help pannunga,1
hey hello how are you,0
good morning,0
police ah koopdunga!!!,1
MADAD KARO,1
HELP VENUM,1
uh udhavi pannunga,1
BHAI HELP KARO,1
YAARO ENNAI PIN THODARANGA,1
uh enna help pannunga,1
i feel unsafe please,1
someone is following me please,1
main theek hoon please,0
I AM STUDYING,0
naan padikkiren bro,0
I AM FINE,0
police ah koopdunga bro,1
uh ennai kappathunga,1
main theek hoon bro,0
help me bro,1
i am going to college,0
i am in danger!!!,1
udhavi pannunga please,1
hey bhai help karo,1
hey mujhe dar lag raha hai,1
i am going to college!!!,0
hey koi mera peecha kar raha hai,1
help me now,1
naan padikkiren please,0
good morning now,0
good morning bro,0
naan aabathil iruken now,1
seekiram help pannunga,1
time enna!!!,0
koi mera peecha kar raha hai,1
mujhe music pasand hai bro,0
call the police now,1
hey enakku music pidikkum,0
uh emergency ah irukku,1
uh naan college pogiren,0
hey please help,1
enna help pannunga bro,1
i feel unsafe bro,1
main college ja raha hoon please,0
hello how are you!!!,0
uh naan aabathil iruken,1
NAAN PADIKKIREN,0
naan padikkiren!!!,0
hey main khatre mein hoon,1
HELP ME,1
good morning bro,0
police ko bulao!!!,1
good morning,0
uh help venum,1
ennai kappathunga bro,1
i feel unsafe please,1
i am studying please,0
uh all good yaar,0
I FEEL UNSAFE,1
emergency ah irukku now,1
mujhe dar lag raha hai now,1
udhavi pannunga,1
I AM STUDYING,0
uh i am going to college,0
WHAT IS THE TIME,0
uh udhavi pannunga,1
hey main theek hoon,0
uh naan nalla iruken,0
police ah koopdunga now,1
naan nalla iruken now,0
hey main college ja raha hoon,0
HELLO HOW ARE YOU,0
i am studying bro,0
good morning bro,0
hey all good yaar,0
naan nalla iruken bro,0
please madad karo now,1
i like music now,0
uh main college ja raha hoon,0
police ah koopdunga please,1
i am scared now,1
please madad karo now,1
udhavi pannunga,1
uh please help,1
madad karo bro,1
please help bro,1
please madad karo!!!,1
naan college pogiren,0
hey what is the time,0
udhavi pannunga now,1
time kya hua hai,0
uh naan aabathil iruken,1
hey what is the time,0
main theek hoon bro,0
uh mujhe dar lag raha hai,1
uh save me,1
emergency ah irukku!!!,1
please help pannunga now,1
mujhe bachao,1
EMERGENCY HAI,1
i am scared please,1
hey help me,1
hello how are you now,0
main padhai kar raha hoon please,0
uh good morning,0
please help bro,1
i like music bro,0
good morning bro,0
uh emergency hai,1
i like music bro,0
call the police bro,1
naan nalla iruken bro,0
help me!!!,1
SEEKIRAM HELP PANNUNGA,1
naan nalla iruken!!!,0
time enna,0
SAVE ME,1
i am scared,1
good morning now,0
koi mera peecha kar raha hai please,1
i am going to college!!!,0
NAAN NALLA IRUKEN,0
main padhai kar raha hoon!!!,0
uh main padhai kar raha hoon,0
main padhai kar raha hoon!!!,0
i am scared,1
enakku music pidikkum please,0
time kya hua hai now,0
i am fine bro,0
hey main padhai kar raha hoon,0
hey i am in danger,1
hey emergency ah irukku,1
uh help venum,1
i like music bro,0
madad karo!!!,1
i am fine!!!,0
JALDI MADAD KARO,1
i am going to college bro,0
i am in danger now,1
i am going to college!!!,0
hey yaaro ennai pin thodaranga,1
what is the time!!!,0
hey i like music,0
what is the time now,0
help karo bro,1
police ah koopdunga now,1
SEEKIRAM HELP PANNUNGA,1
good morning bro,0
i am fine now,0
uh seekiram help pannunga,1
uh yaaro ennai pin thodaranga,1
main padhai kar raha hoon,0
hey i like music,0
i am in danger!!!,1
hey main khatre mein hoon,1
i am scared,1
YAARO ENNAI PIN THODARANGA,1
uh i feel unsafe,1
PLEASE MADAD KARO,1
MAIN KHATRE MEIN HOON,1
jaldi madad karo bro,1
i am studying bro,0
I AM GOING TO COLLEGE,0
main khatre mein hoon bro,1
naan college pogiren please,0
uh what is the time,0
madad karo please,1
please madad karo please,1
uh i am fine,0
enakku bayama irukku bro,1
ennai kappathunga please,1
NAAN PADIKKIREN,0
hey naan aabathil iruken,1
hey i am scared,1
good morning now,0
seekiram help pannunga,1
uh emergency hai,1
naan aabathil iruken bro,1
seekiram help pannunga,1
main padhai kar raha hoon please,0
hey hello how are you,0
jaldi madad karo!!!,1
time kya hua hai now,0
main khatre mein hoon please,1
emergency hai!!!,1
i am in danger please,1
i am scared please,1
good morning,0
uh naan nalla iruken,0
mujhe help chahiye!!!,1
uh time enna,0
help me bro,1
i am in danger!!!,1
naan aabathil iruken!!!,1
good morning!!!,0
ennai kappathunga please,1
hey main khatre mein hoon,1
uh main college ja raha hoon,0
main theek hoon now,0
I AM SCARED,1
mujhe music pasand hai!!!,0
mujhe music pasand hai now,0
main theek hoon please,0
mujhe bachao now,1
call the police!!!,1
enna help pannunga bro,1
chill bro now,0
good morning!!!,0
main khatre mein hoon now,1
bhai help karo now,1
someone is following me bro,1
emergency ah irukku bro,1
uh naan happy ah iruken,0
seekiram help pannunga,1
udhavi pannunga!!!,1
naan ok bro,0
uh i am studying,0
naan college pogiren,0
main padhai kar raha hoon bro,0
all good yaar now,0
MUJHE DAR LAG RAHA HAI,1
hey time kya hua hai,0
mujhe music pasand hai!!!,0
ennai kappathunga!!!,1
uh naan college pogiren,0
madad karo now,1
YAARO ENNAI PIN THODARANGA,1
good morning please,0
uh mujhe bachao,1
yaaro ennai pin thodaranga bro,1
main college ja raha hoon,0
help me please,1
i am scared!!!,1
hey i feel unsafe,1
NAAN COLLEGE POGIREN,0
yaaro ennai pin thodaranga bro,1
main college ja raha hoon now,0
enakku bayama irukku,1
mujhe bachao,1
i am going to college bro,0
enna help pannunga now,1
time enna,0
I AM IN DANGER,1
mujhe dar lag raha hai,1
udhavi pannunga,1
police ko bulao now,1
uh jaldi madad karo,1
uh sab theek hai,0
i feel unsafe!!!,1
EMERGENCY HAI,1
GOOD MORNING,0
MUJHE MUSIC PASAND HAI,0
good morning bro,0
uh main padhai kar raha hoon,0
main fine hoon bro!!!,0
uh please help,1
please help please,1
uh all good yaar,0
uh naan aabathil iruken,1
bhai help karo!!!,1
madad karo please,1
hey ennai kappathunga,1
i am scared please,1
mujhe music pasand hai!!!,0
enakku music pidikkum bro,0
police ah koopdunga please,1
madad karo please,1
naan padikkiren bro,0
hey main padhai kar raha hoon,0
enakku bayama irukku!!!,1
hey police ko bulao,1
JALDI MADAD KARO,1
GOOD MORNING,0
hey help venum,1
hey help me,1
good morning now,0
uh enakku music pidikkum,0
uh main padhai kar raha hoon,0
enna help pannunga!!!,1
time kya hua hai please,0
main padhai kar raha hoon now,0
please help!!!,1
NAAN NALLA IRUKEN,0
hey mujhe bachao,1
i am in danger please,1
mujhe dar lag raha hai!!!,1
hey time kya hua hai,0
naan nalla iruken now,0
help me now,1
uh mujhe dar lag raha hai,1
uh save me,1
save me please,1
hey enakku bayama irukku,1
uh yaaro ennai pin thodaranga,1
sab theek hai now,0
hey naan happy ah iruken,0
uh i am scared,1
i am fine now,0
hey naan college pogiren,0
sab theek hai!!!,0
hey emergency ah irukku,1
good morning,0
uh koi mera peecha kar raha hai,1
uh call the police,1
good morning now,0
hey naan padikkiren,0
hey jaldi madad karo,1
naan college pogiren now,0
main theek hoon,0
MAIN THEEK HOON,0
hey time enna,0
police ko bulao now,1
i am scared please,1
time kya hua hai now,0
what is the time!!!,0
enna help pannunga,1
hey mujhe bachao,1
ennai kappathunga!!!,1
uh naan aabathil iruken,1
i am going to college!!!,0
uh i like music,0
TIME ENNA,0
YAARO ENNAI PIN THODARANGA,1
hey good morning,0
save me bro,1
main theek hoon,0
yaaro ennai pin thodaranga please,1
uh i am in danger,1
main padhai kar raha hoon!!!,0
i like music please,0
madad karo now,1
hey i am fine,0
seekiram help pannunga now,1
udhavi pannunga now,1
uh naan aabathil iruken,1
HELLO HOW ARE YOU,0
jaldi madad karo,1
i am studying!!!,0
uh i feel unsafe,1
please help,1
uh udhavi pannunga,1
main padhai kar raha hoon please,0
hey enakku music pidikkum,0
main theek hoon!!!,0
i am scared bro,1
mujhe help chahiye,1
hey seekiram help pannunga,1
good morning now,0
MUJHE MUSIC PASAND HAI,0
i feel unsafe,1
uh main khatre mein hoon,1
naan nalla iruken,0
main college ja raha hoon bro,0
please help pannunga bro,1
sab theek hai,0
yaaro ennai pin thodaranga please,1
all good yaar now,0
main theek hoon please,0
uh i am going to college,0
good morning bro,0
NAAN COLLEGE POGIREN,0
CHILL BRO,0
call the police bro,1
main theek hoon!!!,0
hey hello how are you,0
someone is following me,1
bhai help karo now,1
hey help me,1
hello how are you please,0
good morning bro,0
i like music please,0
police ko bulao bro,1
i am scared now,1
mujhe music pasand hai!!!,0
uh naan ok bro,0
i am going to college,0
i am studying,0
sab theek hai!!!,0
yaaro ennai pin thodaranga!!!,1
time enna now,0
mujhe music pasand hai now,0
call the police!!!,1
i like music now,0
mujhe bachao please,1
hello how are you now,0
GOOD MORNING,0
time kya hua hai,0
naan happy ah iruken please,0
time enna bro,0
time kya hua hai now,0
uh enakku music pidikkum,0
someone is following me please,1
i am going to college bro,0
time enna now,0
please help pannunga now,1
naan padikkiren please,0
hey madad karo,1
mujhe music pasand hai now,0
uh i am studying,0
hey enna help pannunga,1
uh good morning,0
enakku bayama irukku now,1
ENNAI KAPPATHUNGA,1
naan aabathil iruken please,1
hello how are you,0
hey i like music,0
enakku music pidikkum please,0
i am studying!!!,0
uh koi mera peecha kar raha hai,1
naan college pogiren,0
i like music bro,0
i am going to college,0
help me please,1
all good yaar!!!,0
enakku bayama irukku bro,1
enakku music pidikkum!!!,0
hey yaaro ennai pin thodaranga,1
ENAKKU BAYAMA IRUKKU,1
hey time enna,0
i am going to college,0
someone is following me please,1
hey hello how are you,0
naan college pogiren now,0
uh time kya hua hai,0
someone is following me,1
hello how are you!!!,0
PLEASE HELP PANNUNGA,1
i am scared,1
i feel unsafe please,1
hey naan happy ah iruken,0
naan nalla iruken now,0
hey main theek hoon,0
save me now,1
i am fine now,0
save me please,1
hello how are you now,0
i am studying please,0
mujhe help chahiye please,1
uh mujhe bachao,1
emergency hai!!!,1
hey call the police,1
i am fine now,0
naan nalla iruken please,0
hello how are you bro,0
hey naan aabathil iruken,1
i like music!!!,0
hello how are you now,0
uh enakku bayama irukku,1
GOOD MORNING,0
mujhe music pasand hai now,0
naan happy ah iruken bro,0
hey i am going to college,0
hey police ko bulao,1
emergency hai!!!,1
i am scared now,1
hey what is the time,0
someone is following me,1
what is the time now,0
naan nalla iruken!!!,0
naan nalla iruken now,0
JALDI MADAD KARO,1
main theek hoon please,0
naan padikkiren now,0
TIME KYA HUA HAI,0
help venum bro,1
hey save me,1
ENAKKU MUSIC PIDIKKUM,0
uh please help,1
time enna bro,0
NAAN NALLA IRUKEN,0
main padhai kar raha hoon!!!,0
enna help pannunga bro,1
I LIKE MUSIC,0
I AM FINE,0
hey mujhe bachao,1
mujhe music pasand hai!!!,0
uh i am studying,0
good morning,0
please help pannunga please,1
hey enakku music pidikkum,0
good morning bro,0
GOOD MORNING,0
save me now,1
i am studying,0
hey i am studying,0
i like music,0
i feel unsafe please,1
i am going to college bro,0
mujhe music pasand hai bro,0
i am going to college!!!,0
i am studying please,0
time kya hua hai!!!,0
naan college pogiren bro,0
police ko bulao!!!,1
uh naan padikkiren,0
bhai help karo please,1
police ah koopdunga,1
hey i am in danger,1
main theek hoon!!!,0
uh i like music,0
emergency ah irukku!!!,1
main khatre mein hoon please,1
hey help karo,1
mujhe dar lag raha hai now,1
uh main khatre mein hoon,1
hello how are you!!!,0
main college ja raha hoon,0
help me!!!,1
POLICE KO BULAO,1
enakku bayama irukku bro,1
EMERGENCY HAI,1
udhavi pannunga,1
save me bro,1
what is the time!!!,0
main college ja raha hoon please,0
udhavi pannunga please,1
hey naan ok bro,0
hey all good yaar,0
emergency hai,1
good morning please,0
hey enakku music pidikkum,0
uh naan nalla iruken,0
someone is following me bro,1
NAAN HAPPY AH IRUKEN,0
HELP ME,1
enakku music pidikkum please,0
help me please,1
udhavi pannunga please,1
main khatre mein hoon now,1
MADAD KARO,1
MUJHE BACHAO,1
emergency ah irukku bro,1
uh help me,1
naan nalla iruken bro,0
naan aabathil iruken please,1
i am going to college,0
mujhe music pasand hai please,0
hey i like music,0
naan padikkiren bro,0
good morning,0
uh i am in danger,1
main padhai kar raha hoon!!!,0
hello how are you bro,0
enakku bayama irukku please,1
enakku music pidikkum bro,0
please help now,1
emergency ah irukku please,1
mujhe dar lag raha hai,1
MAIN COLLEGE JA RAHA HOON,0
call the police now,1
mujhe music pasand hai now,0
i am fine please,0
save me!!!,1
uh save me,1
call the police now,1
emergency hai please,1
time kya hua hai please,0
NAAN NALLA IRUKEN,0
i feel unsafe,1
mujhe bachao please,1
hey main theek hoon,0
udhavi pannunga bro,1
emergency hai now,1
naan padikkiren please,0
JALDI MADAD KARO,1
yaaro ennai pin thodaranga!!!,1
main fine hoon bro please,0
main college ja raha hoon bro,0
main padhai kar raha hoon bro,0
call the police bro,1
enakku music pidikkum please,0
police ko bulao!!!,1
i am going to college,0
naan padikkiren bro,0
hey time enna,0
uh naan college pogiren,0
PLEASE HELP,1
uh call the police,1
i am scared,1
police ah koopdunga now,1
NAAN NALLA IRUKEN,0
uh someone is following me,1
hey i am fine,0
mujhe dar lag raha hai bro,1
hey what is the time,0
hey police ah koopdunga,1
i am studying!!!,0
uh naan nalla iruken,0
uh enakku music pidikkum,0
hey mujhe dar lag raha hai,1
naan aabathil iruken!!!,1
good morning!!!,0
hey time kya hua hai,0
hey someone is following me,1
naan nalla iruken now,0
help venum!!!,1
ENAKKU BAYAMA IRUKKU,1
uh naan aabathil iruken,1
help venum please,1
madad karo please,1
emergency hai!!!,1
hey ennai kappathunga,1
mujhe dar lag raha hai now,1
what is the time bro,0
MAIN THEEK HOON,0
uh someone is following me,1
i feel unsafe,1
police ah koopdunga!!!,1
jaldi madad karo bro,1
what is the time!!!,0
yaaro ennai pin thodaranga!!!,1
hey save me,1
what is the time now,0
naan aabathil iruken!!!,1
good morning,0
hey i am fine,0
madad karo,1
uh main theek hoon,0
naan nalla iruken bro,0
uh main khatre mein hoon,1
i like music,0
uh someone is following me,1
hey mujhe bachao,1
uh main khatre mein hoon,1
police ah koopdunga bro,1
i like music bro,0
madad karo bro,1
naan nalla iruken please,0
I AM STUDYING,0
please madad karo!!!,1
NAAN AABATHIL IRUKEN,1
hey all good yaar,0
sab theek hai,0
hello how are you,0
NAAN AABATHIL IRUKEN,1
call the police bro,1
help me bro,1
hey please madad karo,1
hey emergency ah irukku,1
NAAN COLLEGE POGIREN,0
i feel unsafe now,1
main theek hoon!!!,0
hey udhavi pannunga,1
naan padikkiren now,0
hey i am in danger,1
seekiram help pannunga,1
save me,1
uh naan padikkiren,0
hey please help pannunga,1
uh save me,1
HELLO HOW ARE YOU,0
hey mujhe help chahiye,1
hey seekiram help pannunga,1
time kya hua hai bro,0
NAAN OK BRO,0
naan aabathil iruken please,1
SEEKIRAM HELP PANNUNGA,1
enakku music pidikkum bro,0
I AM SCARED,1
main theek hoon,0
hey enakku music pidikkum,0
uh time enna,0
i am fine bro,0
what is the time!!!,0
hello how are you bro,0
uh bhai help karo,1
main padhai kar raha hoon please,0
mujhe music pasand hai now,0
GOOD MORNING,0
uh time kya hua hai,0
hey someone is following me,1
good morning please,0
please help bro,1
uh naan padikkiren,0
time enna now,0
i am scared now,1
call the police!!!,1
NAAN NALLA IRUKEN,0
SAB THEEK HAI,0
all good yaar,0
naan nalla iruken!!!,0
MUJHE MUSIC PASAND HAI,0
ennai kappathunga bro,1
i feel unsafe,1
mujhe dar lag raha hai,1
time enna!!!,0
hey hello how are you,0
hey help me,1
hey main padhai kar raha hoon,0
hey someone is following me,1
GOOD MORNING,0
I AM SCARED,1
hey good morning,0
EMERGENCY AH IRUKKU,1
good morning!!!,0
KOI MERA PEECHA KAR RAHA HAI,1
mujhe music pasand hai,0
hey what is the time,0
WHAT IS THE TIME,0
uh naan padikkiren,0
udhavi pannunga,1
naan ok bro please,0
i am fine now,0
emergency hai!!!,1
TIME KYA HUA HAI,0
uh hello how are you,0
hey good morning,0
hey mujhe bachao,1
save me,1
naan padikkiren now,0
uh naan nalla iruken,0
hey koi mera peecha kar raha hai,1
uh i like music,0
help karo now,1
MAIN KHATRE MEIN HOON,1
main college ja raha hoon!!!,0
naan ok bro,0
mujhe music pasand hai now,0
uh main college ja raha hoon,0
seekiram help pannunga bro,1
hey jaldi madad karo,1
hey good morning,0
i am going to college please,0
TIME ENNA,0
naan nalla iruken bro,0
help me please,1
jaldi madad karo please,1
main padhai kar raha hoon!!!,0
enakku music pidikkum,0
YAARO ENNAI PIN THODARANGA,1
uh i am going to college,0
uh naan nalla iruken,0
police ah koopdunga please,1
main theek hoon,0
what is the time please,0
help venum!!!,1
save me!!!,1
i feel unsafe!!!,1
POLICE AH KOOPDUNGA,1
all good yaar please,0
good morning!!!,0
police ah koopdunga now,1
i am studying now,0
uh main theek hoon,0
i am studying bro,0
main khatre mein hoon now,1
time enna bro,0
ENAKKU MUSIC PIDIKKUM,0
ENNA HELP PANNUNGA,1
mujhe bachao now,1
udhavi pannunga,1
hello how are you bro,0
hello how are you bro,0
I AM STUDYING,0
uh police ko bulao,1
naan ok bro now,0
call the police please,1
hey i am in danger,1
uh police ko bulao,1
hey jaldi madad karo,1
koi mera peecha kar raha hai bro,1
mujhe bachao please,1
seekiram help pannunga,1
i like music bro,0
hey i like music,0
good morning,0
uh main khatre mein hoon,1
main theek hoon,0
mujhe music pasand hai,0
good morning!!!,0
main padhai kar raha hoon please,0
naan college pogiren!!!,0
main college ja raha hoon,0
hey i feel unsafe,1
someone is following me!!!,1
hey enakku bayama irukku,1
someone is following me bro,1
i am in danger!!!,1
chill bro now,0
koi mera peecha kar raha hai please,1
mujhe music pasand hai now,0
help venum!!!,1
help me!!!,1
SAVE ME,1
HELP ME,1
call the police now,1
main college ja raha hoon,0
sab theek hai,0
mujhe bachao,1
call the police,1
hey seekiram help pannunga,1
udhavi pannunga please,1
police ko bulao,1
uh naan aabathil iruken,1
main padhai kar raha hoon,0
good morning!!!,0
hey chill bro,0
enakku bayama irukku,1
police ko bulao please,1
i am scared bro,1
uh naan nalla iruken,0
naan aabathil iruken please,1
hey ennai kappathunga,1
emergency ah irukku please,1
mujhe music pasand hai bro,0
someone is following me please,1
mujhe music pasand hai now,0
ennai kappathunga,1
ENAKKU BAYAMA IRUKKU,1
hey i am studying,0
save me,1
i am scared!!!,1
naan happy ah iruken,0
save me!!!,1
enakku bayama irukku bro,1
naan nalla iruken now,0
WHAT IS THE TIME,0
emergency ah irukku!!!,1
mujhe help chahiye bro,1
NAAN COLLEGE POGIREN,0
main fine hoon bro!!!,0
hey please help,1
naan aabathil iruken bro,1
hey good morning,0
main khatre mein hoon now,1
i like music!!!,0
good morning!!!,0
i am studying now,0
all good yaar!!!,0
i am studying,0
what is the time!!!,0
PLEASE MADAD KARO,1
someone is following me!!!,1
hey main theek hoon,0
uh seekiram help pannunga,1
ennai kappathunga,1
udhavi pannunga now,1
hey police ah koopdunga,1
jaldi madad karo,1
mujhe dar lag raha hai now,1
hey help me,1
mujhe music pasand hai bro,0
mujhe music pasand hai please,0
time kya hua hai please,0
hey yaaro ennai pin thodaranga,1
i am in danger now,1
uh mujhe music pasand hai,0
jaldi madad karo!!!,1
naan aabathil iruken bro,1
police ah koopdunga,1
WHAT IS THE TIME,0
uh naan ok bro,0
naan nalla iruken!!!,0
i feel unsafe bro,1
hey jaldi madad karo,1
uh yaaro ennai pin thodaranga,1
someone is following me,1
SEEKIRAM HELP PANNUNGA,1
main khatre mein hoon,1
hey police ah koopdunga,1
hey mujhe bachao,1
seekiram help pannunga bro,1
i like music bro,0
i feel unsafe bro,1
naan padikkiren,0
PLEASE MADAD KARO,1
emergency ah irukku!!!,1
mujhe bachao now,1
naan padikkiren please,0
police ah koopdunga,1
POLICE KO BULAO,1
uh naan nalla iruken,0
enakku bayama irukku please,1
someone is following me bro,1
main college ja raha hoon please,0
i am scared now,1
good morning bro,0
police ko bulao please,1
mujhe music pasand hai please,0
uh emergency ah irukku,1
uh please help pannunga,1
i am fine bro,0
ennai kappathunga bro,1
uh naan college pogiren,0
time kya hua hai now,0
uh good morning,0
udhavi pannunga!!!,1
uh main khatre mein hoon,1
time enna please,0
uh mujhe help chahiye,1
hey hello how are you,0
save me,1
hey please help,1
hey chill bro,0
someone is following me now,1
i like music bro,0
i am studying!!!,0
seekiram help pannunga,1
uh jaldi madad karo,1
please help now,1
sab theek hai now,0
call the police now,1
enakku music pidikkum,0
main padhai kar raha hoon!!!,0
uh good morning,0
emergency hai please,1
i like music,0
naan padikkiren now,0
emergency hai!!!,1
i like music please,0
seekiram help pannunga please,1
naan ok bro,0
time kya hua hai now,0
i am fine!!!,0
madad karo now,1
jaldi madad karo please,1
someone is following me now,1
hey emergency hai,1
time kya hua hai please,0
enakku music pidikkum please,0
uh koi mera peecha kar raha hai,1
mujhe music pasand hai now,0
uh seekiram help pannunga,1
mujhe help chahiye now,1
hey udhavi pannunga,1
i am in danger,1
i am scared now,1
i like music,0
enakku bayama irukku!!!,1
seekiram help pannunga bro,1
MADAD KARO,1
jaldi madad karo please,1
police ah koopdunga please,1
HELP VENUM,1
KOI MERA PEECHA KAR RAHA HAI,1
uh main padhai kar raha hoon,0
call the police now,1
sab theek hai please,0
uh main college ja raha hoon,0
call the police bro,1
uh i feel unsafe,1
hey sab theek hai,0
uh sab theek hai,0
MAIN KHATRE MEIN HOON,1
i am studying please,0
mujhe help chahiye now,1
all good yaar!!!,0
i feel unsafe!!!,1
PLEASE HELP,1
emergency ah irukku now,1
police ko bulao,1
hello how are you bro,0
uh jaldi madad karo,1
help me now,1
hey sab theek hai,0
uh naan college pogiren,0
save me!!!,1
uh what is the time,0
mujhe bachao,1
hey enna help pannunga,1
good morning bro,0
koi mera peecha kar raha hai!!!,1
hey yaaro ennai pin thodaranga,1
uh emergency hai,1
hey please help pannunga,1
naan aabathil iruken please,1
hey i am fine,0
naan aabathil iruken!!!,1
SOMEONE IS FOLLOWING ME,1
uh jaldi madad karo,1
udhavi pannunga now,1
POLICE AH KOOPDUNGA,1
udhavi pannunga please,1
mujhe dar lag raha hai!!!,1
naan aabathil iruken now,1
hey good morning,0
POLICE KO BULAO,1
hey naan happy ah iruken,0
please help pannunga!!!,1
police ah koopdunga!!!,1
hey i like music,0
uh i feel unsafe,1
hello how are you now,0
i am fine,0
i am fine!!!,0
mujhe bachao bro,1
uh please help,1
naan padikkiren,0
i am studying,0
ennai kappathunga bro,1
hey enna help pannunga,1
good morning!!!,0
good morning please,0
naan college pogiren!!!,0
mujhe bachao!!!,1
hey seekiram help pannunga,1
ennai kappathunga please,1
uh emergency ah irukku,1
MAIN KHATRE MEIN HOON,1
bhai help karo now,1
uh naan aabathil iruken,1
hey koi mera peecha kar raha hai,1
hey main khatre mein hoon,1
MUJHE BACHAO,1
time enna please,0
uh what is the time,0
save me,1
hello how are you,0
hey main fine hoon bro,0
naan nalla iruken!!!,0
time enna,0
hello how are you please,0
emergency hai bro,1
help venum bro,1
yaaro ennai pin thodaranga bro,1
naan ok bro,0
i am studying,0
MAIN THEEK HOON,0
hey good morning,0
naan aabathil iruken bro,1
seekiram help pannunga now,1
seekiram help pannunga bro,1
mujhe help chahiye!!!,1
time kya hua hai,0
hey mujhe music pasand hai,0
main college ja raha hoon now,0
i feel unsafe please,1
i am scared,1
good morning!!!,0
time enna please,0
yaaro ennai pin thodaranga bro,1
POLICE KO BULAO,1
hey madad karo,1
mujhe music pasand hai,0
I AM GOING TO COLLEGE,0
uh naan nalla iruken,0
uh time enna,0
good morning!!!,0
hey naan college pogiren,0
uh seekiram help pannunga,1
police ah koopdunga please,1
please help,1
naan happy ah iruken now,0
enakku music pidikkum!!!,0
i am going to college,0
main padhai kar raha hoon now,0
NAAN PADIKKIREN,0
ENAKKU BAYAMA IRUKKU,1
save me please,1
hey main theek hoon,0
uh what is the time,0
KOI MERA PEECHA KAR RAHA HAI,1
mujhe dar lag raha hai please,1
ENAKKU BAYAMA IRUKKU,1
seekiram help pannunga please,1
naan college pogiren!!!,0
what is the time!!!,0
police ah koopdunga please,1
i am studying,0
hey good morning,0
hey madad karo,1
save me now,1
I AM GOING TO COLLEGE,0
i am in danger bro,1
uh jaldi madad karo,1
uh hello how are you,0
hey help me,1
i am scared please,1
time enna bro,0
BHAI HELP KARO,1
hey i am in danger,1
koi mera peecha kar raha hai bro,1
hey naan aabathil iruken,1
good morning,0
hello how are you!!!,0
hey main padhai kar raha hoon,0
mujhe music pasand hai bro,0
good morning now,0
help karo!!!,1
i am going to college,0
MAIN PADHAI KAR RAHA HOON,0
main khatre mein hoon!!!,1
please madad karo please,1
hey help me,1
uh naan ok bro,0
UDHAVI PANNUNGA,1
BHAI HELP KARO,1
uh seekiram help pannunga,1
enakku bayama irukku now,1
police ah koopdunga please,1
main khatre mein hoon bro,1
hey i feel unsafe,1
hello how are you now,0
good morning now,0
uh i am in danger,1
naan college pogiren please,0
uh naan padikkiren,0
hey i am studying,0
uh police ah koopdunga,1
yaaro ennai pin thodaranga please,1
hey what is the time,0
mujhe music pasand hai,0
uh emergency ah irukku,1
good morning please,0
ennai kappathunga please,1
hey enna help pannunga,1
main padhai kar raha hoon please,0
emergency hai!!!,1
i like music bro,0
what is the time,0
hey main college ja raha hoon,0
naan college pogiren,0
good morning!!!,0
KOI MERA PEECHA KAR RAHA HAI,1
mujhe bachao!!!,1
I AM IN DANGER,1
uh good morning,0
naan nalla iruken please,0
koi mera peecha kar raha hai now,1
I AM FINE,0
naan ok bro!!!,0
call the police bro,1
SOMEONE IS FOLLOWING ME,1
help me please,1
hey mujhe help chahiye,1
police ko bulao bro,1
hey i am scared,1
uh emergency ah irukku,1
what is the time bro,0
police ah koopdunga bro,1
i feel unsafe please,1
naan college pogiren please,0
enakku bayama irukku please,1
hey i feel unsafe,1
hey emergency hai,1
uh main college ja raha hoon,0
NAAN PADIKKIREN,0
uh naan nalla iruken,0
what is the time bro,0
hey i am fine,0
i am scared now,1
naan padikkiren!!!,0
mujhe help chahiye bro,1
jaldi madad karo,1
mujhe bachao please,1
enakku bayama irukku,1
uh udhavi pannunga,1
help me!!!,1
i feel unsafe,1
save me now,1
police ko bulao,1
uh police ah koopdunga,1
hey hello how are you,0
uh madad karo,1
hello how are you please,0
i am fine,0
i like music,0
TIME ENNA,0
i am studying please,0
uh enakku music pidikkum,0
GOOD MORNING,0
MUJHE MUSIC PASAND HAI,0
mujhe bachao,1
I AM SCARED,1
please help!!!,1
what is the time!!!,0
madad karo,1
naan nalla iruken bro,0
time kya hua hai please,0
i am fine please,0
koi mera peecha kar raha hai,1
mujhe dar lag raha hai bro,1
udhavi pannunga bro,1
good morning,0
i feel unsafe,1
hello how are you!!!,0
someone is following me now,1
naan nalla iruken!!!,0
I AM GOING TO COLLEGE,0
hey i like music,0
uh please help,1
enakku bayama irukku,1
i am fine!!!,0
good morning,0
jaldi madad karo now,1
time kya hua hai,0
uh main theek hoon,0
help karo please,1
time kya hua hai!!!,0
time kya hua hai,0
mujhe music pasand hai now,0
main theek hoon!!!,0
i like music!!!,0
help karo please,1
police ko bulao now,1
i am scared!!!,1
I AM GOING TO COLLEGE,0
uh chill bro,0
seekiram help pannunga!!!,1
hey time kya hua hai,0
naan college pogiren,0
i feel unsafe,1
emergency ah irukku!!!,1
time enna!!!,0
main college ja raha hoon now,0
uh i am going to college,0
enakku music pidikkum,0
enakku bayama irukku,1
naan padikkiren now,0
i am in danger!!!,1
hey mujhe bachao,1
good morning now,0
MUJHE BACHAO,1
naan padikkiren please,0
jaldi madad karo now,1
udhavi pannunga!!!,1
uh main fine hoon bro,0
hey naan nalla iruken,0
hey i am fine,0
please help,1
please help please,1
SEEKIRAM HELP PANNUNGA,1
YAARO ENNAI PIN THODARANGA,1
madad karo bro,1
naan aabathil iruken!!!,1
i am in danger!!!,1
chill bro,0
hey someone is following me,1
MAIN FINE HOON BRO,0
koi mera peecha kar raha hai now,1
uh mujhe dar lag raha hai,1
MUJHE DAR LAG RAHA HAI,1
main padhai kar raha hoon bro,0
naan college pogiren bro,0
time enna!!!,0
what is the time please,0
main khatre mein hoon please,1
uh emergency hai,1
main college ja raha hoon now,0
i like music bro,0
MUJHE BACHAO,1
uh mujhe bachao,1
good morning now,0
GOOD MORNING,0
hey help venum,1
good morning now,0
HELP ME,1
i am scared now,1
uh naan college pogiren,0
hey hello how are you,0
i am studying!!!,0
SOMEONE IS FOLLOWING ME,1
enakku music pidikkum,0
i am fine now,0
PLEASE MADAD KARO,1
hey enakku bayama irukku,1
main theek hoon please,0
main padhai kar raha hoon!!!,0
hey seekiram help pannunga,1
enakku bayama irukku bro,1
enakku bayama irukku bro,1
SEEKIRAM HELP PANNUNGA,1
main padhai kar raha hoon bro,0
uh mujhe dar lag raha hai,1
i am scared,1
uh i am in danger,1
hey yaaro ennai pin thodaranga,1
time kya hua hai,0
MUJHE BACHAO,1
uh enakku music pidikkum,0
I AM IN DANGER,1
main khatre mein hoon now,1
main padhai kar raha hoon,0
hey good morning,0
main khatre mein hoon,1
main theek hoon!!!,0
i like music now,0
police ko bulao please,1
uh i am fine,0
i am studying now,0
uh i am in danger,1
mujhe bachao!!!,1
hello how are you,0
uh i like music,0
good morning,0
someone is following me,1
hey naan padikkiren,0
naan padikkiren now,0
good morning bro,0
please madad karo please,1
main college ja raha hoon bro,0
uh i am going to college,0
I AM GOING TO COLLEGE,0
ennai kappathunga,1
enakku music pidikkum now,0
naan padikkiren now,0
mujhe dar lag raha hai!!!,1
ENNAI KAPPATHUNGA,1
hello how are you,0
hey someone is following me,1
uh time enna,0
mujhe bachao bro,1
uh emergency hai,1
naan aabathil iruken bro,1
bhai help karo please,1
mujhe dar lag raha hai!!!,1
naan college pogiren!!!,0
ennai kappathunga please,1
help me please,1
NAAN NALLA IRUKEN,0
naan ok bro please,0
naan padikkiren!!!,0
mujhe dar lag raha hai bro,1
seekiram help pannunga!!!,1
GOOD MORNING,0
please madad karo!!!,1
naan happy ah iruken bro,0
enakku music pidikkum bro,0
BHAI HELP KARO,1
hey naan ok bro,0
TIME KYA HUA HAI,0
i am in danger!!!,1
someone is following me,1
hey please help,1
uh naan nalla iruken,0
help me please,1
hey enakku bayama irukku,1
main padhai kar raha hoon bro,0
police ah koopdunga bro,1
naan college pogiren,0
hey main theek hoon,0
naan nalla iruken bro,0
main khatre mein hoon,1
good morning now,0
time kya hua hai please,0
police ah koopdunga please,1
i like music!!!,0
help me!!!,1
i like music!!!,0
mujhe music pasand hai bro,0
time enna now,0
uh call the police,1
main padhai kar raha hoon please,0
uh what is the time,0
i am studying bro,0
main college ja raha hoon now,0
MADAD KARO,1
emergency hai please,1
please madad karo!!!,1
NAAN NALLA IRUKEN,0
ennai kappathunga!!!,1
police ko bulao bro,1
police ah koopdunga!!!,1
i am scared now,1
ENAKKU MUSIC PIDIKKUM,0
call the police bro,1
uh save me,1
hey mujhe dar lag raha hai,1
i am in danger now,1
time enna,0
hey hello how are you,0
i like music now,0
uh mujhe dar lag raha hai,1
SOMEONE IS FOLLOWING ME,1
police ko bulao!!!,1
mujhe music pasand hai now,0
jaldi madad karo bro,1
MAIN PADHAI KAR RAHA HOON,0
uh please help,1
help me!!!,1
i am fine,0
MAIN THEEK HOON,0
bhai help karo please,1
someone is following me bro,1
hey time enna,0
i am in danger now,1
I FEEL UNSAFE,1
yaaro ennai pin thodaranga bro,1
uh madad karo,1
uh i am in danger,1
HELP ME,1
I AM FINE,0
naan college pogiren!!!,0
please madad karo bro,1
police ah koopdunga please,1
i am studying bro,0
hey i am in danger,1
WHAT IS THE TIME,0
hello how are you bro,0
naan padikkiren now,0
naan nalla iruken now,0
I AM STUDYING,0
uh please help,1
what is the time please,0
i am in danger bro,1
uh time enna,0
MUJHE DAR LAG RAHA HAI,1
MAIN COLLEGE JA RAHA HOON,0
good morning please,0
main khatre mein hoon,1
hey i am scared,1
hey i feel unsafe,1
TIME KYA HUA HAI,0
i feel unsafe!!!,1
uh please help,1
ennai kappathunga please,1
what is the time,0
mujhe bachao please,1
hello how are you,0
yaaro ennai pin thodaranga now,1
naan college pogiren!!!,0
I AM GOING TO COLLEGE,0
enakku music pidikkum now,0
call the police!!!,1
what is the time please,0
enakku music pidikkum bro,0
main college ja raha hoon bro,0
ennai kappathunga bro,1
main khatre mein hoon!!!,1
call the police now,1
I AM IN DANGER,1
i am fine now,0
main khatre mein hoon bro,1
time kya hua hai,0
naan college pogiren now,0
hey naan nalla iruken,0
main fine hoon bro bro,0
mujhe music pasand hai bro,0
mujhe bachao,1
sab theek hai,0
uh udhavi pannunga,1
uh save me,1
uh i am going to college,0
uh save me,1
naan padikkiren,0
naan padikkiren,0
please help pannunga,1
hey someone is following me,1
hey police ah koopdunga,1
naan college pogiren please,0
seekiram help pannunga bro,1
help karo,1
call the police please,1
naan aabathil iruken please,1
uh jaldi madad karo,1
emergency hai!!!,1
help me,1
uh call the police,1
uh i am going to college,0
emergency hai,1
hey mujhe music pasand hai,0
all good yaar,0
good morning,0
what is the time bro,0
i am studying please,0
i am going to college please,0
i am studying,0
main padhai kar raha hoon bro,0
i am fine now,0
I LIKE MUSIC,0
please help pannunga!!!,1
hey i feel unsafe,1
enakku bayama irukku bro,1
uh yaaro ennai pin thodaranga,1
uh jaldi madad karo,1
emergency ah irukku please,1
ENAKKU MUSIC PIDIKKUM,0
good morning!!!,0
uh madad karo,1
save me bro,1
i am fine now,0
emergency ah irukku,1
EMERGENCY HAI,1
i am fine now,0
NAAN OK BRO,0
call the police bro,1
i am fine!!!,0
good morning bro,0
mujhe dar lag raha hai,1
i am going to college now,0
hey what is the time,0
uh main college ja raha hoon,0
KOI MERA PEECHA KAR RAHA HAI,1
uh naan padikkiren,0
hey what is the time,0
hey main theek hoon,0
MAIN KHATRE MEIN HOON,1
uh save me,1
MUJHE HELP CHAHIYE,1
uh enakku music pidikkum,0
i am studying!!!,0
seekiram help pannunga please,1
main theek hoon please,0
i like music now,0
naan padikkiren now,0
hey main theek hoon,0
enakku music pidikkum please,0
good morning please,0
MAIN COLLEGE JA RAHA HOON,0
MUJHE DAR LAG RAHA HAI,1
SOMEONE IS FOLLOWING ME,1
save me bro,1
please help pannunga bro,1
i am scared!!!,1
main padhai kar raha hoon now,0
naan padikkiren please,0
hey naan ok bro,0
uh naan college pogiren,0
uh ennai kappathunga,1
MUJHE DAR LAG RAHA HAI,1
i am fine!!!,0
uh police ah koopdunga,1
hey help me,1
i am fine,0
yaaro ennai pin thodaranga now,1
hey naan happy ah iruken,0
uh i am going to college,0
uh time enna,0
i like music,0
emergency hai please,1
all good yaar bro,0
enakku bayama irukku bro,1
naan aabathil iruken,1
naan aabathil iruken!!!,1
main fine hoon bro now,0
hello how are you,0
good morning,0
good morning bro,0
uh koi mera peecha kar raha hai,1
i like music,0
naan padikkiren now,0
ennai kappathunga bro,1
uh enakku bayama irukku,1
all good yaar,0
help karo now,1
mujhe help chahiye!!!,1
uh main padhai kar raha hoon,0
help me please,1
hey main padhai kar raha hoon,0
good morning!!!,0
udhavi pannunga,1
mujhe bachao!!!,1
uh i am in danger,1
naan nalla iruken now,0
hey madad karo,1
main fine hoon bro!!!,0
someone is following me bro,1
main theek hoon,0
hey seekiram help pannunga,1
uh good morning,0
uh main college ja raha hoon,0
naan nalla iruken bro,0
uh seekiram help pannunga,1
WHAT IS THE TIME,0
i am scared bro,1
SEEKIRAM HELP PANNUNGA,1
please help please,1
i am studying now,0
ennai kappathunga,1
HELLO HOW ARE YOU,0
naan college pogiren!!!,0
hey emergency hai,1
uh seekiram help pannunga,1
i like music bro,0
please help,1
i like music bro,0
main khatre mein hoon,1
emergency ah irukku please,1
main padhai kar raha hoon now,0
police ko bulao please,1
naan aabathil iruken,1
MAIN COLLEGE JA RAHA HOON,0
main college ja raha hoon now,0
uh mujhe dar lag raha hai,1
hello how are you!!!,0
hey naan ok bro,0
hey udhavi pannunga,1
uh good morning,0
uh i am scared,1
naan nalla iruken bro,0
hello how are you please,0
i am studying,0
NAAN PADIKKIREN,0
please madad karo!!!,1
naan nalla iruken!!!,0
ennai kappathunga please,1
naan nalla iruken please,0
main theek hoon!!!,0
help me now,1
uh police ko bulao,1
GOOD MORNING,0
hey i feel unsafe,1
koi mera peecha kar raha hai now,1
i like music please,0
seekiram help pannunga now,1
naan college pogiren!!!,0
uh main theek hoon,0
jaldi madad karo now,1
seekiram help pannunga bro,1
call the police,1
hey what is the time,0
hello how are you!!!,0
ennai kappathunga bro,1
someone is following me bro,1
hey call the police,1
SOMEONE IS FOLLOWING ME,1
ENAKKU MUSIC PIDIKKUM,0
MUJHE BACHAO,1
hey good morning,0
naan happy ah iruken please,0
naan ok bro!!!,0
hello how are you bro,0
uh hello how are you,0
sab theek hai please,0
uh seekiram help pannunga,1
good morning!!!,0
uh what is the time,0
hey seekiram help pannunga,1
hey mujhe music pasand hai,0
main college ja raha hoon bro,0
uh help karo,1
mujhe bachao now,1
i am scared now,1
hey good morning,0
POLICE KO BULAO,1
naan college pogiren,0
NAAN PADIKKIREN,0
uh main college ja raha hoon,0
all good yaar!!!,0
help me,1
what is the time,0
hey i am studying,0
please madad karo!!!,1
hey police ah koopdunga,1
police ah koopdunga bro,1
koi mera peecha kar raha hai!!!,1
i am fine,0
uh main theek hoon,0
main fine hoon bro bro,0
chill bro please,0
i like music,0
emergency ah irukku bro,1
I AM GOING TO COLLEGE,0
please help pannunga bro,1
uh naan college pogiren,0
help me!!!,1
main fine hoon bro please,0
mujhe music pasand hai bro,0
please help please,1
good morning please,0
good morning!!!,0
uh hello how are you,0
madad karo now,1
uh enakku music pidikkum,0
what is the time,0
police ko bulao bro,1
mujhe music pasand hai now,0
uh hello how are you,0
hey yaaro ennai pin thodaranga,1
YAARO ENNAI PIN THODARANGA,1
mujhe bachao,1
hey naan padikkiren,0
enakku bayama irukku please,1
enakku music pidikkum!!!,0
uh main khatre mein hoon,1
hey emergency ah irukku,1
hey naan college pogiren,0
hello how are you now,0
ennai kappathunga!!!,1
hey good morning,0
i am going to college please,0
uh naan aabathil iruken,1
time kya hua hai,0
ennai kappathunga bro,1
madad karo,1
i am going to college now,0
uh enna help pannunga,1
main padhai kar raha hoon now,0
emergency hai now,1
good morning please,0
i am scared please,1
hey hello how are you,0
good morning please,0
uh mujhe dar lag raha hai,1
enakku music pidikkum!!!,0
uh jaldi madad karo,1
mujhe help chahiye bro,1
yaaro ennai pin thodaranga please,1
i am studying,0
naan nalla iruken bro,0
naan nalla iruken,0
hey please help,1
hey i am fine,0
i am in danger!!!,1
uh emergency hai,1
good morning,0
good morning bro,0
hey naan aabathil iruken,1
uh jaldi madad karo,1
yaaro ennai pin thodaranga bro,1
save me bro,1
emergency ah irukku now,1
what is the time please,0
uh police ko bulao,1
good morning now,0
call the police now,1
help me now,1
i am fine,0
I FEEL UNSAFE,1
uh help me,1
police ah koopdunga please,1
ENAKKU MUSIC PIDIKKUM,0
CALL THE POLICE,1
main theek hoon now,0
police ko bulao bro,1
uh emergency ah irukku,1
i am going to college please,0
i am scared now,1
main theek hoon please,0
please help now,1
enakku music pidikkum bro,0
uh mujhe help chahiye,1
koi mera peecha kar raha hai!!!,1
NAAN PADIKKIREN,0
yaaro ennai pin thodaranga please,1
hey someone is following me,1
call the police,1
naan nalla iruken bro,0
GOOD MORNING,0
help karo now,1
CALL THE POLICE,1
good morning!!!,0
main theek hoon bro,0
seekiram help pannunga please,1
hey police ko bulao,1
uh call the police,1
hey what is the time,0
someone is following me now,1
hey police ah koopdunga,1
main theek hoon!!!,0
hey naan padikkiren,0
enakku bayama irukku,1
main fine hoon bro bro,0
hey main college ja raha hoon,0
what is the time,0
help me!!!,1
PLEASE MADAD KARO,1
someone is following me now,1
uh naan ok bro,0
yaaro ennai pin thodaranga!!!,1
main theek hoon bro,0
ennai kappathunga please,1
hey help me,1
uh time kya hua hai,0
MAIN KHATRE MEIN HOON,1
hey naan ok bro,0
call the police!!!,1
PLEASE HELP PANNUNGA,1
koi mera peecha kar raha hai please,1
uh koi mera peecha kar raha hai,1
hey seekiram help pannunga,1
main padhai kar raha hoon please,0
all good yaar now,0
uh ennai kappathunga,1
uh i feel unsafe,1
hey ennai kappathunga,1
what is the time,0
udhavi pannunga!!!,1
good morning!!!,0
naan happy ah iruken bro,0
uh i am fine,0
enna help pannunga!!!,1
police ah koopdunga now,1
ennai kappathunga please,1
mujhe music pasand hai,0
save me please,1
time enna!!!,0
uh good morning,0
i am going to college,0
GOOD MORNING,0
i am scared please,1
JALDI MADAD KARO,1
hey koi mera peecha kar raha hai,1
MAIN PADHAI KAR RAHA HOON,0
please help,1
hey police ko bulao,1
naan nalla iruken!!!,0
i like music now,0
i am in danger please,1
madad karo bro,1
main college ja raha hoon,0
main padhai kar raha hoon please,0
i am scared now,1
i am fine bro,0
yaaro ennai pin thodaranga now,1
main theek hoon!!!,0
enakku music pidikkum bro,0
please madad karo!!!,1
main college ja raha hoon now,0
what is the time!!!,0
ennai kappathunga now,1
main padhai kar raha hoon!!!,0
main college ja raha hoon!!!,0
please help,1
someone is following me now,1
main padhai kar raha hoon,0
hello how are you bro,0
please help!!!,1
enakku bayama irukku!!!,1
naan ok bro!!!,0
i am scared,1
EMERGENCY AH IRUKKU,1
hey time enna,0
i like music bro,0
uh naan padikkiren,0
save me bro,1
ennai kappathunga now,1
uh time kya hua hai,0
uh what is the time,0
emergency hai please,1
hey help venum,1
uh madad karo,1
uh good morning,0
main theek hoon,0
yaaro ennai pin thodaranga please,1
uh enakku music pidikkum,0
naan nalla iruken bro,0
i am in danger bro,1
hey i feel unsafe,1
naan padikkiren,0
enakku bayama irukku!!!,1
please help!!!,1
enakku bayama irukku,1
hey time kya hua hai,0
uh bhai help karo,1
naan ok bro bro,0
good morning now,0
naan aabathil iruken please,1
naan padikkiren please,0
mujhe dar lag raha hai!!!,1
enakku bayama irukku bro,1
enakku music pidikkum please,0
MAIN PADHAI KAR RAHA HOON,0
help me please,1
uh i am studying,0
good morning please,0
main theek hoon bro,0
naan college pogiren!!!,0
uh i am scared,1
main college ja raha hoon now,0
help me please,1
main padhai kar raha hoon!!!,0
hey good morning,0
koi mera peecha kar raha hai,1
I AM STUDYING,0
koi mera peecha kar raha hai now,1
police ko bulao bro,1
TIME ENNA,0
uh i am in danger,1
naan nalla iruken now,0
hey udhavi pannunga,1
please madad karo please,1
uh ennai kappathunga,1
MUJHE MUSIC PASAND HAI,0
uh time enna,0
uh i like music,0
MUJHE MUSIC PASAND HAI,0
naan college pogiren!!!,0
ennai kappathunga,1
uh yaaro ennai pin thodaranga,1
i am fine!!!,0
enakku bayama irukku!!!,1
please help please,1
jaldi madad karo now,1
uh i am fine,0
NAAN COLLEGE POGIREN,0
uh i like music,0
i like music please,0
WHAT IS THE TIME,0
enakku bayama irukku bro,1
enakku bayama irukku,1
i am scared bro,1
uh save me,1
hey good morning,0
uh main padhai kar raha hoon,0
mujhe music pasand hai!!!,0
mujhe dar lag raha hai,1
main padhai kar raha hoon now,0
time kya hua hai!!!,0
someone is following me now,1
uh naan happy ah iruken,0
emergency hai please,1
enakku music pidikkum bro,0
uh chill bro,0
i like music!!!,0
uh naan padikkiren,0
hey time enna,0
good morning bro,0
mujhe bachao now,1
i like music bro,0
MAIN COLLEGE JA RAHA HOON,0
i am studying,0
i am studying,0
yaaro ennai pin thodaranga!!!,1
i am fine!!!,0
MAIN KHATRE MEIN HOON,1
please help,1
ennai kappathunga now,1
help karo now,1
naan padikkiren bro,0
ennai kappathunga,1
uh seekiram help pannunga,1
good morning!!!,0
i like music,0
MAIN FINE HOON BRO,0
NAAN PADIKKIREN,0
hey help venum,1
ennai kappathunga please,1
hey save me,1
HELP ME,1
mujhe music pasand hai please,0
ENNA HELP PANNUNGA,1
uh enakku music pidikkum,0
naan padikkiren,0
I AM IN DANGER,1
main khatre mein hoon bro,1
save me!!!,1
WHAT IS THE TIME,0
I FEEL UNSAFE,1
someone is following me now,1
what is the time!!!,0
main fine hoon bro now,0
yaaro ennai pin thodaranga now,1
please help pannunga!!!,1
call the police now,1
SAVE ME,1
naan ok bro bro,0
time enna!!!,0
police ko bulao,1
main theek hoon,0
call the police!!!,1
uh sab theek hai,0
enakku music pidikkum please,0
main theek hoon,0
uh naan padikkiren,0
enakku bayama irukku!!!,1
uh naan college pogiren,0
uh what is the time,0
hey emergency hai,1
uh naan aabathil iruken,1
udhavi pannunga!!!,1
hey emergency ah irukku,1
seekiram help pannunga bro,1
please help,1
sab theek hai!!!,0
hey mujhe music pasand hai,0
good morning bro,0
GOOD MORNING,0
hey i like music,0
i am scared please,1
uh madad karo,1
enakku bayama irukku please,1
enakku music pidikkum please,0
ennai kappathunga,1
uh what is the time,0
main padhai kar raha hoon now,0
chill bro,0
call the police bro,1
i like music bro,0
uh i like music,0
hey please help,1
mujhe dar lag raha hai bro,1
NAAN PADIKKIREN,0
uh hello how are you,0
naan padikkiren bro,0
uh call the police,1
CALL THE POLICE,1
I AM IN DANGER,1
naan padikkiren,0
uh time enna,0
MAIN COLLEGE JA RAHA HOON,0
hey save me,1
police ko bulao please,1
mujhe music pasand hai!!!,0
help venum,1
hey police ah koopdunga,1
main theek hoon now,0
i am studying!!!,0
i am in danger please,1
please help now,1
uh hello how are you,0
main college ja raha hoon!!!,0
naan happy ah iruken now,0
uh main theek hoon,0
someone is following me!!!,1
uh naan happy ah iruken,0
hey naan padikkiren,0
good morning bro,0
uh naan padikkiren,0
police ko bulao now,1
yaaro ennai pin thodaranga,1
seekiram help pannunga now,1
i feel unsafe now,1
i feel unsafe!!!,1
time kya hua hai,0
time kya hua hai bro,0
i am studying,0
naan college pogiren now,0
i am fine now,0
chill bro!!!,0
i am fine please,0
time enna please,0
EMERGENCY AH IRUKKU,1
time kya hua hai now,0
ennai kappathunga please,1
police ah koopdunga bro,1
main college ja raha hoon bro,0
main college ja raha hoon please,0
NAAN COLLEGE POGIREN,0
YAARO ENNAI PIN THODARANGA,1
what is the time please,0
uh enakku music pidikkum,0
i feel unsafe bro,1
please help pannunga!!!,1
KOI MERA PEECHA KAR RAHA HAI,1
uh i feel unsafe,1
CALL THE POLICE,1
udhavi pannunga bro,1
uh time kya hua hai,0
uh help karo,1
ENAKKU MUSIC PIDIKKUM,0
uh what is the time,0
what is the time please,0
hey mujhe dar lag raha hai,1
mujhe help chahiye bro,1
hey main theek hoon,0
koi mera peecha kar raha hai bro,1
seekiram help pannunga,1
hey main padhai kar raha hoon,0
naan happy ah iruken please,0
SAVE ME,1
i am going to college bro,0
please help pannunga!!!,1
i am studying please,0
jaldi madad karo,1
hey someone is following me,1
save me now,1
JALDI MADAD KARO,1
chill bro,0
i am going to college!!!,0
call the police bro,1
enakku music pidikkum now,0
police ko bulao!!!,1
i am going to college!!!,0
I AM GOING TO COLLEGE,0
NAAN OK BRO,0
uh mujhe dar lag raha hai,1
police ko bulao now,1
hey i am studying,0
good morning!!!,0
hey time enna,0
i feel unsafe!!!,1
SEEKIRAM HELP PANNUNGA,1
time enna,0
please madad karo please,1
i am studying bro,0
hey enakku music pidikkum,0
save me please,1
i am going to college,0
hey what is the time,0
mujhe bachao,1
hey what is the time,0
mujhe dar lag raha hai now,1
uh bhai help karo,1
uh yaaro ennai pin thodaranga,1
POLICE AH KOOPDUNGA,1
main padhai kar raha hoon now,0
someone is following me!!!,1
POLICE AH KOOPDUNGA,1
uh mujhe music pasand hai,0
hey call the police,1
I AM SCARED,1
koi mera peecha kar raha hai bro,1
uh i am fine,0
jaldi madad karo please,1
main theek hoon,0
i am going to college!!!,0
seekiram help pannunga please,1
uh police ko bulao,1
uh i am studying,0
naan college pogiren now,0
hello how are you now,0
hey save me,1
please help pannunga!!!,1
uh naan padikkiren,0
i am going to college bro,0
main padhai kar raha hoon now,0
uh what is the time,0
yaaro ennai pin thodaranga!!!,1
KOI MERA PEECHA KAR RAHA HAI,1
naan padikkiren now,0
time kya hua hai!!!,0
time kya hua hai now,0
bhai help karo!!!,1
mujhe dar lag raha hai please,1
MUJHE MUSIC PASAND HAI,0
uh naan college pogiren,0
mujhe music pasand hai bro,0
ennai kappathunga now,1
koi mera peecha kar raha hai,1
hey enakku bayama irukku,1
i am studying!!!,0
hello how are you,0
chill bro!!!,0
main theek hoon!!!,0
i am scared now,1
hey help me,1
NAAN OK BRO,0
hey main college ja raha hoon,0
hey naan nalla iruken,0
i feel unsafe now,1
emergency ah irukku now,1
PLEASE HELP,1
main padhai kar raha hoon please,0
emergency ah irukku please,1
i am studying bro,0
i am going to college bro,0
seekiram help pannunga now,1
uh please help,1
police ah koopdunga,1
koi mera peecha kar raha hai now,1
enakku bayama irukku now,1
uh main fine hoon bro,0
please help,1
naan padikkiren!!!,0
enakku music pidikkum now,0
time kya hua hai bro,0
i like music now,0
police ko bulao bro,1
naan padikkiren please,0
enakku bayama irukku,1
mujhe music pasand hai now,0
uh naan nalla iruken,0
i feel unsafe please,1
main padhai kar raha hoon please,0
good morning,0
main khatre mein hoon,1
madad karo bro,1
yaaro ennai pin thodaranga now,1
main fine hoon bro!!!,0
hey help venum,1
jaldi madad karo!!!,1
naan padikkiren!!!,0
hey seekiram help pannunga,1
call the police,1
hello how are you!!!,0
naan happy ah iruken please,0
i am going to college!!!,0
i am scared now,1
i am going to college,0
naan padikkiren!!!,0
yaaro ennai pin thodaranga please,1
NAAN COLLEGE POGIREN,0
i am in danger now,1
good morning please,0
uh time enna,0
hey i am studying,0
main khatre mein hoon please,1
mujhe dar lag raha hai bro,1
hey i am studying,0
time kya hua hai please,0
I AM GOING TO COLLEGE,0
uh main theek hoon,0
i am studying please,0
uh what is the time,0
i am fine!!!,0
police ko bulao!!!,1
PLEASE HELP,1
yaaro ennai pin thodaranga bro,1
NAAN AABATHIL IRUKEN,1
i am fine!!!,0
CALL THE POLICE,1
time kya hua hai now,0
hey what is the time,0
hello how are you bro,0
uh someone is following me,1
MAIN KHATRE MEIN HOON,1
hey main college ja raha hoon,0
hey mujhe bachao,1
i am scared,1
seekiram help pannunga!!!,1
uh police ko bulao,1
help me bro,1
naan college pogiren please,0
hey i am going to college,0
uh mujhe music pasand hai,0
uh i am scared,1
ennai kappathunga now,1
naan nalla iruken,0
i am scared please,1
please help pannunga please,1
naan nalla iruken now,0
udhavi pannunga bro,1
hey madad karo,1
naan padikkiren!!!,0
i am fine bro,0
MAIN PADHAI KAR RAHA HOON,0
mujhe dar lag raha hai,1
i feel unsafe,1
uh ennai kappathunga,1
i am fine,0
main padhai kar raha hoon please,0
uh i am studying,0
naan padikkiren now,0
koi mera peecha kar raha hai please,1
ennai kappathunga bro,1
good morning now,0
hey i am scared,1
naan nalla iruken now,0
enakku music pidikkum please,0
hey i am fine,0
madad karo bro,1
MAIN THEEK HOON,0
uh main theek hoon,0
SEEKIRAM HELP PANNUNGA,1
hey help venum,1
emergency ah irukku bro,1
uh naan nalla iruken,0
MAIN KHATRE MEIN HOON,1
hey yaaro ennai pin thodaranga,1
please help please,1
yaaro ennai pin thodaranga now,1
uh naan aabathil iruken,1
ENAKKU BAYAMA IRUKKU,1
i am scared,1
i like music now,0
main college ja raha hoon please,0
save me bro,1
i feel unsafe now,1
police ko bulao!!!,1
main fine hoon bro now,0
mujhe dar lag raha hai now,1
naan college pogiren,0
mujhe music pasand hai bro,0
POLICE AH KOOPDUNGA,1
hey someone is following me,1
hey mujhe bachao,1
uh i am studying,0
koi mera peecha kar raha hai please,1
seekiram help pannunga,1
what is the time!!!,0
mujhe dar lag raha hai,1
hey time kya hua hai,0
someone is following me,1
mujhe music pasand hai,0
seekiram help pannunga now,1
SOMEONE IS FOLLOWING ME,1
emergency hai please,1
good morning bro,0
someone is following me please,1
please help!!!,1
hey main khatre mein hoon,1
i like music,0
police ko bulao!!!,1
naan college pogiren now,0
uh police ah koopdunga,1
police ko bulao,1
uh save me,1
uh main khatre mein hoon,1
police ko bulao,1
i am fine,0
hey hello how are you,0
ENAKKU MUSIC PIDIKKUM,0
main khatre mein hoon!!!,1
koi mera peecha kar raha hai now,1
hey someone is following me,1
TIME KYA HUA HAI,0
what is the time!!!,0
i am scared bro,1
help venum,1
uh hello how are you,0
naan nalla iruken,0
NAAN COLLEGE POGIREN,0
hey i am going to college,0
EMERGENCY AH IRUKKU,1
hello how are you now,0
emergency ah irukku please,1
MAIN KHATRE MEIN HOON,1
koi mera peecha kar raha hai please,1
good morning please,0
good morning!!!,0
uh main college ja raha hoon,0
MAIN COLLEGE JA RAHA HOON,0
naan college pogiren!!!,0
GOOD MORNING,0
help karo bro,1
uh yaaro ennai pin thodaranga,1
hey what is the time,0
uh save me,1
SAB THEEK HAI,0
hey good morning,0
mujhe dar lag raha hai,1
naan aabathil iruken!!!,1
time enna now,0
PLEASE HELP,1
i am in danger bro,1
help me now,1
uh i am studying,0
good morning now,0
main padhai kar raha hoon bro,0
SOMEONE IS FOLLOWING ME,1
hey good morning,0
ENNA HELP PANNUNGA,1
uh police ah koopdunga,1
hey time enna,0
uh enakku music pidikkum,0
koi mera peecha kar raha hai!!!,1
uh mujhe bachao,1
call the police now,1
i am fine please,0
enakku music pidikkum now,0
koi mera peecha kar raha hai please,1
uh what is the time,0
CALL THE POLICE,1
hey mujhe music pasand hai,0
main college ja raha hoon,0
hey i am scared,1
hey naan aabathil iruken,1
main theek hoon now,0
uh call the police,1
MUJHE DAR LAG RAHA HAI,1
SEEKIRAM HELP PANNUNGA,1
mujhe music pasand hai now,0
MADAD KARO,1
uh enakku bayama irukku,1
i am in danger please,1
naan padikkiren,0
hey mujhe music pasand hai,0
naan happy ah iruken!!!,0
HELP VENUM,1
udhavi pannunga,1
uh someone is following me,1
uh i am studying,0
ENAKKU MUSIC PIDIKKUM,0
naan college pogiren,0
what is the time!!!,0
MAIN PADHAI KAR RAHA HOON,0
time enna!!!,0
TIME ENNA,0
what is the time now,0
please help!!!,1
uh naan aabathil iruken,1
enakku bayama irukku bro,1
i am in danger,1
call the police now,1
i am going to college bro,0
please help pannunga,1
ennai kappathunga bro,1
ennai kappathunga,1
i am fine,0
hey naan aabathil iruken,1
main padhai kar raha hoon bro,0
police ah koopdunga!!!,1
BHAI HELP KARO,1
enakku music pidikkum now,0
hey main college ja raha hoon,0
main theek hoon now,0
i am scared bro,1
uh i am going to college,0
what is the time now,0
mujhe music pasand hai bro,0
mujhe dar lag raha hai please,1
hello how are you!!!,0
madad karo!!!,1
koi mera peecha kar raha hai,1
help karo,1
hey good morning,0
naan nalla iruken,0
i like music please,0
uh naan padikkiren,0
what is the time,0
udhavi pannunga bro,1
main fine hoon bro now,0
MUJHE BACHAO,1
jaldi madad karo bro,1
naan padikkiren now,0
good morning bro,0
good morning!!!,0
please help please,1
hey naan padikkiren,0
i am going to college now,0
time enna!!!,0
mujhe bachao!!!,1
naan happy ah iruken!!!,0
please help please,1
uh seekiram help pannunga,1
emergency hai now,1
naan nalla iruken,0
udhavi pannunga,1
please madad karo,1
yaaro ennai pin thodaranga please,1
uh i am fine,0
uh good morning,0
uh time kya hua hai,0
chill bro!!!,0
hey i am fine,0
hey jaldi madad karo,1
uh help venum,1
TIME KYA HUA HAI,0
uh mujhe bachao,1
naan aabathil iruken,1
madad karo,1
good morning bro,0
naan aabathil iruken please,1
I AM FINE,0
main theek hoon please,0
save me bro,1
i am fine please,0
police ah koopdunga now,1
what is the time bro,0
naan aabathil iruken please,1
good morning,0
hey save me,1
uh please help,1
time enna bro,0
chill bro now,0
main college ja raha hoon bro,0
koi mera peecha kar raha hai bro,1
jaldi madad karo!!!,1
hey i am in danger,1
hey seekiram help pannunga,1
mujhe help chahiye now,1
uh main padhai kar raha hoon,0
I AM IN DANGER,1
main khatre mein hoon now,1
uh naan aabathil iruken,1
hey madad karo,1
mujhe music pasand hai please,0
what is the time!!!,0
jaldi madad karo bro,1
time kya hua hai bro,0
uh call the police,1
hey emergency hai,1
what is the time!!!,0
udhavi pannunga bro,1
hey call the police,1
yaaro ennai pin thodaranga bro,1
hey yaaro ennai pin thodaranga,1
uh i am in danger,1
jaldi madad karo!!!,1
MUJHE MUSIC PASAND HAI,0
hey jaldi madad karo,1
main theek hoon!!!,0
emergency hai,1
i am studying!!!,0
i am going to college please,0
TIME ENNA,0
save me bro,1
uh mujhe dar lag raha hai,1
mujhe dar lag raha hai,1
mujhe help chahiye bro,1
mujhe dar lag raha hai now,1
time kya hua hai please,0
please help pannunga please,1
naan college pogiren,0
police ko bulao!!!,1
udhavi pannunga now,1
police ah koopdunga,1
EMERGENCY AH IRUKKU,1
help me please,1
uh yaaro ennai pin thodaranga,1
naan nalla iruken now,0
PLEASE HELP,1
naan ok bro now,0
mujhe music pasand hai!!!,0
naan padikkiren bro,0
NAAN NALLA IRUKEN,0
emergency hai please,1
yaaro ennai pin thodaranga please,1
main college ja raha hoon bro,0
naan college pogiren!!!,0
someone is following me please,1
mujhe music pasand hai,0
time enna,0
uh naan padikkiren,0
hey time kya hua hai,0
SAVE ME,1
HELLO HOW ARE YOU,0
good morning now,0
I FEEL UNSAFE,1
all good yaar now,0
help karo!!!,1
police ko bulao!!!,1
i am studying bro,0
good morning now,0
i am going to college,0
MUJHE BACHAO,1
time kya hua hai now,0
i am fine,0
enakku music pidikkum now,0
jaldi madad karo now,1
i am studying!!!,0
police ah koopdunga,1
TIME KYA HUA HAI,0
hey enakku bayama irukku,1
uh naan aabathil iruken,1
hey mujhe bachao,1
good morning please,0
good morning!!!,0
help venum!!!,1
please help!!!,1
MUJHE HELP CHAHIYE,1
hey someone is following me,1
time enna,0
uh enna help pannunga,1
mujhe help chahiye now,1
hey mujhe dar lag raha hai,1
naan aabathil iruken bro,1
uh time enna,0
hey koi mera peecha kar raha hai,1
uh hello how are you,0
mujhe help chahiye bro,1
YAARO ENNAI PIN THODARANGA,1
main khatre mein hoon bro,1
time kya hua hai bro,0
good morning bro,0
uh i am fine,0
i like music please,0
koi mera peecha kar raha hai now,1
enakku bayama irukku please,1
police ah koopdunga now,1
ENAKKU BAYAMA IRUKKU,1
hey hello how are you,0
hey main khatre mein hoon,1
madad karo bro,1
I FEEL UNSAFE,1
mujhe dar lag raha hai please,1
enakku music pidikkum now,0
emergency hai now,1
jaldi madad karo!!!,1
police ah koopdunga please,1
help me now,1
seekiram help pannunga please,1
hey time enna,0
i am fine bro,0
hey naan nalla iruken,0
PLEASE MADAD KARO,1
naan nalla iruken!!!,0
uh time enna,0
uh help me,1
enakku music pidikkum,0
i like music now,0
uh police ah koopdunga,1
i am scared now,1
help me please,1
good morning!!!,0
i feel unsafe now,1
i am scared bro,1
i like music bro,0
bhai help karo bro,1
yaaro ennai pin thodaranga!!!,1
time enna,0
good morning please,0
good morning!!!,0
enakku music pidikkum!!!,0
uh time kya hua hai,0
main khatre mein hoon please,1
uh good morning,0
police ko bulao!!!,1
mujhe music pasand hai,0
hey main padhai kar raha hoon,0
uh yaaro ennai pin thodaranga,1
i like music now,0
uh hello how are you,0
hello how are you please,0
i am scared now,1
naan padikkiren now,0
i like music!!!,0
good morning please,0
time enna now,0
hey seekiram help pannunga,1
MUJHE BACHAO,1
madad karo,1
I AM STUDYING,0
uh i am scared,1
save me!!!,1
police ko bulao now,1
udhavi pannunga bro,1
naan nalla iruken,0
uh good morning,0
good morning!!!,0
hey someone is following me,1
hello how are you!!!,0
hey save me,1
koi mera peecha kar raha hai now,1
uh jaldi madad karo,1
naan aabathil iruken please,1
good morning!!!,0
GOOD MORNING,0
all good yaar!!!,0
ENAKKU BAYAMA IRUKKU,1
i am studying please,0
what is the time now,0
help venum now,1
emergency ah irukku bro,1
i like music,0
main theek hoon!!!,0
police ah koopdunga bro,1
mujhe dar lag raha hai now,1
emergency ah irukku bro,1
i am fine!!!,0
uh udhavi pannunga,1
uh main padhai kar raha hoon,0
I FEEL UNSAFE,1
hey seekiram help pannunga,1
naan nalla iruken please,0
MAIN THEEK HOON,0
mujhe bachao please,1
jaldi madad karo!!!,1
uh i am scared,1
hey main padhai kar raha hoon,0
mujhe dar lag raha hai bro,1
i am going to college bro,0
i am in danger,1
help me please,1
save me!!!,1
hey i am fine,0
hey police ah koopdunga,1
I AM SCARED,1
I FEEL UNSAFE,1
naan padikkiren please,0
main khatre mein hoon bro,1
hey please help,1
uh enakku music pidikkum,0
uh madad karo,1
enakku bayama irukku bro,1
mujhe music pasand hai please,0
i am scared bro,1
I LIKE MUSIC,0
mujhe music pasand hai!!!,0
MAIN KHATRE MEIN HOON,1
uh someone is following me,1
please madad karo please,1
i feel unsafe now,1
uh main padhai kar raha hoon,0
uh help venum,1
KOI MERA PEECHA KAR RAHA HAI,1
i am studying now,0
udhavi pannunga,1
help venum,1
hey chill bro,0
naan nalla iruken,0
i feel unsafe!!!,1
naan nalla iruken now,0
uh naan nalla iruken,0
mujhe music pasand hai please,0
uh i am studying,0
naan college pogiren please,0
YAARO ENNAI PIN THODARANGA,1
uh please help,1
call the police bro,1
i am scared please,1
someone is following me!!!,1
hey seekiram help pannunga,1
hey main college ja raha hoon,0
i am studying!!!,0
uh hello how are you,0
madad karo,1
hey save me,1
ennai kappathunga please,1
uh naan nalla iruken,0
mujhe bachao please,1
naan nalla iruken please,0
hey naan ok bro,0
mujhe music pasand hai,0
help karo,1
hey police ah koopdunga,1
naan college pogiren,0
save me!!!,1
i am going to college now,0
naan padikkiren now,0
udhavi pannunga,1
enakku bayama irukku!!!,1
naan nalla iruken,0
uh seekiram help pannunga,1
jaldi madad karo,1
I AM IN DANGER,1
time kya hua hai,0
uh mujhe dar lag raha hai,1
uh koi mera peecha kar raha hai,1
i am in danger!!!,1
time kya hua hai!!!,0
yaaro ennai pin thodaranga bro,1
main college ja raha hoon bro,0
uh emergency ah irukku,1
HELP KARO,1
main theek hoon,0
please help bro,1
i feel unsafe!!!,1
hey i feel unsafe,1
uh naan aabathil iruken,1
time enna,0
I AM FINE,0
help karo bro,1
uh i am scared,1
hey good morning,0
main khatre mein hoon,1
uh enakku bayama irukku,1
main theek hoon!!!,0
help me bro,1
main theek hoon!!!,0
hey i am in danger,1
SAVE ME,1
POLICE KO BULAO,1
EMERGENCY AH IRUKKU,1
hello how are you!!!,0
naan padikkiren!!!,0
please help pannunga please,1
save me bro,1
hey enakku bayama irukku,1
police ah koopdunga!!!,1
call the police,1
hey good morning,0
i am scared,1
uh enakku music pidikkum,0
enna help pannunga!!!,1
please madad karo!!!,1
main college ja raha hoon bro,0
i am studying bro,0
uh i am fine,0
enakku music pidikkum,0
hey i am fine,0
hey main college ja raha hoon,0
hey please madad karo,1
main padhai kar raha hoon please,0
hey i am fine,0
uh please help pannunga,1
i am in danger now,1
good morning now,0
emergency ah irukku,1
uh mujhe dar lag raha hai,1
uh seekiram help pannunga,1
i like music,0
hey time enna,0
hey main khatre mein hoon,1
emergency hai please,1
naan college pogiren,0
YAARO ENNAI PIN THODARANGA,1
emergency hai bro,1
uh i like music,0
hey i am studying,0
enakku bayama irukku bro,1
i am going to college bro,0
hey mujhe music pasand hai,0
naan happy ah iruken now,0
GOOD MORNING,0
MUJHE MUSIC PASAND HAI,0
udhavi pannunga please,1
naan nalla iruken bro,0
ENNAI KAPPATHUNGA,1
mujhe dar lag raha hai,1
hey i am studying,0
hey main college ja raha hoon,0
someone is following me now,1
hey udhavi pannunga,1
main khatre mein hoon now,1
ennai kappathunga please,1
naan padikkiren please,0
i am studying now,0
main padhai kar raha hoon!!!,0
uh i am going to college,0
main college ja raha hoon now,0
call the police please,1
ENNA HELP PANNUNGA,1
bhai help karo,1
main khatre mein hoon bro,1
i like music,0
good morning!!!,0
naan college pogiren please,0
uh naan college pogiren,0
uh i am studying,0
i am fine,0
main padhai kar raha hoon now,0
uh main college ja raha hoon,0
hey koi mera peecha kar raha hai,1
main theek hoon!!!,0
uh emergency ah irukku,1
HELP ME,1
hey main padhai kar raha hoon,0
i am studying!!!,0
police ah koopdunga bro,1
enakku music pidikkum now,0
i am scared bro,1
MAIN COLLEGE JA RAHA HOON,0
uh madad karo,1
i am fine,0
enakku bayama irukku now,1
I AM FINE,0
time kya hua hai now,0
good morning bro,0
i am scared please,1
i like music please,0
TIME KYA HUA HAI,0
NAAN OK BRO,0
hey all good yaar,0
main khatre mein hoon bro,1
uh main khatre mein hoon,1
good morning bro,0
i feel unsafe now,1
i am scared please,1
enna help pannunga now,1
seekiram help pannunga,1
uh enna help pannunga,1
good morning!!!,0
uh yaaro ennai pin thodaranga,1
uh naan padikkiren,0
i like music please,0
hey mujhe bachao,1
NAAN COLLEGE POGIREN,0
hello how are you,0
main khatre mein hoon!!!,1
i am fine bro,0
main padhai kar raha hoon!!!,0
i am scared,1
naan padikkiren bro,0
please help pannunga now,1
I AM STUDYING,0
naan nalla iruken please,0
naan nalla iruken please,0
I AM IN DANGER,1
TIME KYA HUA HAI,0
hey emergency hai,1
enakku music pidikkum,0
koi mera peecha kar raha hai please,1
uh call the police,1
hey seekiram help pannunga,1
call the police!!!,1
hey ennai kappathunga,1
uh main theek hoon,0
NAAN PADIKKIREN,0
hey koi mera peecha kar raha hai,1
i am fine bro,0
yaaro ennai pin thodaranga please,1
udhavi pannunga!!!,1
i feel unsafe,1
uh main padhai kar raha hoon,0
ENAKKU MUSIC PIDIKKUM,0
main theek hoon bro,0
uh help me,1
uh naan happy ah iruken,0
good morning!!!,0
police ah koopdunga please,1
naan aabathil iruken now,1
enakku bayama irukku,1
uh naan aabathil iruken,1
please help please,1
i like music bro,0
save me,1
i like music!!!,0
uh udhavi pannunga,1
ennai kappathunga!!!,1
i am going to college please,0
police ko bulao please,1
jaldi madad karo bro,1
main theek hoon please,0
TIME ENNA,0
good morning bro,0
hey time enna,0
uh koi mera peecha kar raha hai,1
i am going to college now,0
mujhe help chahiye please,1
uh what is the time,0
hey yaaro ennai pin thodaranga,1
enakku bayama irukku please,1
enna help pannunga bro,1
help karo please,1
uh jaldi madad karo,1
EMERGENCY HAI,1
police ko bulao now,1
NAAN NALLA IRUKEN,0
police ko bulao now,1
main theek hoon bro,0
I LIKE MUSIC,0
uh hello how are you,0
madad karo bro,1
i am studying,0
udhavi pannunga now,1
naan happy ah iruken now,0
i am going to college!!!,0
call the police!!!,1
time enna please,0
uh main padhai kar raha hoon,0
PLEASE MADAD KARO,1
i am fine bro,0
i like music!!!,0
naan padikkiren,0
enakku bayama irukku!!!,1
time kya hua hai please,0
emergency hai,1
ennai kappathunga,1
uh main khatre mein hoon,1
hey enakku music pidikkum,0
good morning!!!,0
police ko bulao,1
good morning,0
i like music!!!,0
mujhe dar lag raha hai!!!,1
naan nalla iruken!!!,0
i feel unsafe now,1
jaldi madad karo please,1
hey i am fine,0
seekiram help pannunga!!!,1
enna help pannunga bro,1
GOOD MORNING,0
enakku music pidikkum now,0
naan padikkiren now,0
naan nalla iruken bro,0
time enna bro,0
main college ja raha hoon please,0
main khatre mein hoon!!!,1
i am in danger bro,1
hello how are you now,0
save me!!!,1
hey call the police,1
yaaro ennai pin thodaranga please,1
hello how are you now,0
i am going to college,0
please madad karo now,1
enakku music pidikkum please,0
SOMEONE IS FOLLOWING ME,1
i am fine bro,0
hey call the police,1
naan aabathil iruken!!!,1
i am studying now,0
madad karo!!!,1
I AM IN DANGER,1
main padhai kar raha hoon now,0
what is the time please,0
police ko bulao please,1
uh good morning,0
naan aabathil iruken please,1
uh naan college pogiren,0
chill bro,0
koi mera peecha kar raha hai!!!,1
MUJHE DAR LAG RAHA HAI,1
hey enakku music pidikkum,0
police ko bulao,1
uh i am going to college,0
hey udhavi pannunga,1
yaaro ennai pin thodaranga!!!,1
naan nalla iruken bro,0
yaaro ennai pin thodaranga please,1
chill bro please,0
time kya hua hai!!!,0
i am in danger please,1
uh good morning,0
enna help pannunga bro,1
main padhai kar raha hoon bro,0
main khatre mein hoon please,1
help karo now,1
time enna please,0
good morning now,0
good morning bro,0
yaaro ennai pin thodaranga,1
uh good morning,0
naan nalla iruken now,0
hello how are you,0
hey i am in danger,1
hey i am studying,0
main theek hoon please,0
uh mujhe music pasand hai,0
yaaro ennai pin thodaranga please,1
time kya hua hai now,0
yaaro ennai pin thodaranga please,1
naan aabathil iruken now,1
good morning now,0
main padhai kar raha hoon bro,0
emergency ah irukku,1
yaaro ennai pin thodaranga bro,1
enakku bayama irukku please,1
hey enna help pannunga,1
help karo,1
uh main college ja raha hoon,0
save me,1
main padhai kar raha hoon now,0
NAAN NALLA IRUKEN,0
naan ok bro bro,0
i feel unsafe please,1
EMERGENCY AH IRUKKU,1
enakku music pidikkum bro,0
mujhe music pasand hai please,0
WHAT IS THE TIME,0
jaldi madad karo!!!,1
hey good morning,0
hey i am in danger,1
GOOD MORNING,0
sab theek hai bro,0
enakku music pidikkum please,0
good morning now,0
please madad karo please,1
naan padikkiren,0
i am fine bro,0
koi mera peecha kar raha hai now,1
MAIN COLLEGE JA RAHA HOON,0
main padhai kar raha hoon,0
main theek hoon,0
uh i am going to college,0
SOMEONE IS FOLLOWING ME,1
hey please help,1
good morning,0
hey main padhai kar raha hoon,0
main theek hoon,0
uh naan college pogiren,0
WHAT IS THE TIME,0
enna help pannunga please,1
uh sab theek hai,0
main khatre mein hoon,1
i am scared,1
police ah koopdunga now,1
uh main college ja raha hoon,0
main college ja raha hoon please,0
hey sab theek hai,0
SAVE ME,1
main college ja raha hoon please,0
i feel unsafe bro,1
I AM STUDYING,0
MUJHE DAR LAG RAHA HAI,1
jaldi madad karo please,1
koi mera peecha kar raha hai now,1
hey jaldi madad karo,1
i am in danger!!!,1
please help bro,1
uh i am going to college,0
i am in danger now,1
i am fine now,0
ennai kappathunga please,1
jaldi madad karo bro,1
yaaro ennai pin thodaranga now,1
police ko bulao please,1
uh please help,1
naan nalla iruken bro,0
hey i am scared,1
i am going to college please,0
emergency ah irukku now,1
hello how are you now,0
help me please,1
naan ok bro please,0
uh yaaro ennai pin thodaranga,1
help me,1
good morning now,0
main fine hoon bro bro,0
what is the time please,0
KOI MERA PEECHA KAR RAHA HAI,1
hello how are you!!!,0
someone is following me bro,1
naan aabathil iruken now,1
what is the time please,0
hey main college ja raha hoon,0
hey hello how are you,0
please help pannunga now,1
naan nalla iruken bro,0
time kya hua hai bro,0
all good yaar now,0
uh police ko bulao,1
uh naan ok bro,0
ennai kappathunga bro,1
TIME ENNA,0
hey i am fine,0
hey police ah koopdunga,1
uh hello how are you,0
i am fine please,0
i am scared now,1
uh time enna,0
save me please,1
hey i am fine,0
main khatre mein hoon bro,1
naan padikkiren bro,0
i am in danger bro,1
call the police,1
mujhe music pasand hai!!!,0
madad karo!!!,1
what is the time now,0
main fine hoon bro bro,0
emergency ah irukku please,1
uh what is the time,0
emergency ah irukku now,1
i am scared bro,1
I AM SCARED,1
udhavi pannunga bro,1
udhavi pannunga please,1
someone is following me bro,1
hey naan college pogiren,0
i like music please,0
seekiram help pannunga!!!,1
i like music please,0
i am scared,1
MUJHE MUSIC PASAND HAI,0
POLICE AH KOOPDUNGA,1
ennai kappathunga bro,1
uh mujhe dar lag raha hai,1
good morning!!!,0
main khatre mein hoon bro,1
time enna bro,0
MAIN THEEK HOON,0
hey main college ja raha hoon,0
please help bro,1
hey naan nalla iruken,0
hey emergency hai,1
naan happy ah iruken!!!,0
naan aabathil iruken now,1
koi mera peecha kar raha hai please,1
hey please madad karo,1
mujhe bachao,1
main theek hoon,0
EMERGENCY AH IRUKKU,1
uh koi mera peecha kar raha hai,1
uh jaldi madad karo,1
i am scared!!!,1
hey sab theek hai,0
hey naan aabathil iruken,1
hey good morning,0
hey police ah koopdunga,1
uh sab theek hai,0
hey i am studying,0
main fine hoon bro bro,0
enakku music pidikkum bro,0
enakku music pidikkum!!!,0
EMERGENCY HAI,1
uh i am scared,1
call the police bro,1
main theek hoon,0
hey good morning,0
NAAN AABATHIL IRUKEN,1
i am fine now,0
please help pannunga please,1
naan happy ah iruken please,0
main theek hoon bro,0
MAIN COLLEGE JA RAHA HOON,0
good morning please,0
hey i am in danger,1
hey udhavi pannunga,1
main padhai kar raha hoon!!!,0
hey seekiram help pannunga,1
mujhe music pasand hai now,0
police ko bulao,1
naan aabathil iruken please,1
save me bro,1
i like music now,0
hey save me,1
police ah koopdunga,1
jaldi madad karo now,1
koi mera peecha kar raha hai,1
I FEEL UNSAFE,1
police ko bulao bro,1
I AM STUDYING,0
naan aabathil iruken!!!,1
i like music now,0
mujhe bachao bro,1
emergency ah irukku,1
main khatre mein hoon now,1
hey police ko bulao,1
i am fine bro,0
main college ja raha hoon now,0
i feel unsafe!!!,1
time enna now,0
help karo bro,1
save me please,1
jaldi madad karo!!!,1
main padhai kar raha hoon please,0
please help!!!,1
police ah koopdunga bro,1
main theek hoon!!!,0
hey udhavi pannunga,1
uh time enna,0
uh i am fine,0
time enna now,0
uh what is the time,0
ENAKKU BAYAMA IRUKKU,1
main khatre mein hoon please,1
please help,1
enakku bayama irukku!!!,1
good morning!!!,0
hey i like music,0
uh mujhe music pasand hai,0
hello how are you bro,0
uh i am studying,0
uh help me,1
jaldi madad karo please,1
MAIN PADHAI KAR RAHA HOON,0
hey main padhai kar raha hoon,0
MAIN COLLEGE JA RAHA HOON,0
hey i am going to college,0
uh i am scared,1
police ko bulao bro,1
uh hello how are you,0
police ko bulao bro,1
save me bro,1
call the police bro,1
main padhai kar raha hoon,0
time enna!!!,0
ennai kappathunga now,1
uh main khatre mein hoon,1
mujhe dar lag raha hai bro,1
uh please help,1
uh naan padikkiren,0
someone is following me,1
madad karo now,1
i am scared,1
yaaro ennai pin thodaranga!!!,1
uh help me,1
udhavi pannunga!!!,1
EMERGENCY AH IRUKKU,1
uh i am going to college,0
JALDI MADAD KARO,1
main padhai kar raha hoon,0
naan padikkiren,0
MUJHE HELP CHAHIYE,1
hey good morning,0
main college ja raha hoon now,0
time kya hua hai bro,0
mujhe bachao!!!,1
naan ok bro bro,0
uh i am fine,0
hey naan happy ah iruken,0
HELLO HOW ARE YOU,0
sab theek hai now,0
hey naan nalla iruken,0
what is the time please,0
someone is following me now,1
save me bro,1
enakku music pidikkum please,0
MUJHE MUSIC PASAND HAI,0
mujhe music pasand hai!!!,0
i am fine bro,0
uh i am fine,0
MAIN COLLEGE JA RAHA HOON,0
hey sab theek hai,0
police ah koopdunga please,1
uh i like music,0
EMERGENCY HAI,1
call the police bro,1
main college ja raha hoon now,0
uh good morning,0
naan nalla iruken,0
hey mujhe music pasand hai,0
seekiram help pannunga,1
what is the time!!!,0
NAAN PADIKKIREN,0
hey naan nalla iruken,0
main college ja raha hoon bro,0
uh time enna,0
i like music now,0
NAAN HAPPY AH IRUKEN,0
mujhe music pasand hai!!!,0
hey jaldi madad karo,1
hey madad karo,1
all good yaar!!!,0
uh i am studying,0
mujhe help chahiye bro,1
NAAN PADIKKIREN,0
uh i am studying,0
udhavi pannunga,1
time kya hua hai now,0
mujhe music pasand hai now,0
hello how are you,0
MUJHE MUSIC PASAND HAI,0
yaaro ennai pin thodaranga,1
naan padikkiren,0
udhavi pannunga now,1
good morning bro,0
emergency ah irukku now,1
save me please,1
main theek hoon!!!,0
i am scared,1
i am studying please,0
hey main theek hoon,0
i am in danger,1
time kya hua hai!!!,0
save me now,1
main padhai kar raha hoon please,0
someone is following me bro,1
time kya hua hai bro,0
police ah koopdunga now,1
time kya hua hai,0
HELP VENUM,1
madad karo!!!,1
TIME KYA HUA HAI,0
hello how are you!!!,0
naan padikkiren now,0
hey chill bro,0
i am studying please,0
koi mera peecha kar raha hai now,1
SOMEONE IS FOLLOWING ME,1
hey naan ok bro,0
uh police ah koopdunga,1
uh enakku music pidikkum,0
emergency ah irukku please,1
please help bro,1
POLICE AH KOOPDUNGA,1
i am in danger bro,1
emergency ah irukku!!!,1
yaaro ennai pin thodaranga!!!,1
good morning please,0
uh main theek hoon,0
call the police please,1
time kya hua hai bro,0
I LIKE MUSIC,0
uh chill bro,0
good morning bro,0
hey time kya hua hai,0
please help pannunga please,1
GOOD MORNING,0
ennai kappathunga,1
naan padikkiren!!!,0
uh naan padikkiren,0
i am fine please,0
enakku bayama irukku!!!,1
call the police bro,1
call the police!!!,1
uh mujhe dar lag raha hai,1
JALDI MADAD KARO,1
naan nalla iruken,0
main padhai kar raha hoon now,0
i am scared!!!,1
hey hello how are you,0
mujhe dar lag raha hai bro,1
hey naan college pogiren,0
i like music,0
enakku music pidikkum please,0
ENAKKU MUSIC PIDIKKUM,0
I AM FINE,0
i am fine please,0
hey all good yaar,0
uh i feel unsafe,1
naan nalla iruken now,0
YAARO ENNAI PIN THODARANGA,1
i am studying bro,0
police ah koopdunga,1
uh good morning,0
uh chill bro,0
seekiram help pannunga!!!,1
NAAN COLLEGE POGIREN,0
mujhe dar lag raha hai now,1
HELP VENUM,1
uh enakku bayama irukku,1
someone is following me!!!,1
help me!!!,1
i am in danger!!!,1
save me please,1
i feel unsafe please,1
udhavi pannunga bro,1
hey koi mera peecha kar raha hai,1
police ko bulao,1
naan padikkiren bro,0
ennai kappathunga!!!,1
hey seekiram help pannunga,1
main theek hoon bro,0
i am scared now,1
MAIN PADHAI KAR RAHA HOON,0
naan aabathil iruken now,1
mujhe music pasand hai now,0
uh police ko bulao,1
time enna!!!,0
MAIN THEEK HOON,0
enakku bayama irukku!!!,1
please madad karo now,1
udhavi pannunga now,1
main padhai kar raha hoon,0
i am going to college please,0
uh i feel unsafe,1
GOOD MORNING,0
main padhai kar raha hoon please,0
uh main padhai kar raha hoon,0
emergency hai,1
uh mujhe bachao,1
bhai help karo please,1
hey mujhe music pasand hai,0
all good yaar,0
hey main padhai kar raha hoon,0
hey main college ja raha hoon,0
hey hello how are you,0
main fine hoon bro now,0
SOMEONE IS FOLLOWING ME,1
time enna,0
TIME ENNA,0
i am fine please,0
uh call the police,1
i feel unsafe bro,1
hey ennai kappathunga,1
naan ok bro now,0
naan aabathil iruken!!!,1
enakku bayama irukku,1
hello how are you bro,0
good morning bro,0
uh time kya hua hai,0
uh madad karo,1
naan aabathil iruken bro,1
hey yaaro ennai pin thodaranga,1
ENAKKU BAYAMA IRUKKU,1
sab theek hai please,0
uh what is the time,0
i like music please,0
enakku music pidikkum,0
mujhe music pasand hai!!!,0
uh hello how are you,0
help me!!!,1
ENAKKU BAYAMA IRUKKU,1
NAAN OK BRO,0
WHAT IS THE TIME,0
enakku music pidikkum now,0
uh i like music,0
good morning please,0
naan padikkiren please,0
uh mujhe bachao,1
main padhai kar raha hoon bro,0
someone is following me now,1
call the police please,1
police ko bulao,1
udhavi pannunga!!!,1
uh jaldi madad karo,1
good morning,0
hey mujhe bachao,1
help me bro,1
naan nalla iruken now,0
udhavi pannunga bro,1
naan college pogiren,0
time enna bro,0
i am studying please,0
emergency hai now,1
hey main padhai kar raha hoon,0
ennai kappathunga bro,1
hey i am going to college,0
hey naan padikkiren,0
madad karo,1
i like music,0
naan college pogiren bro,0
uh i feel unsafe,1
uh good morning,0
uh i am in danger,1
hey i am going to college,0
uh ennai kappathunga,1
i am scared bro,1
what is the time now,0
ennai kappathunga bro,1
i am studying!!!,0
enakku bayama irukku bro,1
police ko bulao bro,1
WHAT IS THE TIME,0
time enna bro,0
mujhe bachao bro,1
police ah koopdunga,1
please help please,1
main khatre mein hoon,1
naan college pogiren,0
naan college pogiren!!!,0
i am in danger now,1
hey what is the time,0
hello how are you,0
i am going to college!!!,0
enakku bayama irukku please,1
main college ja raha hoon now,0
hey i am in danger,1
SEEKIRAM HELP PANNUNGA,1
bhai help karo please,1
emergency ah irukku please,1
I AM GOING TO COLLEGE,0
good morning now,0
someone is following me now,1
good morning,0
NAAN NALLA IRUKEN,0
POLICE KO BULAO,1
naan college pogiren please,0
ennai kappathunga!!!,1
GOOD MORNING,0
madad karo bro,1
udhavi pannunga bro,1
uh enakku music pidikkum,0
time kya hua hai please,0
emergency ah irukku,1
hey i like music,0
I AM STUDYING,0
uh i am scared,1
emergency hai bro,1
i am studying bro,0
MAIN COLLEGE JA RAHA HOON,0
naan college pogiren,0
hello how are you now,0
mujhe bachao please,1
help me now,1
hey sab theek hai,0
i am fine,0
uh save me,1
WHAT IS THE TIME,0
hey enakku music pidikkum,0
i am fine!!!,0
enna help pannunga bro,1
jaldi madad karo please,1
hey police ko bulao,1
police ko bulao bro,1
hey yaaro ennai pin thodaranga,1
naan nalla iruken!!!,0
I LIKE MUSIC,0
call the police bro,1
i like music!!!,0
main padhai kar raha hoon please,0
main college ja raha hoon,0
ennai kappathunga please,1
hey naan nalla iruken,0
hello how are you now,0
naan nalla iruken please,0
please help pannunga now,1
seekiram help pannunga now,1
ennai kappathunga!!!,1
main theek hoon bro,0
I AM GOING TO COLLEGE,0
uh mujhe music pasand hai,0
hey i am studying,0
naan padikkiren please,0
police ko bulao please,1
uh time kya hua hai,0
i am in danger!!!,1
main fine hoon bro now,0
hey koi mera peecha kar raha hai,1
uh emergency hai,1
hey someone is following me,1
what is the time bro,0
good morning now,0
hey jaldi madad karo,1
madad karo now,1
ennai kappathunga,1
EMERGENCY AH IRUKKU,1
please help pannunga please,1
main college ja raha hoon bro,0
help me bro,1
mujhe music pasand hai now,0
ALL GOOD YAAR,0
save me now,1
koi mera peecha kar raha hai please,1
hey seekiram help pannunga,1
hey seekiram help pannunga,1
hey good morning,0
hey i am going to college,0
hey emergency hai,1
JALDI MADAD KARO,1
i am in danger!!!,1
uh time enna,0
good morning now,0
uh save me,1
hey enakku bayama irukku,1
yaaro ennai pin thodaranga bro,1
hey naan college pogiren,0
main college ja raha hoon,0
HELLO HOW ARE YOU,0
yaaro ennai pin thodaranga,1
hey enakku bayama irukku,1
I AM GOING TO COLLEGE,0
naan college pogiren!!!,0
naan padikkiren now,0
i am going to college!!!,0
police ah koopdunga!!!,1
CHILL BRO,0
emergency ah irukku bro,1
uh call the police,1
emergency hai bro,1
main theek hoon now,0
help me bro,1
i am going to college,0
please help bro,1
i like music now,0
naan college pogiren bro,0
naan nalla iruken please,0
emergency hai!!!,1
JALDI MADAD KARO,1
udhavi pannunga please,1
naan college pogiren now,0
YAARO ENNAI PIN THODARANGA,1
please help pannunga bro,1
naan nalla iruken bro,0
naan aabathil iruken now,1
i am scared!!!,1
police ko bulao now,1
uh koi mera peecha kar raha hai,1
uh emergency hai,1
time kya hua hai bro,0
naan college pogiren,0
time kya hua hai please,0
i am going to college,0
naan aabathil iruken!!!,1
i am studying now,0
hey naan padikkiren,0
time enna please,0
naan nalla iruken,0
time enna bro,0
naan college pogiren bro,0
naan nalla iruken!!!,0
time enna,0
NAAN COLLEGE POGIREN,0
call the police,1
udhavi pannunga,1
enakku music pidikkum,0
chill bro,0
MAIN KHATRE MEIN HOON,1
uh time enna,0
SEEKIRAM HELP PANNUNGA,1
naan nalla iruken bro,0
naan padikkiren please,0
ENAKKU MUSIC PIDIKKUM,0
hey emergency ah irukku,1
good morning now,0
time enna bro,0
hey hello how are you,0
i feel unsafe please,1
HELLO HOW ARE YOU,0
enakku music pidikkum please,0
hey please help,1
time enna bro,0
i am studying now,0
uh main fine hoon bro,0
uh good morning,0
main theek hoon,0
save me bro,1
i like music!!!,0
main college ja raha hoon bro,0
uh mujhe music pasand hai,0
HELP VENUM,1
main theek hoon,0
POLICE KO BULAO,1
uh time enna,0
hey i am in danger,1
mujhe help chahiye please,1
good morning,0
uh time kya hua hai,0
NAAN COLLEGE POGIREN,0
i am fine,0
all good yaar please,0
help karo please,1
mujhe help chahiye please,1
main padhai kar raha hoon bro,0
main theek hoon please,0
YAARO ENNAI PIN THODARANGA,1
help karo please,1
i am scared please,1
i feel unsafe now,1
all good yaar please,0
naan college pogiren,0
NAAN PADIKKIREN,0
udhavi pannunga bro,1
main khatre mein hoon now,1
i am in danger please,1
hey koi mera peecha kar raha hai,1
uh ennai kappathunga,1
hey mujhe dar lag raha hai,1
i am fine now,0
uh main khatre mein hoon,1
i am scared please,1
i feel unsafe,1
hey main theek hoon,0
emergency hai,1
time kya hua hai!!!,0
I AM IN DANGER,1
madad karo!!!,1
mujhe bachao now,1
POLICE KO BULAO,1
naan nalla iruken,0
HELP ME,1
hey i am fine,0
uh i am studying,0
naan nalla iruken!!!,0
enna help pannunga!!!,1
udhavi pannunga bro,1
madad karo now,1
all good yaar,0
emergency ah irukku!!!,1
I AM IN DANGER,1
time kya hua hai please,0
hey police ah koopdunga,1
seekiram help pannunga bro,1
uh bhai help karo,1
time kya hua hai bro,0
police ah koopdunga bro,1
i feel unsafe,1
uh emergency hai,1
uh naan aabathil iruken,1
hello how are you now,0
uh emergency ah irukku,1
chill bro now,0
hey i am in danger,1
time enna please,0
i am scared,1
good morning please,0
hey emergency ah irukku,1
naan nalla iruken please,0
uh naan padikkiren,0
what is the time please,0
i am going to college!!!,0
GOOD MORNING,0
hey emergency hai,1
main college ja raha hoon,0
naan nalla iruken,0
hey hello how are you,0
naan nalla iruken,0
koi mera peecha kar raha hai bro,1
enakku music pidikkum,0
TIME KYA HUA HAI,0
police ko bulao bro,1
hey i feel unsafe,1
someone is following me please,1
POLICE KO BULAO,1
i feel unsafe please,1
emergency ah irukku bro,1
seekiram help pannunga now,1
hey madad karo,1
i am in danger,1
someone is following me bro,1
uh good morning,0
uh jaldi madad karo,1
KOI MERA PEECHA KAR RAHA HAI,1
koi mera peecha kar raha hai now,1
MAIN COLLEGE JA RAHA HOON,0
main fine hoon bro now,0
main theek hoon now,0
uh call the police,1
uh good morning,0
hello how are you bro,0
hey good morning,0
uh naan padikkiren,0
police ah koopdunga!!!,1
mujhe bachao,1
naan college pogiren!!!,0
help venum!!!,1
naan ok bro now,0
uh main padhai kar raha hoon,0
enna help pannunga!!!,1
jaldi madad karo now,1
police ah koopdunga,1
yaaro ennai pin thodaranga bro,1
MAIN COLLEGE JA RAHA HOON,0
NAAN NALLA IRUKEN,0
main theek hoon bro,0
TIME ENNA,0
call the police please,1
time enna bro,0
uh jaldi madad karo,1
koi mera peecha kar raha hai!!!,1
save me!!!,1
good morning bro,0
uh mujhe bachao,1
mujhe bachao bro,1
MUJHE MUSIC PASAND HAI,0
someone is following me,1
koi mera peecha kar raha hai please,1
hey what is the time,0
main theek hoon!!!,0
i am going to college now,0
HELP VENUM,1
main college ja raha hoon bro,0
i like music,0
uh naan padikkiren,0
hello how are you bro,0
main fine hoon bro bro,0
police ah koopdunga now,1
i am going to college please,0
hey mujhe music pasand hai,0
mujhe help chahiye now,1
main theek hoon!!!,0
police ko bulao!!!,1
good morning now,0
I AM SCARED,1
i am studying,0
help me,1
naan college pogiren please,0
seekiram help pannunga now,1
main padhai kar raha hoon please,0
i am fine please,0
someone is following me please,1
hey main college ja raha hoon,0
main college ja raha hoon!!!,0
hey madad karo,1
I AM STUDYING,0
naan nalla iruken bro,0
main college ja raha hoon now,0
mujhe music pasand hai,0
mujhe bachao please,1
help me,1
someone is following me,1
enakku bayama irukku!!!,1
uh time enna,0
NAAN NALLA IRUKEN,0
uh i am scared,1
main college ja raha hoon bro,0
chill bro,0
hello how are you please,0
hey udhavi pannunga,1
NAAN AABATHIL IRUKEN,1
uh main theek hoon,0
MAIN PADHAI KAR RAHA HOON,0
madad karo,1
WHAT IS THE TIME,0
uh yaaro ennai pin thodaranga,1
i am scared please,1
i feel unsafe!!!,1
mujhe music pasand hai now,0
uh good morning,0
hey i feel unsafe,1
help me,1
i am fine now,0
uh help me,1
MAIN COLLEGE JA RAHA HOON,0
MUJHE BACHAO,1
someone is following me now,1
emergency ah irukku!!!,1
good morning now,0
mujhe music pasand hai bro,0
SAVE ME,1
uh emergency ah irukku,1
main theek hoon bro,0
hey time enna,0
seekiram help pannunga!!!,1
naan college pogiren bro,0
time kya hua hai!!!,0
uh police ah koopdunga,1
i like music now,0
MUJHE HELP CHAHIYE,1
hey sab theek hai,0
save me please,1
jaldi madad karo bro,1
main theek hoon now,0
udhavi pannunga!!!,1
call the police please,1
naan aabathil iruken now,1
someone is following me please,1
good morning please,0
police ah koopdunga please,1
hey i am studying,0
i feel unsafe bro,1
naan college pogiren!!!,0
enakku music pidikkum now,0
good morning,0
uh time enna,0
time kya hua hai,0
naan ok bro please,0
someone is following me,1
uh madad karo,1
hey jaldi madad karo,1
naan padikkiren!!!,0
SAVE ME,1
i like music!!!,0
naan college pogiren now,0
main theek hoon please,0
uh hello how are you,0
i am studying!!!,0
CALL THE POLICE,1
time kya hua hai!!!,0
UDHAVI PANNUNGA,1
I AM IN DANGER,1
naan ok bro,0
i like music!!!,0
uh naan nalla iruken,0
uh good morning,0
hey i like music,0
all good yaar!!!,0
i feel unsafe please,1
I AM FINE,0
jaldi madad karo!!!,1
uh i feel unsafe,1
main theek hoon,0
chill bro,0
hey i am fine,0
hey what is the time,0
sab theek hai!!!,0
hey i am in danger,1
good morning please,0
uh i am in danger,1
i am going to college now,0
i am in danger please,1
udhavi pannunga bro,1
jaldi madad karo now,1
i am going to college!!!,0
hey main khatre mein hoon,1
uh help me,1
uh enakku bayama irukku,1
enakku bayama irukku,1
hey mujhe bachao,1
seekiram help pannunga,1
uh i like music,0
BHAI HELP KARO,1
i am going to college!!!,0
uh main fine hoon bro,0
good morning now,0
madad karo please,1
uh emergency ah irukku,1
enakku bayama irukku please,1
mujhe music pasand hai!!!,0
enakku music pidikkum,0
uh yaaro ennai pin thodaranga,1
uh i am studying,0
time kya hua hai please,0
mujhe dar lag raha hai please,1
i am studying please,0
i feel unsafe!!!,1
i am going to college!!!,0
enakku music pidikkum,0
i am scared please,1
i am going to college please,0
hey koi mera peecha kar raha hai,1
good morning now,0
time enna!!!,0
enakku bayama irukku bro,1
mujhe music pasand hai,0
koi mera peecha kar raha hai!!!,1
save me!!!,1
enakku music pidikkum!!!,0
hello how are you bro,0
hey main fine hoon bro,0
main college ja raha hoon!!!,0
hello how are you bro,0
good morning now,0
please help bro,1
TIME ENNA,0
JALDI MADAD KARO,1
hey naan nalla iruken,0
hey seekiram help pannunga,1
yaaro ennai pin thodaranga bro,1
emergency ah irukku please,1
time enna,0
i am going to college,0
i am going to college,0
uh jaldi madad karo,1
mujhe dar lag raha hai please,1
naan aabathil iruken now,1
SAVE ME,1
uh naan padikkiren,0
hey good morning,0
hey enakku bayama irukku,1
i feel unsafe!!!,1
i am going to college please,0
someone is following me!!!,1
mujhe bachao!!!,1
emergency hai,1
uh naan happy ah iruken,0
WHAT IS THE TIME,0
i am studying bro,0
save me bro,1
all good yaar,0
hey enakku bayama irukku,1
call the police please,1
main padhai kar raha hoon please,0
koi mera peecha kar raha hai bro,1
i like music bro,0
time kya hua hai now,0
i am going to college now,0
emergency hai please,1
ENNAI KAPPATHUNGA,1
hey enakku music pidikkum,0
uh time enna,0
hey good morning,0
uh police ah koopdunga,1
hey hello how are you,0
bhai help karo,1
hey police ah koopdunga,1
uh please madad karo,1
police ah koopdunga bro,1
i am going to college,0
uh time kya hua hai,0
yaaro ennai pin thodaranga now,1
what is the time bro,0
mujhe bachao,1
I LIKE MUSIC,0
enakku bayama irukku please,1
uh ennai kappathunga,1
hey enakku music pidikkum,0
time kya hua hai please,0
save me bro,1
hey what is the time,0
i am studying!!!,0
save me bro,1
hey time kya hua hai,0
someone is following me please,1
MUJHE HELP CHAHIYE,1
EMERGENCY AH IRUKKU,1
naan padikkiren please,0
i am in danger please,1
yaaro ennai pin thodaranga!!!,1
help venum please,1
help me,1
hey i am in danger,1
enakku bayama irukku bro,1
i am in danger,1
emergency hai please,1
jaldi madad karo now,1
hey main college ja raha hoon,0
time enna please,0
i am in danger!!!,1
uh what is the time,0
I LIKE MUSIC,0
TIME ENNA,0
yaaro ennai pin thodaranga please,1
police ko bulao!!!,1
hey enna help pannunga,1
MUJHE DAR LAG RAHA HAI,1
seekiram help pannunga please,1
hey main theek hoon,0
NAAN AABATHIL IRUKEN,1
madad karo bro,1
i am fine bro,0
i am going to college now,0
hey naan nalla iruken,0
uh sab theek hai,0
naan nalla iruken,0
MUJHE DAR LAG RAHA HAI,1
emergency ah irukku now,1
time kya hua hai now,0
time kya hua hai please,0
hey time kya hua hai,0
uh udhavi pannunga,1
udhavi pannunga please,1
emergency ah irukku please,1
uh i am going to college,0
enna help pannunga!!!,1
i am scared please,1
main theek hoon!!!,0
hey police ah koopdunga,1
hey i like music,0
main padhai kar raha hoon please,0
seekiram help pannunga now,1
ALL GOOD YAAR,0
hey good morning,0
i am in danger bro,1
i like music please,0
hello how are you now,0
i like music!!!,0
seekiram help pannunga!!!,1
MAIN KHATRE MEIN HOON,1
hey time enna,0
uh someone is following me,1
mujhe dar lag raha hai please,1
good morning!!!,0
ALL GOOD YAAR,0
enakku bayama irukku!!!,1
enna help pannunga!!!,1
enakku music pidikkum now,0
i am fine!!!,0
please help please,1
hey someone is following me,1
police ko bulao please,1
uh i am studying,0
seekiram help pannunga bro,1
i like music now,0
ennai kappathunga please,1
i am scared,1
all good yaar now,0
uh main khatre mein hoon,1
hello how are you,0
i am scared bro,1
uh someone is following me,1
mujhe help chahiye now,1
NAAN NALLA IRUKEN,0
emergency ah irukku,1
emergency hai bro,1
please help!!!,1
main theek hoon now,0
naan happy ah iruken bro,0
main theek hoon,0
uh i am going to college,0
police ah koopdunga now,1
madad karo please,1
i am in danger now,1
hey main college ja raha hoon,0
i am scared bro,1
time kya hua hai,0
hey naan ok bro,0
hey chill bro,0
mujhe help chahiye,1
please help please,1
hey udhavi pannunga,1
uh mujhe music pasand hai,0
someone is following me bro,1
koi mera peecha kar raha hai,1
main college ja raha hoon bro,0
uh emergency hai,1
i am in danger bro,1
i am studying please,0
hello how are you bro,0
what is the time now,0
call the police please,1
what is the time!!!,0
good morning please,0
police ko bulao,1
uh naan aabathil iruken,1
hello how are you!!!,0
I FEEL UNSAFE,1
hey koi mera peecha kar raha hai,1
uh mujhe help chahiye,1
i am in danger now,1
jaldi madad karo,1
save me!!!,1
naan nalla iruken!!!,0
hey police ah koopdunga,1
main college ja raha hoon!!!,0
koi mera peecha kar raha hai now,1
mujhe music pasand hai bro,0
someone is following me!!!,1
i like music,0
please help!!!,1
mujhe dar lag raha hai!!!,1
hello how are you now,0
uh mujhe music pasand hai,0
naan ok bro,0
MAIN PADHAI KAR RAHA HOON,0
main padhai kar raha hoon!!!,0
help venum please,1
yaaro ennai pin thodaranga now,1
hey i am going to college,0
main college ja raha hoon please,0
someone is following me,1
main college ja raha hoon!!!,0
naan nalla iruken,0
uh bhai help karo,1
emergency ah irukku!!!,1
i am studying now,0
emergency hai please,1
time kya hua hai bro,0
i am fine now,0
hello how are you,0
SAB THEEK HAI,0
save me bro,1
emergency ah irukku please,1
enakku music pidikkum!!!,0
emergency ah irukku now,1
hey good morning,0
enakku bayama irukku please,1
emergency hai please,1
mujhe music pasand hai now,0
hey mujhe bachao,1
hey time enna,0
main theek hoon bro,0
i am fine,0
i am going to college bro,0
help me!!!,1
police ah koopdunga please,1
i am studying,0
someone is following me,1
i am scared bro,1
i like music bro,0
I AM STUDYING,0
naan padikkiren bro,0
all good yaar,0
what is the time bro,0
hello how are you please,0
police ko bulao,1
naan college pogiren please,0
hey please help,1
NAAN COLLEGE POGIREN,0
someone is following me please,1
hey hello how are you,0
MAIN THEEK HOON,0
naan college pogiren please,0
uh good morning,0
naan aabathil iruken,1
help me bro,1
uh mujhe dar lag raha hai,1
call the police,1
all good yaar bro,0
please help now,1
enakku music pidikkum please,0
uh mujhe music pasand hai,0
mujhe music pasand hai,0
hey mujhe music pasand hai,0
i am in danger now,1
time kya hua hai now,0
uh naan nalla iruken,0
MUJHE DAR LAG RAHA HAI,1
main college ja raha hoon please,0
hello how are you,0
hey yaaro ennai pin thodaranga,1
MUJHE MUSIC PASAND HAI,0
emergency ah irukku bro,1
uh save me,1
uh what is the time,0
police ko bulao!!!,1
time kya hua hai please,0
hey good morning,0
emergency hai now,1
main fine hoon bro!!!,0
i am fine,0
enakku bayama irukku,1
naan happy ah iruken!!!,0
emergency hai now,1
naan padikkiren now,0
enakku bayama irukku!!!,1
mujhe music pasand hai please,0
i am studying please,0
naan nalla iruken bro,0
uh yaaro ennai pin thodaranga,1
udhavi pannunga!!!,1
main padhai kar raha hoon!!!,0
someone is following me now,1
uh save me,1
main padhai kar raha hoon now,0
i am studying now,0
uh i am studying,0
hey enakku bayama irukku,1
bhai help karo!!!,1
UDHAVI PANNUNGA,1
naan padikkiren bro,0
police ko bulao please,1
hey i like music,0
hello how are you!!!,0
i am studying,0
help venum!!!,1
someone is following me!!!,1
i am scared bro,1
i am in danger!!!,1
hey enakku music pidikkum,0
emergency hai now,1
enakku music pidikkum now,0
hey main college ja raha hoon,0
time enna please,0
i like music now,0
bhai help karo now,1
sab theek hai please,0
emergency ah irukku,1
main padhai kar raha hoon please,0
time enna bro,0
main padhai kar raha hoon,0
HELP KARO,1
good morning bro,0
call the police bro,1
main padhai kar raha hoon bro,0
uh i am going to college,0
GOOD MORNING,0
mujhe music pasand hai!!!,0
uh i am going to college,0
please madad karo!!!,1
uh police ko bulao,1
uh main khatre mein hoon,1
naan padikkiren,0
sab theek hai!!!,0
someone is following me bro,1
hey main fine hoon bro,0
help me,1
MAIN COLLEGE JA RAHA HOON,0
someone is following me!!!,1
hello how are you bro,0
hey naan college pogiren,0
naan nalla iruken!!!,0
uh good morning,0
time enna now,0
uh enna help pannunga,1
naan padikkiren now,0
jaldi madad karo now,1
udhavi pannunga now,1
hey main padhai kar raha hoon,0
uh naan happy ah iruken,0
mujhe bachao!!!,1
i am fine please,0
police ah koopdunga now,1
hey naan college pogiren,0
help me!!!,1
naan padikkiren,0
hey time kya hua hai,0
i am studying please,0
WHAT IS THE TIME,0
good morning now,0
uh i am scared,1
uh what is the time,0
hey good morning,0
uh all good yaar,0
hey i like music,0
enna help pannunga bro,1
time kya hua hai now,0
emergency ah irukku now,1
hey time kya hua hai,0
police ko bulao!!!,1
hey please help pannunga,1
someone is following me now,1
hey i am in danger,1
hey call the police,1
uh call the police,1
save me!!!,1
uh call the police,1
please help pannunga please,1
hey main theek hoon,0
emergency hai!!!,1
main college ja raha hoon now,0
hey i feel unsafe,1
hey emergency hai,1
main college ja raha hoon now,0
GOOD MORNING,0
enakku music pidikkum now,0
enakku bayama irukku please,1
uh ennai kappathunga,1
main theek hoon please,0
ennai kappathunga please,1
yaaro ennai pin thodaranga!!!,1
hey main theek hoon,0
MAIN PADHAI KAR RAHA HOON,0
hey main padhai kar raha hoon,0
hey i am in danger,1
main padhai kar raha hoon,0
i feel unsafe!!!,1
police ko bulao!!!,1
time kya hua hai please,0
hey main khatre mein hoon,1
i feel unsafe!!!,1
hello how are you bro,0
time kya hua hai now,0
I AM GOING TO COLLEGE,0
police ah koopdunga now,1
SAVE ME,1
hey i am fine,0
jaldi madad karo,1
main college ja raha hoon!!!,0
mujhe bachao!!!,1
i am in danger!!!,1
TIME ENNA,0
good morning bro,0
naan happy ah iruken!!!,0
KOI MERA PEECHA KAR RAHA HAI,1
koi mera peecha kar raha hai now,1
NAAN OK BRO,0
I AM GOING TO COLLEGE,0
udhavi pannunga bro,1
uh hello how are you,0
mujhe help chahiye please,1
help karo please,1
hello how are you bro,0
uh enakku music pidikkum,0
uh mujhe music pasand hai,0
naan nalla iruken!!!,0
madad karo,1
police ko bulao now,1
hey emergency ah irukku,1
HELLO HOW ARE YOU,0
call the police bro,1
main padhai kar raha hoon bro,0
i am studying bro,0
uh emergency ah irukku,1
hey naan padikkiren,0
call the police,1
i am going to college now,0
naan aabathil iruken bro,1
good morning bro,0
mujhe dar lag raha hai,1
time enna,0
uh what is the time,0
i am scared now,1
naan college pogiren,0
enakku bayama irukku bro,1
madad karo,1
please help now,1
help venum bro,1
uh koi mera peecha kar raha hai,1
time enna!!!,0
I AM FINE,0
i am scared please,1
mujhe music pasand hai bro,0
mujhe bachao!!!,1
mujhe bachao please,1
TIME KYA HUA HAI,0
main college ja raha hoon bro,0
mujhe bachao please,1
jaldi madad karo,1
MUJHE HELP CHAHIYE,1
uh i am going to college,0
NAAN COLLEGE POGIREN,0
I AM STUDYING,0
mujhe bachao,1
i feel unsafe bro,1
MAIN THEEK HOON,0
police ko bulao bro,1
hey naan college pogiren,0
hey yaaro ennai pin thodaranga,1
main college ja raha hoon bro,0
mujhe bachao now,1
ENAKKU MUSIC PIDIKKUM,0
someone is following me!!!,1
help karo please,1
naan nalla iruken!!!,0
naan nalla iruken!!!,0
uh naan college pogiren,0
hey chill bro,0
naan nalla iruken bro,0
uh what is the time,0
time enna now,0
time kya hua hai,0
uh chill bro,0
uh main theek hoon,0
chill bro,0
uh police ah koopdunga,1
naan padikkiren bro,0
EMERGENCY HAI,1
i am going to college bro,0
yaaro ennai pin thodaranga bro,1
enakku music pidikkum!!!,0
time enna!!!,0
hey i feel unsafe,1
TIME KYA HUA HAI,0
seekiram help pannunga bro,1
time kya hua hai bro,0
time enna bro,0
i like music bro,0
naan padikkiren!!!,0
udhavi pannunga please,1
i feel unsafe please,1
call the police now,1
koi mera peecha kar raha hai now,1
TIME ENNA,0
i am going to college bro,0
hey jaldi madad karo,1
emergency ah irukku,1
naan aabathil iruken now,1
police ah koopdunga please,1
emergency hai please,1
MAIN THEEK HOON,0
uh help venum,1
i feel unsafe,1
WHAT IS THE TIME,0
SOMEONE IS FOLLOWING ME,1
naan nalla iruken,0
i am fine now,0
uh naan college pogiren,0
SEEKIRAM HELP PANNUNGA,1
time enna bro,0
uh naan aabathil iruken,1
naan college pogiren now,0
main fine hoon bro,0
i am fine!!!,0
uh i am scared,1
main theek hoon bro,0
call the police!!!,1
hello how are you please,0
i feel unsafe,1
chill bro please,0
someone is following me!!!,1
enna help pannunga now,1
I AM SCARED,1
JALDI MADAD KARO,1
naan aabathil iruken,1
main padhai kar raha hoon!!!,0
madad karo now,1
naan padikkiren bro,0
madad karo now,1
bhai help karo now,1
yaaro ennai pin thodaranga,1
NAAN COLLEGE POGIREN,0
hello how are you bro,0
mujhe music pasand hai now,0
help venum now,1
hey i am in danger,1
uh emergency ah irukku,1
what is the time,0
ennai kappathunga!!!,1
please help!!!,1
i am studying!!!,0
police ah koopdunga please,1
i feel unsafe bro,1
MAIN COLLEGE JA RAHA HOON,0
main padhai kar raha hoon!!!,0
hey mujhe music pasand hai,0
uh mujhe help chahiye,1
time enna!!!,0
what is the time,0
mujhe dar lag raha hai,1
hey i am going to college,0
i feel unsafe,1
please help,1
POLICE KO BULAO,1
emergency ah irukku!!!,1
hey main theek hoon,0
please madad karo!!!,1
PLEASE HELP,1
yaaro ennai pin thodaranga,1
hey bhai help karo,1
I AM STUDYING,0
koi mera peecha kar raha hai!!!,1
good morning bro,0
i like music,0
hey enakku music pidikkum,0
hey police ko bulao,1
i am going to college!!!,0
hey madad karo,1
enakku music pidikkum please,0
help venum now,1
madad karo now,1
main khatre mein hoon,1
main padhai kar raha hoon,0
emergency ah irukku now,1
time kya hua hai!!!,0
good morning now,0
hey someone is following me,1
hey main padhai kar raha hoon,0
seekiram help pannunga please,1
hey enna help pannunga,1
uh emergency hai,1
bhai help karo please,1
main khatre mein hoon!!!,1
please help bro,1
hey naan college pogiren,0
uh bhai help karo,1
uh sab theek hai,0
koi mera peecha kar raha hai please,1
uh police ah koopdunga,1
uh ennai kappathunga,1
uh mujhe help chahiye,1
hey jaldi madad karo,1
main college ja raha hoon please,0
uh enna help pannunga,1
KOI MERA PEECHA KAR RAHA HAI,1
NAAN AABATHIL IRUKEN,1
good morning now,0
hey what is the time,0
please help,1
mujhe music pasand hai now,0
I LIKE MUSIC,0
police ko bulao now,1
uh good morning,0
main college ja raha hoon,0
i feel unsafe now,1
mujhe music pasand hai!!!,0
time enna now,0
uh enakku music pidikkum,0
MUJHE DAR LAG RAHA HAI,1
time kya hua hai,0
emergency hai,1
hey koi mera peecha kar raha hai,1
uh mujhe music pasand hai,0
uh i like music,0
uh madad karo,1
someone is following me,1
uh naan nalla iruken,0
jaldi madad karo now,1
emergency hai please,1
EMERGENCY HAI,1
please help bro,1
seekiram help pannunga now,1
hey someone is following me,1
help venum!!!,1
what is the time!!!,0
naan college pogiren now,0
hey emergency ah irukku,1
main college ja raha hoon now,0
i am going to college now,0
naan nalla iruken bro,0
naan padikkiren please,0
PLEASE HELP PANNUNGA,1
i am studying,0
uh i like music,0
i am going to college bro,0
jaldi madad karo!!!,1
hey main fine hoon bro,0
emergency ah irukku bro,1
help venum,1
hey chill bro,0
emergency ah irukku,1
MUJHE BACHAO,1
time enna,0
uh naan college pogiren,0
please help!!!,1
main college ja raha hoon now,0
NAAN COLLEGE POGIREN,0
mujhe music pasand hai!!!,0
main khatre mein hoon please,1
main college ja raha hoon please,0
main padhai kar raha hoon now,0
enakku bayama irukku please,1
emergency ah irukku,1
emergency hai bro,1
i am fine,0
bhai help karo bro,1
help karo,1
time kya hua hai!!!,0
hey naan nalla iruken,0
uh emergency hai,1
main padhai kar raha hoon!!!,0
someone is following me,1
please help!!!,1
save me!!!,1
i am in danger now,1
time kya hua hai please,0
call the police!!!,1
what is the time!!!,0
uh call the police,1
uh yaaro ennai pin thodaranga,1
uh mujhe dar lag raha hai,1
help karo!!!,1
uh i like music,0
uh please madad karo,1
ennai kappathunga,1
all good yaar!!!,0
naan aabathil iruken please,1
uh i am in danger,1
sab theek hai bro,0
CALL THE POLICE,1
hey main fine hoon bro,0
seekiram help pannunga bro,1
police ah koopdunga please,1
uh i am fine,0
time enna please,0
UDHAVI PANNUNGA,1
hey main college ja raha hoon,0
hey good morning,0
hey i am scared,1
naan college pogiren now,0
hey good morning,0
i am going to college bro,0
udhavi pannunga,1
i am fine bro,0
naan padikkiren now,0
enakku music pidikkum bro,0
uh ennai kappathunga,1
mujhe dar lag raha hai bro,1
main college ja raha hoon now,0
hey good morning,0
uh naan padikkiren,0
uh i am scared,1
uh mujhe music pasand hai,0
MAIN KHATRE MEIN HOON,1
police ko bulao bro,1
time kya hua hai,0
i am studying,0
good morning bro,0
uh i like music,0
naan aabathil iruken!!!,1
mujhe bachao please,1
seekiram help pannunga!!!,1
police ah koopdunga,1
jaldi madad karo,1
i am going to college please,0
main padhai kar raha hoon bro,0
time enna!!!,0
emergency hai bro,1
hey help venum,1
jaldi madad karo bro,1
mujhe music pasand hai bro,0
hey i am going to college,0
mujhe bachao,1
call the police please,1
naan happy ah iruken now,0
ennai kappathunga!!!,1
hey main padhai kar raha hoon,0
KOI MERA PEECHA KAR RAHA HAI,1
what is the time now,0
uh naan padikkiren,0
MUJHE DAR LAG RAHA HAI,1
all good yaar please,0
hello how are you now,0
call the police!!!,1
hey save me,1
hey someone is following me,1
I AM GOING TO COLLEGE,0
uh i am scared,1
main padhai kar raha hoon!!!,0
hello how are you!!!,0
MAIN PADHAI KAR RAHA HOON,0
uh main padhai kar raha hoon,0
hey emergency hai,1
NAAN COLLEGE POGIREN,0
mujhe help chahiye now,1
uh call the police,1
hey hello how are you,0
ennai kappathunga,1
main college ja raha hoon!!!,0
main padhai kar raha hoon bro,0
what is the time bro,0
main theek hoon!!!,0
hey time kya hua hai,0
call the police bro,1
madad karo,1
mujhe music pasand hai!!!,0
mujhe bachao now,1
EMERGENCY HAI,1
naan nalla iruken,0
jaldi madad karo,1
main khatre mein hoon!!!,1
TIME KYA HUA HAI,0
please help!!!,1
GOOD MORNING,0
GOOD MORNING,0
uh main college ja raha hoon,0
uh main theek hoon,0
ENAKKU BAYAMA IRUKKU,1
i am fine,0
MADAD KARO,1
good morning please,0
NAAN PADIKKIREN,0
hey naan padikkiren,0
main college ja raha hoon,0
main theek hoon!!!,0
mujhe music pasand hai bro,0
main theek hoon now,0
main padhai kar raha hoon,0
save me,1
uh madad karo,1
uh help me,1
SEEKIRAM HELP PANNUNGA,1
uh mujhe bachao,1
naan padikkiren bro,0
hey main college ja raha hoon,0
police ko bulao please,1
naan happy ah iruken please,0
time kya hua hai bro,0
what is the time bro,0
naan padikkiren please,0
jaldi madad karo please,1
someone is following me!!!,1
mujhe music pasand hai,0
mujhe music pasand hai!!!,0
main college ja raha hoon bro,0
i like music!!!,0
main padhai kar raha hoon please,0
MAIN COLLEGE JA RAHA HOON,0
hey main college ja raha hoon,0
madad karo now,1
i feel unsafe now,1
bhai help karo please,1
uh good morning,0
i am in danger,1
i am studying bro,0
time kya hua hai bro,0
naan nalla iruken now,0
jaldi madad karo!!!,1
hey mujhe dar lag raha hai,1
someone is following me now,1
hey someone is following me,1
main khatre mein hoon bro,1
please help,1
jaldi madad karo now,1
uh enna help pannunga,1
please help pannunga bro,1
hey emergency ah irukku,1
someone is following me,1
ennai kappathunga please,1
enakku music pidikkum,0
hey jaldi madad karo,1
jaldi madad karo bro,1
mujhe help chahiye!!!,1
seekiram help pannunga now,1
hey hello how are you,0
mujhe bachao,1
i am scared!!!,1
I AM SCARED,1
POLICE AH KOOPDUNGA,1
uh udhavi pannunga,1
madad karo!!!,1
uh emergency ah irukku,1
i am scared please,1
good morning please,0
uh what is the time,0
uh save me,1
good morning please,0
i am fine please,0
MAIN PADHAI KAR RAHA HOON,0
police ko bulao please,1
mujhe music pasand hai,0
uh mujhe dar lag raha hai,1
main theek hoon please,0
uh mujhe dar lag raha hai,1
police ko bulao please,1
i am studying!!!,0
TIME ENNA,0
udhavi pannunga,1
naan college pogiren please,0
uh emergency ah irukku,1
mujhe music pasand hai bro,0
uh save me,1
jaldi madad karo now,1
hey yaaro ennai pin thodaranga,1
hey koi mera peecha kar raha hai,1
i am going to college please,0
mujhe bachao please,1
naan college pogiren now,0
time kya hua hai bro,0
jaldi madad karo please,1
EMERGENCY AH IRUKKU,1
uh please help,1
i am scared,1
help me bro,1
hey time kya hua hai,0
someone is following me,1
time kya hua hai bro,0
CALL THE POLICE,1
enna help pannunga please,1
i am going to college,0
uh what is the time,0
udhavi pannunga now,1
jaldi madad karo!!!,1
uh koi mera peecha kar raha hai,1
i like music bro,0
save me please,1
uh koi mera peecha kar raha hai,1
yaaro ennai pin thodaranga now,1
MAIN KHATRE MEIN HOON,1
main college ja raha hoon please,0
main college ja raha hoon!!!,0
CALL THE POLICE,1
good morning!!!,0
uh enakku music pidikkum,0
naan padikkiren,0
uh time enna,0
i am going to college bro,0
all good yaar!!!,0
call the police!!!,1
i am studying!!!,0
uh main khatre mein hoon,1
MAIN COLLEGE JA RAHA HOON,0
naan aabathil iruken bro,1
uh i am fine,0
hey emergency hai,1
uh main padhai kar raha hoon,0
main padhai kar raha hoon!!!,0
uh please help,1
mujhe music pasand hai!!!,0
mujhe dar lag raha hai,1
main college ja raha hoon now,0
time enna please,0
main college ja raha hoon bro,0
i like music!!!,0
i am in danger bro,1
mujhe music pasand hai,0
main theek hoon please,0
NAAN PADIKKIREN,0
emergency ah irukku!!!,1
i am in danger now,1
SEEKIRAM HELP PANNUNGA,1
sab theek hai bro,0
i am going to college,0
yaaro ennai pin thodaranga!!!,1
hello how are you bro,0
good morning,0
mujhe dar lag raha hai!!!,1
naan nalla iruken bro,0
WHAT IS THE TIME,0
EMERGENCY AH IRUKKU,1
main padhai kar raha hoon!!!,0
save me,1
i feel unsafe,1
enakku bayama irukku!!!,1
hey naan nalla iruken,0
koi mera peecha kar raha hai please,1
hey help me,1
i am fine bro,0
good morning please,0
time enna,0
ennai kappathunga,1
uh good morning,0
good morning!!!,0
hey please help,1
madad karo now,1
MAIN COLLEGE JA RAHA HOON,0
time enna,0
PLEASE HELP,1
someone is following me bro,1
i am in danger,1
mujhe bachao please,1
naan nalla iruken please,0
enakku bayama irukku bro,1
hey enakku bayama irukku,1
naan nalla iruken,0
all good yaar!!!,0
uh main padhai kar raha hoon,0
mujhe dar lag raha hai,1
enakku music pidikkum now,0
someone is following me bro,1
NAAN COLLEGE POGIREN,0
hey main padhai kar raha hoon,0
POLICE AH KOOPDUNGA,1
hey naan happy ah iruken,0
NAAN NALLA IRUKEN,0
uh main theek hoon,0
i am scared now,1
uh main college ja raha hoon,0
uh jaldi madad karo,1
mujhe music pasand hai please,0
uh good morning,0
i like music,0
seekiram help pannunga!!!,1
hey jaldi madad karo,1
emergency hai!!!,1
jaldi madad karo,1
good morning,0
time kya hua hai bro,0
naan nalla iruken!!!,0
CALL THE POLICE,1
hey naan college pogiren,0
jaldi madad karo,1
madad karo please,1
i like music,0
uh police ko bulao,1
udhavi pannunga,1
naan nalla iruken!!!,0
uh main padhai kar raha hoon,0
uh time enna,0
main theek hoon!!!,0
koi mera peecha kar raha hai now,1
call the police,1
hey enakku music pidikkum,0
bhai help karo now,1
uh jaldi madad karo,1
hey main college ja raha hoon,0
mujhe music pasand hai now,0
enakku music pidikkum,0
hey time enna,0
i am going to college bro,0
MUJHE HELP CHAHIYE,1
main theek hoon now,0
uh call the police,1
seekiram help pannunga now,1
uh police ko bulao,1
main theek hoon bro,0
naan college pogiren please,0
hey main padhai kar raha hoon,0
uh naan nalla iruken,0
ennai kappathunga bro,1
naan padikkiren,0
hey emergency hai,1
udhavi pannunga please,1
hey save me,1
i am studying now,0
save me bro,1
koi mera peecha kar raha hai,1
someone is following me please,1
uh good morning,0
enakku music pidikkum bro,0
emergency ah irukku bro,1
uh main khatre mein hoon,1
main college ja raha hoon please,0
emergency ah irukku please,1
mujhe music pasand hai,0
hey hello how are you,0
i am going to college bro,0
hey naan happy ah iruken,0
ennai kappathunga!!!,1
hey i am going to college,0
hey mujhe music pasand hai,0
hey time enna,0
SOMEONE IS FOLLOWING ME,1
bhai help karo now,1
help me please,1
hey help karo,1
main college ja raha hoon please,0
police ah koopdunga,1
naan padikkiren bro,0
uh enakku bayama irukku,1
mujhe bachao!!!,1
uh naan happy ah iruken,0
i am fine,0
i am fine bro,0
main padhai kar raha hoon please,0
i feel unsafe please,1
hey i am studying,0
ennai kappathunga!!!,1
NAAN NALLA IRUKEN,0
i feel unsafe!!!,1
hello how are you now,0
good morning,0
i am studying please,0
help karo,1
GOOD MORNING,0
time kya hua hai please,0
help karo!!!,1
mujhe dar lag raha hai,1
hello how are you!!!,0
madad karo bro,1
main padhai kar raha hoon!!!,0
main khatre mein hoon bro,1
time kya hua hai,0
what is the time now,0
ennai kappathunga bro,1
seekiram help pannunga bro,1
uh jaldi madad karo,1
i am scared,1
naan aabathil iruken,1
i am going to college now,0
naan college pogiren,0
hey please help,1
uh someone is following me,1
i like music,0
NAAN AABATHIL IRUKEN,1
main khatre mein hoon bro,1
madad karo please,1
i am going to college bro,0
hey i am fine,0
i like music,0
PLEASE HELP,1
hey mujhe bachao,1
naan happy ah iruken now,0
hey save me,1
time enna please,0
help me please,1
main fine hoon bro please,0
koi mera peecha kar raha hai!!!,1
hey good morning,0
UDHAVI PANNUNGA,1
udhavi pannunga,1
call the police bro,1
hello how are you,0
please help bro,1
NAAN PADIKKIREN,0
main padhai kar raha hoon now,0
someone is following me,1
hey help karo,1
i am in danger please,1
seekiram help pannunga!!!,1
i am going to college please,0
SOMEONE IS FOLLOWING ME,1
save me!!!,1
all good yaar!!!,0
main theek hoon now,0
good morning,0
bhai help karo bro,1
naan padikkiren,0
call the police please,1
POLICE KO BULAO,1
i am going to college now,0
enakku music pidikkum,0
uh please help,1
I LIKE MUSIC,0
emergency hai please,1
udhavi pannunga,1
EMERGENCY HAI,1
main padhai kar raha hoon now,0
ENNA HELP PANNUNGA,1
hey i like music,0
naan padikkiren!!!,0
i like music,0
uh good morning,0
uh main college ja raha hoon,0
i am in danger please,1
good morning now,0
uh enakku bayama irukku,1
i am fine!!!,0
naan aabathil iruken,1
udhavi pannunga bro,1
uh i am in danger,1
naan aabathil iruken now,1
mujhe bachao,1
jaldi madad karo now,1
NAAN AABATHIL IRUKEN,1
chill bro now,0
hey good morning,0
NAAN COLLEGE POGIREN,0
good morning bro,0
i am fine bro,0
naan aabathil iruken bro,1
i like music!!!,0
main fine hoon bro bro,0
i like music,0
I AM GOING TO COLLEGE,0
hey mujhe bachao,1
mujhe dar lag raha hai!!!,1
naan college pogiren bro,0
please help now,1
I LIKE MUSIC,0
yaaro ennai pin thodaranga,1
good morning bro,0
I LIKE MUSIC,0
hey naan nalla iruken,0
mujhe dar lag raha hai,1
hey mujhe bachao,1
emergency hai now,1
POLICE AH KOOPDUNGA,1
what is the time,0
i am studying bro,0
seekiram help pannunga!!!,1
help venum!!!,1
main college ja raha hoon bro,0
main college ja raha hoon bro,0
enakku music pidikkum please,0
save me please,1
madad karo now,1
uh mujhe music pasand hai,0
uh help venum,1
uh i am going to college,0
I AM IN DANGER,1
GOOD MORNING,0
main padhai kar raha hoon now,0
uh i like music,0
uh ennai kappathunga,1
CALL THE POLICE,1
good morning!!!,0
i feel unsafe now,1
time kya hua hai,0
main padhai kar raha hoon bro,0
seekiram help pannunga please,1
please help please,1
enakku music pidikkum!!!,0
mujhe bachao!!!,1
TIME KYA HUA HAI,0
jaldi madad karo bro,1
naan ok bro now,0
main khatre mein hoon now,1
koi mera peecha kar raha hai bro,1
hey emergency hai,1
I FEEL UNSAFE,1
main theek hoon now,0
main college ja raha hoon now,0
i am in danger please,1
ennai kappathunga now,1
naan nalla iruken please,0
please madad karo please,1
main padhai kar raha hoon please,0
naan nalla iruken bro,0
emergency hai please,1
i am going to college,0
uh police ko bulao,1
GOOD MORNING,0
please help please,1
TIME ENNA,0
i am scared please,1
save me bro,1
police ah koopdunga,1
time enna please,0
main khatre mein hoon,1
hello how are you bro,0
HELLO HOW ARE YOU,0
ennai kappathunga please,1
help karo please,1
enakku music pidikkum,0
hey what is the time,0
seekiram help pannunga now,1
i am going to college,0
uh hello how are you,0
police ko bulao!!!,1
uh please help,1
uh enakku bayama irukku,1
NAAN NALLA IRUKEN,0
sab theek hai now,0
i am fine!!!,0
hey udhavi pannunga,1
hey time kya hua hai,0
mujhe dar lag raha hai please,1
hey main khatre mein hoon,1
koi mera peecha kar raha hai now,1
I AM IN DANGER,1
udhavi pannunga please,1
help venum!!!,1
MUJHE BACHAO,1
hey enna help pannunga,1
hello how are you please,0
yaaro ennai pin thodaranga now,1
mujhe music pasand hai bro,0
main theek hoon bro,0
seekiram help pannunga,1
hey main khatre mein hoon,1
i am in danger!!!,1
police ah koopdunga please,1
time kya hua hai please,0
MAIN KHATRE MEIN HOON,1
hey naan padikkiren,0
mujhe music pasand hai please,0
SEEKIRAM HELP PANNUNGA,1
someone is following me,1
enakku bayama irukku please,1
main fine hoon bro bro,0
i am in danger!!!,1
main khatre mein hoon please,1
i am studying please,0
what is the time bro,0
uh naan nalla iruken,0
mujhe bachao,1
time enna,0
seekiram help pannunga please,1
good morning,0
seekiram help pannunga please,1
i feel unsafe please,1
hey enakku bayama irukku,1
i like music now,0
naan college pogiren bro,0
HELLO HOW ARE YOU,0
emergency ah irukku now,1
bhai help karo,1
naan college pogiren!!!,0
udhavi pannunga bro,1
enna help pannunga please,1
i am going to college!!!,0
uh naan aabathil iruken,1
I AM IN DANGER,1
mujhe music pasand hai,0
uh seekiram help pannunga,1
I LIKE MUSIC,0
call the police,1
naan ok bro now,0
someone is following me,1
uh udhavi pannunga,1
madad karo now,1
naan college pogiren!!!,0
i am studying,0
naan aabathil iruken,1
good morning!!!,0
yaaro ennai pin thodaranga bro,1
uh time kya hua hai,0
i am scared now,1
mujhe bachao,1
uh udhavi pannunga,1
what is the time now,0
main padhai kar raha hoon,0
hey mujhe music pasand hai,0
help me!!!,1
ENAKKU MUSIC PIDIKKUM,0
i am scared,1
time kya hua hai bro,0
main college ja raha hoon now,0
good morning bro,0
i am scared now,1
good morning,0
enakku bayama irukku,1
uh someone is following me,1
hey main college ja raha hoon,0
seekiram help pannunga now,1
uh time kya hua hai,0
i am studying bro,0
mujhe bachao,1
YAARO ENNAI PIN THODARANGA,1
good morning please,0
koi mera peecha kar raha hai please,1
hey police ko bulao,1
please help please,1
i am scared bro,1
hey time kya hua hai,0
uh mujhe music pasand hai,0
what is the time!!!,0
uh i am scared,1
i am going to college,0
GOOD MORNING,0
hey time enna,0
GOOD MORNING,0
all good yaar!!!,0
uh seekiram help pannunga,1
naan nalla iruken!!!,0
SAVE ME,1
good morning!!!,0
time enna please,0
I LIKE MUSIC,0
uh enakku music pidikkum,0
hey please help,1
main theek hoon bro,0
naan aabathil iruken!!!,1
time enna now,0
hey main padhai kar raha hoon,0
MADAD KARO,1
uh enakku music pidikkum,0
i am going to college now,0
uh enakku music pidikkum,0
i feel unsafe please,1
koi mera peecha kar raha hai now,1
police ko bulao bro,1
hello how are you,0
mujhe bachao please,1
help me bro,1
mujhe dar lag raha hai,1
i am fine please,0
POLICE AH KOOPDUNGA,1
YAARO ENNAI PIN THODARANGA,1
someone is following me now,1
main khatre mein hoon please,1
MADAD KARO,1
naan college pogiren!!!,0
i am studying bro,0
emergency hai please,1
JALDI MADAD KARO,1
KOI MERA PEECHA KAR RAHA HAI,1
hey time kya hua hai,0
udhavi pannunga!!!,1
what is the time please,0
PLEASE HELP PANNUNGA,1
hey naan college pogiren,0
MUJHE DAR LAG RAHA HAI,1
uh jaldi madad karo,1
sab theek hai,0
uh mujhe dar lag raha hai,1
EMERGENCY AH IRUKKU,1
good morning please,0
what is the time,0
emergency ah irukku now,1
uh i am going to college,0
uh mujhe dar lag raha hai,1
naan aabathil iruken bro,1
naan nalla iruken bro,0
uh time kya hua hai,0
koi mera peecha kar raha hai now,1
time kya hua hai now,0
uh main padhai kar raha hoon,0
emergency hai!!!,1
naan happy ah iruken please,0
uh main khatre mein hoon,1
police ah koopdunga please,1
MAIN THEEK HOON,0
enakku music pidikkum please,0
naan padikkiren,0
uh enakku music pidikkum,0
madad karo please,1
police ko bulao please,1
uh naan aabathil iruken,1
hey udhavi pannunga,1
mujhe help chahiye now,1
time enna!!!,0
good morning,0
hey madad karo,1
I LIKE MUSIC,0
uh time kya hua hai,0
hello how are you please,0
uh help venum,1
naan aabathil iruken bro,1
i am studying please,0
uh bhai help karo,1
MUJHE BACHAO,1
NAAN NALLA IRUKEN,0
seekiram help pannunga please,1
uh i like music,0
naan padikkiren!!!,0
time enna!!!,0
BHAI HELP KARO,1
i am studying now,0
uh main theek hoon,0
good morning now,0
main padhai kar raha hoon!!!,0
MUJHE BACHAO,1
i am scared now,1
uh udhavi pannunga,1
I AM FINE,0
time kya hua hai!!!,0
i am studying,0
time enna bro,0
main theek hoon please,0
main theek hoon now,0
i am studying,0
uh naan aabathil iruken,1
i like music,0
hey naan nalla iruken,0
I AM GOING TO COLLEGE,0
help me,1
hey what is the time,0
naan padikkiren,0
EMERGENCY HAI,1
jaldi madad karo please,1
MUJHE MUSIC PASAND HAI,0
i like music please,0
I LIKE MUSIC,0
main padhai kar raha hoon bro,0
uh what is the time,0
uh please help,1
good morning please,0
main theek hoon!!!,0
I AM SCARED,1
help venum,1
main theek hoon!!!,0
police ko bulao bro,1
main theek hoon bro,0
call the police bro,1
main theek hoon bro,0
main theek hoon!!!,0
uh all good yaar,0
uh call the police,1
main theek hoon please,0
uh save me,1
i am going to college now,0
uh good morning,0
uh naan college pogiren,0
sab theek hai now,0
naan aabathil iruken now,1
main khatre mein hoon please,1
i am studying!!!,0
uh main theek hoon,0
hey i am studying,0
main padhai kar raha hoon,0
main khatre mein hoon!!!,1
i like music,0
mujhe bachao!!!,1
udhavi pannunga bro,1
save me!!!,1
MUJHE DAR LAG RAHA HAI,1
mujhe bachao!!!,1
MAIN PADHAI KAR RAHA HOON,0
uh i am studying,0
mujhe help chahiye bro,1
uh enakku bayama irukku,1
MAIN COLLEGE JA RAHA HOON,0
JALDI MADAD KARO,1
uh save me,1
naan happy ah iruken now,0
yaaro ennai pin thodaranga now,1
i am going to college please,0
uh naan aabathil iruken,1
i am going to college now,0
uh main padhai kar raha hoon,0
help me please,1
police ah koopdunga please,1
main college ja raha hoon!!!,0
hey please madad karo,1
hey mujhe music pasand hai,0
hey mujhe bachao,1
mujhe music pasand hai bro,0
MAIN COLLEGE JA RAHA HOON,0
naan nalla iruken bro,0
uh emergency ah irukku,1
yaaro ennai pin thodaranga bro,1
hey police ko bulao,1
naan padikkiren bro,0
save me now,1
enakku music pidikkum please,0
hey police ko bulao,1
I AM IN DANGER,1
save me!!!,1
enakku bayama irukku,1
uh good morning,0
enakku bayama irukku bro,1
call the police,1
i am fine,0
HELLO HOW ARE YOU,0
uh please madad karo,1
good morning!!!,0
MUJHE BACHAO,1
i like music bro,0
uh main padhai kar raha hoon,0
i am scared now,1
madad karo!!!,1
hey mujhe bachao,1
i am scared!!!,1
naan padikkiren bro,0
jaldi madad karo bro,1
mujhe bachao please,1
mujhe bachao,1
sab theek hai now,0
WHAT IS THE TIME,0
udhavi pannunga!!!,1
i am going to college,0
hey ennai kappathunga,1
jaldi madad karo now,1
enakku bayama irukku bro,1
i am scared bro,1
enakku bayama irukku now,1
i am studying,0
uh time kya hua hai,0
uh udhavi pannunga,1
save me bro,1
main khatre mein hoon bro,1
JALDI MADAD KARO,1
udhavi pannunga!!!,1
uh main padhai kar raha hoon,0
I AM STUDYING,0
WHAT IS THE TIME,0
police ko bulao,1
uh good morning,0
naan padikkiren!!!,0
ennai kappathunga,1
sab theek hai bro,0
chill bro!!!,0
time kya hua hai,0
hey main khatre mein hoon,1
main theek hoon please,0
MUJHE MUSIC PASAND HAI,0
hey call the police,1
bhai help karo,1
hey emergency ah irukku,1
main fine hoon bro please,0
sab theek hai!!!,0
time kya hua hai now,0
yaaro ennai pin thodaranga bro,1
koi mera peecha kar raha hai,1
hey koi mera peecha kar raha hai,1
hey enakku music pidikkum,0
please help pannunga,1
mujhe music pasand hai,0
naan college pogiren bro,0
uh i am fine,0
police ko bulao,1
please help pannunga,1
naan padikkiren please,0
ENAKKU MUSIC PIDIKKUM,0
what is the time now,0
help me please,1
help karo please,1
enakku bayama irukku,1
naan aabathil iruken now,1
naan college pogiren,0
uh i am scared,1
ennai kappathunga!!!,1
jaldi madad karo please,1
main padhai kar raha hoon please,0
call the police bro,1
i am going to college!!!,0
enakku bayama irukku now,1
emergency hai bro,1
main college ja raha hoon bro,0
hello how are you!!!,0
enakku music pidikkum now,0
police ah koopdunga bro,1
enakku bayama irukku now,1
i am studying!!!,0
uh someone is following me,1
i am fine please,0
yaaro ennai pin thodaranga please,1
MAIN PADHAI KAR RAHA HOON,0
i am going to college!!!,0
hey police ko bulao,1
hey i am studying,0
main college ja raha hoon!!!,0
NAAN HAPPY AH IRUKEN,0
MUJHE BACHAO,1
madad karo please,1
uh please help,1
MUJHE BACHAO,1
call the police now,1
naan nalla iruken please,0
uh bhai help karo,1
naan nalla iruken!!!,0
what is the time please,0
i am fine bro,0
enakku music pidikkum please,0
HELP ME,1
madad karo please,1
time enna now,0
ennai kappathunga please,1
hey enakku bayama irukku,1
i am going to college!!!,0
naan college pogiren now,0
help me please,1
main fine hoon bro,0
main padhai kar raha hoon now,0
i am in danger please,1
mujhe music pasand hai now,0
ALL GOOD YAAR,0
police ah koopdunga!!!,1
naan college pogiren,0
what is the time,0
GOOD MORNING,0
uh chill bro,0
YAARO ENNAI PIN THODARANGA,1
udhavi pannunga,1
all good yaar bro,0
i am in danger!!!,1
good morning,0
uh i am studying,0
uh i am studying,0
time enna,0
enna help pannunga now,1
hey mujhe dar lag raha hai,1
hey main theek hoon,0
hey enna help pannunga,1
yaaro ennai pin thodaranga bro,1
uh naan nalla iruken,0
udhavi pannunga,1
hey time enna,0
good morning bro,0
police ko bulao bro,1
udhavi pannunga now,1
uh i am scared,1
hey please help,1
hey bhai help karo,1
uh i like music,0
madad karo bro,1
uh call the police,1
naan nalla iruken bro,0
please help pannunga please,1
POLICE AH KOOPDUNGA,1
YAARO ENNAI PIN THODARANGA,1
TIME ENNA,0
time kya hua hai please,0
hey naan college pogiren,0
hello how are you now,0
ALL GOOD YAAR,0
jaldi madad karo please,1
main padhai kar raha hoon please,0
save me bro,1
madad karo,1
jaldi madad karo please,1
hello how are you bro,0
i like music please,0
hey save me,1
emergency ah irukku,1
emergency ah irukku bro,1
mujhe music pasand hai please,0
hey main padhai kar raha hoon,0
mujhe help chahiye,1
hey enakku music pidikkum,0
naan happy ah iruken bro,0
hey naan happy ah iruken,0
hey main theek hoon,0
main theek hoon,0
police ah koopdunga!!!,1
uh all good yaar,0
udhavi pannunga please,1
main khatre mein hoon bro,1
MAIN COLLEGE JA RAHA HOON,0
hey emergency hai,1
seekiram help pannunga please,1
uh good morning,0
i am going to college please,0
someone is following me bro,1
hey main theek hoon,0
naan padikkiren now,0
uh police ah koopdunga,1
hello how are you bro,0
hey hello how are you,0
main theek hoon!!!,0
naan nalla iruken!!!,0
help venum please,1
help me please,1
please help bro,1
ennai kappathunga,1
i am studying!!!,0
hey chill bro,0
naan college pogiren,0
good morning please,0
uh good morning,0
naan padikkiren please,0
please help bro,1
mujhe music pasand hai now,0
please help,1
uh koi mera peecha kar raha hai,1
MUJHE BACHAO,1
I AM SCARED,1
uh mujhe music pasand hai,0
yaaro ennai pin thodaranga now,1
KOI MERA PEECHA KAR RAHA HAI,1
main khatre mein hoon bro,1
HELLO HOW ARE YOU,0
mujhe music pasand hai!!!,0
madad karo,1
hello how are you!!!,0
save me!!!,1
hey jaldi madad karo,1
uh i like music,0
udhavi pannunga now,1
i like music now,0
main college ja raha hoon!!!,0
koi mera peecha kar raha hai,1
hey hello how are you,0
hey hello how are you,0
naan nalla iruken!!!,0
MAIN THEEK HOON,0
enakku bayama irukku now,1
enakku bayama irukku!!!,1
uh main khatre mein hoon,1
main college ja raha hoon,0
enakku music pidikkum please,0
hey naan padikkiren,0
uh i feel unsafe,1
i feel unsafe!!!,1
hey i am scared,1
yaaro ennai pin thodaranga now,1
help venum!!!,1
udhavi pannunga now,1
main fine hoon bro now,0
call the police!!!,1
I AM STUDYING,0
i like music bro,0
emergency hai,1
main college ja raha hoon now,0
TIME ENNA,0
hey madad karo,1
hey time enna,0
naan college pogiren please,0
KOI MERA PEECHA KAR RAHA HAI,1
mujhe bachao bro,1
hey mujhe music pasand hai,0
uh naan nalla iruken,0
hey police ko bulao,1
someone is following me please,1
CALL THE POLICE,1
i am going to college,0
uh naan nalla iruken,0
time enna now,0
hey someone is following me,1
hey good morning,0
i like music please,0
hey main theek hoon,0
time kya hua hai,0
hey someone is following me,1
time enna!!!,0
i am going to college bro,0
mujhe help chahiye now,1
GOOD MORNING,0
help me please,1
good morning,0
hey i am going to college,0
MADAD KARO,1
uh main college ja raha hoon,0
yaaro ennai pin thodaranga now,1
time kya hua hai bro,0
I AM FINE,0
uh good morning,0
naan college pogiren!!!,0
JALDI MADAD KARO,1
i like music,0
naan college pogiren now,0
naan padikkiren,0
sab theek hai,0
naan padikkiren!!!,0
time kya hua hai!!!,0
jaldi madad karo bro,1
good morning!!!,0
enakku music pidikkum!!!,0
time kya hua hai!!!,0
emergency hai,1
udhavi pannunga,1
time kya hua hai!!!,0
hey naan padikkiren,0
MUJHE BACHAO,1
time enna please,0
emergency hai!!!,1
udhavi pannunga please,1
time kya hua hai,0
main khatre mein hoon please,1
enna help pannunga please,1
uh please help pannunga,1
uh naan nalla iruken,0
emergency hai please,1
uh naan college pogiren,0
udhavi pannunga please,1
call the police now,1
SOMEONE IS FOLLOWING ME,1
udhavi pannunga,1
hey i am scared,1
uh jaldi madad karo,1
emergency hai please,1
mujhe bachao!!!,1
good morning,0
i am going to college!!!,0
mujhe bachao please,1
i am in danger now,1
main padhai kar raha hoon please,0
uh ennai kappathunga,1
madad karo bro,1
naan college pogiren,0
i am fine bro,0
hey hello how are you,0
main college ja raha hoon please,0
main padhai kar raha hoon please,0
time kya hua hai!!!,0
police ah koopdunga,1
main fine hoon bro please,0
someone is following me please,1
jaldi madad karo!!!,1
hey main padhai kar raha hoon,0
i am scared bro,1
hey i am fine,0
hey yaaro ennai pin thodaranga,1
i like music bro,0
save me!!!,1
someone is following me,1
hey naan ok bro,0
all good yaar now,0
mujhe music pasand hai!!!,0
uh i am going to college,0
JALDI MADAD KARO,1
jaldi madad karo bro,1
hello how are you now,0
time enna,0
main theek hoon please,0
naan nalla iruken now,0
madad karo now,1
emergency hai please,1
enakku music pidikkum bro,0
naan college pogiren bro,0
hey naan padikkiren,0
hey please help,1
i am studying now,0
hey udhavi pannunga,1
POLICE KO BULAO,1
hello how are you bro,0
sab theek hai!!!,0
call the police please,1
what is the time!!!,0
hey enna help pannunga,1
hello how are you now,0
i am fine bro,0
hello how are you now,0
main fine hoon bro now,0
uh i like music,0
ALL GOOD YAAR,0
good morning bro,0
main theek hoon now,0
uh naan padikkiren,0
someone is following me bro,1
please help please,1
hey jaldi madad karo,1
help me please,1
hey i am going to college,0
someone is following me please,1
hey naan padikkiren,0
seekiram help pannunga please,1
help karo!!!,1
seekiram help pannunga bro,1
POLICE KO BULAO,1
mujhe music pasand hai please,0
i am fine!!!,0
enna help pannunga,1
i am going to college now,0
hey enakku music pidikkum,0
naan padikkiren,0
good morning,0
i am fine bro,0
PLEASE HELP,1
naan padikkiren,0
naan nalla iruken,0
mujhe dar lag raha hai now,1
good morning,0
main theek hoon bro,0
uh call the police,1
main college ja raha hoon,0
i am in danger!!!,1
POLICE KO BULAO,1
hello how are you!!!,0
koi mera peecha kar raha hai now,1
all good yaar please,0
i am scared,1
uh i am going to college,0
i am studying now,0
main khatre mein hoon please,1
uh mujhe dar lag raha hai,1
hey what is the time,0
police ko bulao please,1
i am in danger bro,1
NAAN COLLEGE POGIREN,0
uh i am going to college,0
jaldi madad karo bro,1
uh all good yaar,0
please help pannunga bro,1
someone is following me bro,1
uh naan happy ah iruken,0
call the police bro,1
someone is following me!!!,1
main theek hoon!!!,0
seekiram help pannunga,1
main khatre mein hoon!!!,1
mujhe dar lag raha hai bro,1
mujhe music pasand hai please,0
save me bro,1
please help!!!,1
police ko bulao bro,1
hey enna help pannunga,1
seekiram help pannunga,1
naan nalla iruken please,0
main fine hoon bro!!!,0
help karo!!!,1
udhavi pannunga,1
main college ja raha hoon now,0
koi mera peecha kar raha hai,1
i am going to college,0
i am fine!!!,0
hey what is the time,0
I LIKE MUSIC,0
hey bhai help karo,1
time kya hua hai bro,0
uh main college ja raha hoon,0
help karo now,1
good morning please,0
uh chill bro,0
help karo please,1
hey naan college pogiren,0
please help please,1
i feel unsafe bro,1
i am fine,0
enakku music pidikkum!!!,0
help venum please,1
hey good morning,0
udhavi pannunga now,1
i am scared!!!,1
uh all good yaar,0
i feel unsafe bro,1
uh mujhe help chahiye,1
YAARO ENNAI PIN THODARANGA,1
main fine hoon bro,0
hey yaaro ennai pin thodaranga,1
i am studying please,0
call the police please,1
mujhe help chahiye now,1
MUJHE DAR LAG RAHA HAI,1
good morning,0
TIME ENNA,0
emergency ah irukku!!!,1
sab theek hai bro,0
hey enakku music pidikkum,0
save me bro,1
uh yaaro ennai pin thodaranga,1
i am scared now,1
uh naan nalla iruken,0
hey police ko bulao,1
hey what is the time,0
main khatre mein hoon,1
good morning now,0
uh good morning,0
i am studying,0
naan nalla iruken please,0
mujhe music pasand hai!!!,0
uh hello how are you,0
jaldi madad karo please,1
jaldi madad karo,1
hey all good yaar,0
naan college pogiren,0
uh someone is following me,1
save me bro,1
hey main padhai kar raha hoon,0
uh i am studying,0
yaaro ennai pin thodaranga bro,1
enakku music pidikkum now,0
HELP ME,1
koi mera peecha kar raha hai!!!,1
bhai help karo,1
please help bro,1
emergency ah irukku bro,1
hey i feel unsafe,1
enakku bayama irukku!!!,1
i am scared,1
mujhe music pasand hai!!!,0
uh police ah koopdunga,1
uh i am fine,0
naan happy ah iruken please,0
CALL THE POLICE,1
hey please help pannunga,1
yaaro ennai pin thodaranga bro,1
uh main khatre mein hoon,1
madad karo bro,1
main padhai kar raha hoon now,0
I AM FINE,0
main theek hoon please,0
naan padikkiren now,0
i am fine now,0
hey help karo,1
naan nalla iruken!!!,0
MUJHE DAR LAG RAHA HAI,1
uh i feel unsafe,1
naan nalla iruken!!!,0
what is the time now,0
uh mujhe help chahiye,1
time enna,0
main khatre mein hoon!!!,1
mujhe help chahiye please,1
i am in danger!!!,1
emergency ah irukku now,1
hello how are you now,0
hey i am in danger,1
police ko bulao please,1
I AM STUDYING,0
emergency hai bro,1
MAIN PADHAI KAR RAHA HOON,0
MAIN COLLEGE JA RAHA HOON,0
good morning bro,0
mujhe bachao,1
time kya hua hai bro,0
i like music!!!,0
good morning now,0
chill bro please,0
naan college pogiren!!!,0
naan padikkiren please,0
please help!!!,1
i am fine,0
MUJHE DAR LAG RAHA HAI,1
yaaro ennai pin thodaranga now,1
enakku music pidikkum please,0
NAAN COLLEGE POGIREN,0
enakku bayama irukku!!!,1
mujhe music pasand hai bro,0
ENAKKU MUSIC PIDIKKUM,0
i like music!!!,0
time kya hua hai,0
mujhe help chahiye!!!,1
uh yaaro ennai pin thodaranga,1
I AM SCARED,1
i am in danger,1
ennai kappathunga!!!,1
hey mujhe bachao,1
GOOD MORNING,0
mujhe bachao!!!,1
mujhe music pasand hai please,0
naan nalla iruken now,0
mujhe bachao,1
police ah koopdunga bro,1
naan nalla iruken!!!,0
hello how are you please,0
hey enakku bayama irukku,1
hey i am studying,0
main college ja raha hoon please,0
GOOD MORNING,0
time kya hua hai!!!,0
i am going to college,0
good morning,0
uh main padhai kar raha hoon,0
i am scared!!!,1
hey good morning,0
i am fine!!!,0
CALL THE POLICE,1
emergency ah irukku now,1
naan nalla iruken!!!,0
main padhai kar raha hoon!!!,0
hey time enna,0
i am studying,0
mujhe dar lag raha hai bro,1
hey enakku music pidikkum,0
please help!!!,1
uh i am fine,0
emergency hai,1
ennai kappathunga,1
police ah koopdunga please,1
chill bro bro,0
jaldi madad karo please,1
MAIN FINE HOON BRO,0
someone is following me please,1
naan aabathil iruken now,1
enakku music pidikkum,0
hey main padhai kar raha hoon,0
NAAN NALLA IRUKEN,0
emergency ah irukku now,1
please help please,1
mujhe music pasand hai!!!,0
emergency hai bro,1
emergency hai,1
uh naan padikkiren,0
hey time kya hua hai,0
naan college pogiren bro,0
help karo!!!,1
chill bro bro,0
UDHAVI PANNUNGA,1
bhai help karo!!!,1
mujhe bachao,1
i am in danger,1
YAARO ENNAI PIN THODARANGA,1
main theek hoon bro,0
naan college pogiren!!!,0
GOOD MORNING,0
naan ok bro now,0
HELP ME,1
uh main padhai kar raha hoon,0
police ah koopdunga!!!,1
madad karo bro,1
uh i like music,0
main fine hoon bro!!!,0
mujhe help chahiye now,1
seekiram help pannunga!!!,1
hey udhavi pannunga,1
MAIN FINE HOON BRO,0
bhai help karo bro,1
i am fine now,0
WHAT IS THE TIME,0
EMERGENCY HAI,1
mujhe bachao!!!,1
naan nalla iruken,0
uh enakku music pidikkum,0
i feel unsafe bro,1
help karo,1
hey i am going to college,0
jaldi madad karo please,1
uh i am studying,0
JALDI MADAD KARO,1
hey time kya hua hai,0
uh enakku bayama irukku,1
hey main fine hoon bro,0
GOOD MORNING,0
ENAKKU BAYAMA IRUKKU,1
UDHAVI PANNUNGA,1
mujhe dar lag raha hai!!!,1
i feel unsafe now,1
time enna please,0
koi mera peecha kar raha hai,1
chill bro!!!,0
hey seekiram help pannunga,1
uh main padhai kar raha hoon,0
emergency hai now,1
hey police ko bulao,1
uh mujhe music pasand hai,0
i am going to college bro,0
hey main padhai kar raha hoon,0
uh i am going to college,0
i am fine now,0
WHAT IS THE TIME,0
time enna,0
main college ja raha hoon now,0
enakku music pidikkum!!!,0
EMERGENCY HAI,1
i am fine,0
hello how are you please,0
jaldi madad karo bro,1
hey naan ok bro,0
naan college pogiren please,0
i like music,0
time kya hua hai please,0
time kya hua hai bro,0
main khatre mein hoon!!!,1
I AM FINE,0
main college ja raha hoon now,0
hey main college ja raha hoon,0
police ah koopdunga now,1
good morning now,0
hey main theek hoon,0
bhai help karo now,1
please help please,1
main college ja raha hoon now,0
uh i am scared,1
naan padikkiren now,0
hey main theek hoon,0
main college ja raha hoon now,0
naan nalla iruken,0
police ah koopdunga bro,1
i am going to college!!!,0
yaaro ennai pin thodaranga now,1
uh i am in danger,1
ENNAI KAPPATHUNGA,1
naan college pogiren!!!,0
naan padikkiren,0
I AM SCARED,1
time enna,0
emergency hai,1
what is the time,0
enakku bayama irukku!!!,1
save me,1
help me,1
uh mujhe music pasand hai,0
save me!!!,1
main college ja raha hoon now,0
hey good morning,0
HELP ME,1
what is the time,0
i am fine please,0
main khatre mein hoon now,1
mujhe music pasand hai please,0
main fine hoon bro please,0
MAIN COLLEGE JA RAHA HOON,0
uh what is the time,0
uh mujhe bachao,1
enakku bayama irukku please,1
WHAT IS THE TIME,0
good morning bro,0
uh udhavi pannunga,1
i am fine,0
naan college pogiren!!!,0
uh naan padikkiren,0
i am fine now,0
mujhe dar lag raha hai!!!,1
call the police!!!,1
hey emergency ah irukku,1
mujhe dar lag raha hai,1
hey enakku music pidikkum,0
someone is following me please,1
mujhe bachao please,1
police ah koopdunga please,1
naan happy ah iruken please,0
naan nalla iruken please,0
WHAT IS THE TIME,0
enakku music pidikkum,0
sab theek hai!!!,0
i am studying now,0
hey i like music,0
time kya hua hai now,0
main padhai kar raha hoon!!!,0
hey yaaro ennai pin thodaranga,1
naan padikkiren please,0
police ko bulao!!!,1
uh mujhe bachao,1
uh koi mera peecha kar raha hai,1
uh i am fine,0
naan aabathil iruken bro,1
enna help pannunga bro,1
main fine hoon bro bro,0
NAAN OK BRO,0
main khatre mein hoon bro,1
i am scared please,1
time kya hua hai please,0
uh help me,1
please help pannunga bro,1
SEEKIRAM HELP PANNUNGA,1
uh main padhai kar raha hoon,0
uh main theek hoon,0
ennai kappathunga please,1
please help please,1
hey i am studying,0
I AM STUDYING,0
main padhai kar raha hoon please,0
i am going to college now,0
all good yaar now,0
hey i am scared,1
all good yaar now,0
TIME KYA HUA HAI,0
i am in danger please,1
main khatre mein hoon now,1
NAAN PADIKKIREN,0
call the police please,1
hey i am fine,0
udhavi pannunga,1
i feel unsafe!!!,1
enakku music pidikkum now,0
hey save me,1
hey emergency hai,1
hey help me,1
uh what is the time,0
enakku music pidikkum please,0
i am scared now,1
yaaro ennai pin thodaranga please,1
chill bro now,0
main khatre mein hoon now,1
i am fine now,0
good morning bro,0
uh ennai kappathunga,1
time kya hua hai please,0
i am in danger!!!,1
hey madad karo,1
enakku bayama irukku bro,1
MUJHE MUSIC PASAND HAI,0
hey time enna,0
uh time enna,0
hey i am in danger,1
hey naan college pogiren,0
yaaro ennai pin thodaranga now,1
udhavi pannunga bro,1
jaldi madad karo!!!,1
naan college pogiren bro,0
naan college pogiren bro,0
i am fine,0
madad karo please,1
time enna,0
hey help me,1
i am studying!!!,0
UDHAVI PANNUNGA,1
naan college pogiren,0
i am studying!!!,0
PLEASE HELP,1
hey naan padikkiren,0
call the police bro,1
MUJHE HELP CHAHIYE,1
koi mera peecha kar raha hai!!!,1
hey enakku bayama irukku,1
madad karo!!!,1
main college ja raha hoon please,0
NAAN HAPPY AH IRUKEN,0
help venum now,1
udhavi pannunga bro,1
good morning!!!,0
mujhe music pasand hai,0
i like music bro,0
naan happy ah iruken please,0
I AM IN DANGER,1
please help now,1
help me!!!,1
all good yaar bro,0
hey police ko bulao,1
main theek hoon bro,0
time enna please,0
mujhe bachao!!!,1
time enna now,0
uh mujhe bachao,1
I AM FINE,0
i am going to college!!!,0
naan college pogiren bro,0
hey someone is following me,1
I AM IN DANGER,1
uh please help pannunga,1
naan aabathil iruken,1
uh yaaro ennai pin thodaranga,1
POLICE AH KOOPDUNGA,1
hey what is the time,0
uh naan nalla iruken,0
please help now,1
hey please help,1
i am fine please,0
main college ja raha hoon bro,0
please madad karo please,1
I AM STUDYING,0
main theek hoon!!!,0
yaaro ennai pin thodaranga,1
time enna please,0
uh please help pannunga,1
TIME ENNA,0
hey mujhe music pasand hai,0
hey good morning,0
enakku music pidikkum please,0
time kya hua hai!!!,0
good morning now,0
mujhe bachao!!!,1
i feel unsafe now,1
main theek hoon now,0
hey mujhe music pasand hai,0
uh police ah koopdunga,1
hey save me,1
main theek hoon,0
madad karo please,1
CHILL BRO,0
NAAN PADIKKIREN,0
uh good morning,0
naan college pogiren,0
uh what is the time,0
uh i like music,0
good morning,0
bhai help karo bro,1
hey i am going to college,0
hello how are you please,0
uh time enna,0
police ko bulao,1
POLICE KO BULAO,1
main padhai kar raha hoon now,0
ENAKKU MUSIC PIDIKKUM,0
hey good morning,0
main khatre mein hoon now,1
hey seekiram help pannunga,1
I AM FINE,0
yaaro ennai pin thodaranga bro,1
what is the time,0
hey call the police,1
HELLO HOW ARE YOU,0
jaldi madad karo bro,1
naan nalla iruken now,0
good morning now,0
koi mera peecha kar raha hai please,1
hey main padhai kar raha hoon,0
i am studying,0
GOOD MORNING,0
time enna,0
uh enakku music pidikkum,0
enakku music pidikkum!!!,0
uh main padhai kar raha hoon,0
i feel unsafe please,1
hey help me,1
SEEKIRAM HELP PANNUNGA,1
I AM FINE,0
call the police!!!,1
ALL GOOD YAAR,0
yaaro ennai pin thodaranga now,1
good morning,0
hey i am going to college,0
i am in danger!!!,1
hey what is the time,0
what is the time now,0
i am fine now,0
uh i am in danger,1
uh i am in danger,1
hey naan college pogiren,0
seekiram help pannunga bro,1
good morning now,0
hey i am studying,0
bhai help karo,1
please help now,1
mujhe dar lag raha hai please,1
i am going to college bro,0
enakku bayama irukku!!!,1
save me now,1
help karo now,1
hey good morning,0
ennai kappathunga now,1
sab theek hai!!!,0
hey save me,1
uh mujhe dar lag raha hai,1
chill bro!!!,0
i am studying now,0
uh i am in danger,1
good morning please,0
uh hello how are you,0
good morning now,0
hey main college ja raha hoon,0
hey all good yaar,0
naan ok bro bro,0
help me,1
i am scared please,1
uh main college ja raha hoon,0
chill bro,0
uh i feel unsafe,1
hey naan college pogiren,0
time enna,0
what is the time now,0
uh naan nalla iruken,0
main padhai kar raha hoon please,0
hey jaldi madad karo,1
good morning bro,0
sab theek hai!!!,0
police ah koopdunga please,1
what is the time,0
help me bro,1
hey i am fine,0
GOOD MORNING,0
uh emergency ah irukku,1
uh mujhe dar lag raha hai,1
naan nalla iruken,0
uh hello how are you,0
good morning bro,0
main college ja raha hoon now,0
hey mujhe bachao,1
what is the time now,0
help karo,1
jaldi madad karo,1
hey i am going to college,0
naan college pogiren bro,0
I AM SCARED,1
hey naan happy ah iruken,0
uh mujhe dar lag raha hai,1
hey koi mera peecha kar raha hai,1
time enna!!!,0
sab theek hai please,0
hello how are you,0
good morning!!!,0
SOMEONE IS FOLLOWING ME,1
uh naan happy ah iruken,0
enakku music pidikkum now,0
uh naan happy ah iruken,0
ENNAI KAPPATHUNGA,1
main theek hoon bro,0
time enna!!!,0
uh hello how are you,0
uh naan aabathil iruken,1
i am in danger!!!,1
koi mera peecha kar raha hai now,1
seekiram help pannunga now,1
uh please madad karo,1
mujhe music pasand hai bro,0
good morning bro,0
uh main padhai kar raha hoon,0
naan college pogiren please,0
POLICE AH KOOPDUNGA,1
hey naan college pogiren,0
mujhe music pasand hai please,0
naan padikkiren!!!,0
GOOD MORNING,0
hello how are you bro,0
main college ja raha hoon,0
i like music!!!,0
udhavi pannunga please,1
udhavi pannunga!!!,1
uh udhavi pannunga,1
police ah koopdunga!!!,1
main college ja raha hoon now,0
help me bro,1
hey i am scared,1
police ah koopdunga bro,1
hey naan padikkiren,0
MUJHE MUSIC PASAND HAI,0
time enna!!!,0
ennai kappathunga!!!,1
koi mera peecha kar raha hai bro,1
enakku music pidikkum,0
please help bro,1
naan padikkiren please,0
main theek hoon,0
i feel unsafe now,1
i like music,0
MAIN THEEK HOON,0
hey main college ja raha hoon,0
main khatre mein hoon bro,1
hey good morning,0
good morning!!!,0
call the police bro,1
uh naan college pogiren,0
hello how are you now,0
hey ennai kappathunga,1
hey jaldi madad karo,1
emergency hai please,1
chill bro now,0
hey please help,1
uh save me,1
time enna now,0
uh main theek hoon,0
sab theek hai!!!,0
hey good morning,0
emergency hai bro,1
good morning,0
emergency hai bro,1
hello how are you bro,0
i feel unsafe,1
please help now,1
sab theek hai!!!,0
i like music!!!,0
ennai kappathunga,1
please help bro,1
uh mujhe dar lag raha hai,1
emergency ah irukku!!!,1
hey enakku music pidikkum,0
please help,1
MAIN KHATRE MEIN HOON,1
hey emergency hai,1
jaldi madad karo now,1
police ko bulao now,1
naan college pogiren now,0
uh main padhai kar raha hoon,0
i am fine,0
i like music now,0
uh good morning,0
MAIN THEEK HOON,0
emergency hai now,1
I AM STUDYING,0
mujhe dar lag raha hai please,1
good morning!!!,0
ennai kappathunga,1
time kya hua hai now,0
hey udhavi pannunga,1
uh what is the time,0
UDHAVI PANNUNGA,1
someone is following me please,1
naan college pogiren,0
uh mujhe music pasand hai,0
TIME KYA HUA HAI,0
help me please,1
please help pannunga please,1
uh main padhai kar raha hoon,0
i am going to college now,0
main khatre mein hoon now,1
save me!!!,1
emergency hai now,1
hello how are you!!!,0
someone is following me,1
naan nalla iruken now,0
NAAN COLLEGE POGIREN,0
please help now,1
hey i am fine,0
PLEASE HELP,1
i am studying,0
mujhe bachao now,1
police ah koopdunga please,1
ennai kappathunga!!!,1
hey naan college pogiren,0
good morning,0
I AM STUDYING,0
jaldi madad karo!!!,1
good morning bro,0
police ko bulao bro,1
HELLO HOW ARE YOU,0
MAIN THEEK HOON,0
i am scared,1
NAAN AABATHIL IRUKEN,1
hey enakku bayama irukku,1
SEEKIRAM HELP PANNUNGA,1
mujhe bachao bro,1
enna help pannunga,1
i am in danger bro,1
please help pannunga!!!,1
seekiram help pannunga,1
udhavi pannunga,1
emergency ah irukku!!!,1
i am going to college,0
enakku bayama irukku!!!,1
jaldi madad karo!!!,1
hey yaaro ennai pin thodaranga,1
police ko bulao now,1
save me!!!,1
NAAN PADIKKIREN,0
HELLO HOW ARE YOU,0
what is the time,0
help me!!!,1
save me,1
naan nalla iruken!!!,0
call the police,1
uh police ah koopdunga,1
emergency hai bro,1
please madad karo now,1
NAAN AABATHIL IRUKEN,1
enakku music pidikkum bro,0
POLICE KO BULAO,1
i am studying,0
i like music,0
mujhe bachao!!!,1
emergency hai!!!,1
naan college pogiren please,0
hello how are you!!!,0
main padhai kar raha hoon bro,0
madad karo!!!,1
uh enakku music pidikkum,0
MAIN PADHAI KAR RAHA HOON,0
uh someone is following me,1
naan aabathil iruken,1
hey main college ja raha hoon,0
all good yaar now,0
main theek hoon!!!,0
uh please help,1
seekiram help pannunga,1
good morning now,0
uh udhavi pannunga,1
someone is following me,1
naan aabathil iruken now,1
police ah koopdunga,1
hey i am in danger,1
mujhe music pasand hai,0
hey i am studying,0
i am in danger bro,1
jaldi madad karo,1
yaaro ennai pin thodaranga bro,1
someone is following me bro,1
naan aabathil iruken,1
i like music bro,0
HELLO HOW ARE YOU,0
uh what is the time,0
uh yaaro ennai pin thodaranga,1
main padhai kar raha hoon,0
naan nalla iruken bro,0
hey naan college pogiren,0
ennai kappathunga please,1
sab theek hai please,0
uh mujhe dar lag raha hai,1
time enna bro,0
MAIN THEEK HOON,0
mujhe dar lag raha hai now,1
hey ennai kappathunga,1
main theek hoon bro,0
naan nalla iruken please,0
mujhe music pasand hai bro,0
enakku bayama irukku please,1
main khatre mein hoon,1
good morning!!!,0
call the police,1
main theek hoon bro,0
i am fine bro,0
i feel unsafe please,1
main college ja raha hoon,0
mujhe bachao,1
sab theek hai!!!,0
uh i like music,0
MADAD KARO,1
main khatre mein hoon!!!,1
mujhe dar lag raha hai please,1
enakku bayama irukku now,1
time enna please,0
i am scared,1
call the police now,1
ennai kappathunga bro,1
I AM GOING TO COLLEGE,0
police ah koopdunga!!!,1
MUJHE MUSIC PASAND HAI,0
I LIKE MUSIC,0
hey all good yaar,0
time enna,0
i am scared,1
i am studying!!!,0
hey i am in danger,1
MUJHE DAR LAG RAHA HAI,1
sab theek hai,0
sab theek hai bro,0
mujhe music pasand hai,0
hello how are you now,0
save me,1
hey udhavi pannunga,1
hey help me,1
enakku music pidikkum!!!,0
TIME ENNA,0
madad karo bro,1
hey seekiram help pannunga,1
naan happy ah iruken please,0
uh naan happy ah iruken,0
i am fine bro,0
naan college pogiren bro,0
good morning!!!,0
hey jaldi madad karo,1
i am fine please,0
GOOD MORNING,0
hey i am scared,1
i like music bro,0
HELP ME,1
uh enakku music pidikkum,0
please help pannunga,1
uh good morning,0
uh ennai kappathunga,1
hey naan padikkiren,0
naan college pogiren bro,0
enakku bayama irukku now,1
hey i am scared,1
naan padikkiren please,0
naan padikkiren now,0
uh naan aabathil iruken,1
udhavi pannunga now,1
uh someone is following me,1
main padhai kar raha hoon bro,0
uh enakku music pidikkum,0
i am going to college,0
hello how are you,0
udhavi pannunga!!!,1
i am going to college!!!,0
NAAN OK BRO,0
GOOD MORNING,0
time enna bro,0
uh main theek hoon,0
hey yaaro ennai pin thodaranga,1
uh i like music,0
uh time kya hua hai,0
hey police ko bulao,1
time enna now,0
hey i am fine,0
help me!!!,1
ALL GOOD YAAR,0
mujhe music pasand hai!!!,0
naan nalla iruken please,0
NAAN COLLEGE POGIREN,0
i am studying bro,0
bhai help karo!!!,1
madad karo,1
hey mujhe help chahiye,1
i am in danger now,1
yaaro ennai pin thodaranga!!!,1
emergency hai bro,1
i feel unsafe,1
NAAN NALLA IRUKEN,0
hey help me,1
i am in danger,1
help me bro,1
I AM SCARED,1
uh save me,1
i am scared please,1
NAAN COLLEGE POGIREN,0
mujhe dar lag raha hai please,1
hey save me,1
ENAKKU MUSIC PIDIKKUM,0
HELP ME,1
i am scared please,1
mujhe help chahiye please,1
yaaro ennai pin thodaranga,1
main padhai kar raha hoon bro,0
madad karo bro,1
GOOD MORNING,0
hey main khatre mein hoon,1
hey naan padikkiren,0
seekiram help pannunga please,1
i am studying!!!,0
TIME KYA HUA HAI,0
i am studying!!!,0
save me!!!,1
hey main college ja raha hoon,0
MAIN COLLEGE JA RAHA HOON,0
uh main khatre mein hoon,1
main padhai kar raha hoon!!!,0
udhavi pannunga now,1
i am studying now,0
enakku music pidikkum!!!,0
I AM STUDYING,0
uh naan padikkiren,0
jaldi madad karo!!!,1
sab theek hai now,0
MAIN COLLEGE JA RAHA HOON,0
time kya hua hai please,0
koi mera peecha kar raha hai,1
mujhe music pasand hai bro,0
i am fine!!!,0
seekiram help pannunga please,1
please madad karo!!!,1
main khatre mein hoon please,1
hey naan nalla iruken,0
i am studying now,0
main padhai kar raha hoon,0
all good yaar!!!,0
main theek hoon now,0
naan college pogiren bro,0
NAAN OK BRO,0
main padhai kar raha hoon now,0
save me,1
hey mujhe bachao,1
uh hello how are you,0
HELLO HOW ARE YOU,0
uh enakku music pidikkum,0
mujhe help chahiye bro,1
main college ja raha hoon now,0
uh yaaro ennai pin thodaranga,1
i am scared now,1
madad karo,1
someone is following me now,1
uh mujhe bachao,1
naan padikkiren please,0
i am studying now,0
i like music now,0
i am studying please,0
main fine hoon bro bro,0
mujhe bachao!!!,1
yaaro ennai pin thodaranga please,1
jaldi madad karo please,1
ennai kappathunga,1
uh enna help pannunga,1
MAIN FINE HOON BRO,0
uh naan nalla iruken,0
I AM GOING TO COLLEGE,0
enakku bayama irukku now,1
TIME ENNA,0
hey mujhe bachao,1
main padhai kar raha hoon please,0
naan padikkiren bro,0
hey naan padikkiren,0
mujhe dar lag raha hai now,1
hey help venum,1
time kya hua hai please,0
KOI MERA PEECHA KAR RAHA HAI,1
hey good morning,0
uh someone is following me,1
main theek hoon bro,0
naan padikkiren now,0
koi mera peecha kar raha hai now,1
hey main khatre mein hoon,1
ALL GOOD YAAR,0
please help,1
i am studying bro,0
uh jaldi madad karo,1
udhavi pannunga!!!,1
hey someone is following me,1
hey naan aabathil iruken,1
hey emergency hai,1
uh ennai kappathunga,1
hey i am going to college,0
what is the time please,0
naan aabathil iruken,1
enakku music pidikkum!!!,0
main khatre mein hoon bro,1
naan aabathil iruken,1
good morning please,0
hey good morning,0
ennai kappathunga please,1
uh i like music,0
save me!!!,1
i feel unsafe please,1
mujhe music pasand hai!!!,0
main theek hoon bro,0
help me please,1
hey emergency ah irukku,1
mujhe dar lag raha hai please,1
I FEEL UNSAFE,1
naan ok bro bro,0
good morning now,0
naan padikkiren now,0
mujhe bachao!!!,1
naan aabathil iruken now,1
naan nalla iruken!!!,0
naan padikkiren now,0
hey enakku bayama irukku,1
police ah koopdunga please,1
hey seekiram help pannunga,1
hey mujhe music pasand hai,0
help venum please,1
main college ja raha hoon!!!,0
I LIKE MUSIC,0
please madad karo!!!,1
jaldi madad karo,1
uh yaaro ennai pin thodaranga,1
naan happy ah iruken please,0
i am going to college,0
i like music please,0
police ko bulao please,1
MAIN COLLEGE JA RAHA HOON,0
emergency ah irukku now,1
police ko bulao now,1
uh good morning,0
NAAN PADIKKIREN,0
NAAN COLLEGE POGIREN,0
MUJHE HELP CHAHIYE,1
main college ja raha hoon bro,0
main khatre mein hoon now,1
HELP KARO,1
mujhe dar lag raha hai please,1
SAB THEEK HAI,0
help me please,1
emergency hai bro,1
time kya hua hai bro,0
uh main theek hoon,0
hey mujhe dar lag raha hai,1
uh good morning,0
all good yaar,0
hey someone is following me,1
hey police ko bulao,1
I AM GOING TO COLLEGE,0
main theek hoon!!!,0
uh i am in danger,1
i like music bro,0
i am going to college,0
uh mujhe bachao,1
naan college pogiren now,0
koi mera peecha kar raha hai now,1
good morning bro,0
I AM STUDYING,0
save me,1
udhavi pannunga please,1
main khatre mein hoon now,1
uh help karo,1
madad karo bro,1
uh mujhe music pasand hai,0
naan nalla iruken,0
main khatre mein hoon please,1
ennai kappathunga!!!,1
mujhe music pasand hai now,0
uh yaaro ennai pin thodaranga,1
i am in danger bro,1
i feel unsafe please,1
naan padikkiren,0
please help!!!,1
hello how are you please,0
yaaro ennai pin thodaranga!!!,1
i like music now,0
hey mujhe music pasand hai,0
emergency ah irukku!!!,1
uh please help pannunga,1
time enna!!!,0
hey emergency hai,1
hey mujhe music pasand hai,0
hey someone is following me,1
naan aabathil iruken please,1
ENNAI KAPPATHUNGA,1
good morning,0
MAIN PADHAI KAR RAHA HOON,0
uh mujhe help chahiye,1
please help,1
hey main padhai kar raha hoon,0
time kya hua hai bro,0
uh main khatre mein hoon,1
naan aabathil iruken bro,1
good morning!!!,0
i am in danger!!!,1
MADAD KARO,1
MAIN PADHAI KAR RAHA HOON,0
yaaro ennai pin thodaranga please,1
help me!!!,1
uh jaldi madad karo,1
uh mujhe help chahiye,1
good morning bro,0
uh main college ja raha hoon,0
what is the time please,0
naan nalla iruken please,0
naan ok bro now,0
hello how are you now,0
ennai kappathunga!!!,1
GOOD MORNING,0
CHILL BRO,0
bhai help karo!!!,1
uh chill bro,0
naan aabathil iruken bro,1
hey please help,1
naan padikkiren bro,0
hey hello how are you,0
i am going to college!!!,0
uh emergency ah irukku,1
uh main padhai kar raha hoon,0
hey seekiram help pannunga,1
ennai kappathunga now,1
bhai help karo now,1
uh main college ja raha hoon,0
mujhe dar lag raha hai now,1
help me bro,1
i feel unsafe,1
emergency hai now,1
main theek hoon,0
time kya hua hai!!!,0
i like music,0
naan happy ah iruken please,0
chill bro now,0
jaldi madad karo please,1
uh please madad karo,1
uh i feel unsafe,1
good morning please,0
uh naan ok bro,0
main khatre mein hoon now,1
hey naan aabathil iruken,1
SAB THEEK HAI,0
udhavi pannunga bro,1
help karo bro,1
i am going to college now,0
naan aabathil iruken,1
uh time kya hua hai,0
YAARO ENNAI PIN THODARANGA,1
uh mujhe dar lag raha hai,1
uh naan college pogiren,0
PLEASE HELP,1
naan padikkiren,0
MUJHE BACHAO,1
NAAN PADIKKIREN,0
emergency hai bro,1
madad karo please,1
emergency hai now,1
I FEEL UNSAFE,1
naan padikkiren bro,0
udhavi pannunga now,1
enakku music pidikkum!!!,0
naan nalla iruken now,0
help me now,1
hey seekiram help pannunga,1
police ah koopdunga please,1
main college ja raha hoon,0
hey time enna,0
police ah koopdunga!!!,1
EMERGENCY HAI,1
mujhe bachao bro,1
please help bro,1
uh help karo,1
save me,1
SOMEONE IS FOLLOWING ME,1
MUJHE BACHAO,1
jaldi madad karo bro,1
i like music bro,0
help karo!!!,1
save me please,1
mujhe dar lag raha hai!!!,1
emergency ah irukku now,1
police ah koopdunga now,1
uh time kya hua hai,0
uh mujhe bachao,1
someone is following me bro,1
uh i am studying,0
help me bro,1
good morning please,0
TIME ENNA,0
hey mujhe music pasand hai,0
police ko bulao!!!,1
MUJHE MUSIC PASAND HAI,0
i feel unsafe!!!,1
i am going to college,0
hey yaaro ennai pin thodaranga,1
please help now,1
TIME KYA HUA HAI,0
call the police,1
i am in danger,1
hey seekiram help pannunga,1
please madad karo bro,1
mujhe music pasand hai bro,0
CALL THE POLICE,1
TIME ENNA,0
uh main padhai kar raha hoon,0
hey good morning,0
SOMEONE IS FOLLOWING ME,1
good morning bro,0
help me!!!,1
i feel unsafe please,1
POLICE AH KOOPDUNGA,1
call the police!!!,1
uh ennai kappathunga,1
uh main college ja raha hoon,0
i feel unsafe please,1
naan nalla iruken,0
ENAKKU BAYAMA IRUKKU,1
uh help me,1
someone is following me please,1
hey udhavi pannunga,1
police ko bulao now,1
i feel unsafe bro,1
enakku music pidikkum!!!,0
naan padikkiren please,0
all good yaar bro,0
main khatre mein hoon bro,1
uh someone is following me,1
MAIN KHATRE MEIN HOON,1
seekiram help pannunga bro,1
someone is following me please,1
i am in danger!!!,1
uh help me,1
NAAN COLLEGE POGIREN,0
uh main khatre mein hoon,1
uh i am in danger,1
all good yaar!!!,0
NAAN NALLA IRUKEN,0
udhavi pannunga please,1
i am fine,0
seekiram help pannunga bro,1
SAVE ME,1
save me bro,1
hey save me,1
uh police ko bulao,1
madad karo bro,1
madad karo please,1
i am going to college,0
uh i like music,0
HELP VENUM,1
i like music please,0
uh naan college pogiren,0
madad karo please,1
naan nalla iruken bro,0
time kya hua hai please,0
JALDI MADAD KARO,1
what is the time!!!,0
police ko bulao bro,1
emergency hai!!!,1
yaaro ennai pin thodaranga please,1
i am fine now,0
good morning bro,0
uh please help,1
ennai kappathunga,1
i like music now,0
enakku music pidikkum!!!,0
i am studying please,0
call the police please,1
I AM STUDYING,0
i am studying please,0
CALL THE POLICE,1
uh police ah koopdunga,1
uh main padhai kar raha hoon,0
main college ja raha hoon!!!,0
mujhe dar lag raha hai!!!,1
hey time kya hua hai,0
hey mujhe bachao,1
mujhe bachao!!!,1
NAAN AABATHIL IRUKEN,1
naan college pogiren bro,0
police ko bulao please,1
i like music please,0
i am scared,1
MAIN FINE HOON BRO,0
mujhe music pasand hai,0
CALL THE POLICE,1
hey madad karo,1
emergency ah irukku,1
CHILL BRO,0
ENAKKU MUSIC PIDIKKUM,0
main padhai kar raha hoon!!!,0
uh yaaro ennai pin thodaranga,1
hey main theek hoon,0
good morning!!!,0
MAIN KHATRE MEIN HOON,1
SOMEONE IS FOLLOWING ME,1
good morning please,0
uh call the police,1
uh main fine hoon bro,0
NAAN NALLA IRUKEN,0
hey police ko bulao,1
NAAN PADIKKIREN,0
uh emergency ah irukku,1
please madad karo please,1
good morning bro,0
emergency hai bro,1
KOI MERA PEECHA KAR RAHA HAI,1
MAIN KHATRE MEIN HOON,1
police ah koopdunga now,1
enakku music pidikkum,0
uh naan padikkiren,0
MAIN COLLEGE JA RAHA HOON,0
ENAKKU BAYAMA IRUKKU,1
uh main khatre mein hoon,1
main padhai kar raha hoon now,0
mujhe bachao!!!,1
someone is following me now,1
udhavi pannunga,1
naan padikkiren!!!,0
mujhe bachao,1
i feel unsafe bro,1
what is the time bro,0
i am fine!!!,0
naan happy ah iruken now,0
ennai kappathunga bro,1
naan happy ah iruken now,0
hey madad karo,1
good morning bro,0
help me bro,1
police ko bulao,1
EMERGENCY HAI,1
hey main padhai kar raha hoon,0
hey time kya hua hai,0
mujhe dar lag raha hai now,1
i am in danger now,1
uh someone is following me,1
main college ja raha hoon,0
NAAN PADIKKIREN,0
naan ok bro!!!,0
emergency hai please,1
ennai kappathunga bro,1
someone is following me now,1
i am going to college,0
naan aabathil iruken please,1
time enna!!!,0
koi mera peecha kar raha hai!!!,1
what is the time please,0
main fine hoon bro bro,0
hey naan aabathil iruken,1
ennai kappathunga now,1
hey ennai kappathunga,1
i am studying please,0
mujhe music pasand hai!!!,0
enakku music pidikkum please,0
main khatre mein hoon bro,1
someone is following me,1
main college ja raha hoon now,0
what is the time,0
naan nalla iruken bro,0
call the police now,1
hey i am fine,0
hello how are you please,0
good morning bro,0
good morning please,0
help me!!!,1
time kya hua hai bro,0
hey help me,1
I AM GOING TO COLLEGE,0
chill bro please,0
ENNAI KAPPATHUNGA,1
uh udhavi pannunga,1
HELP KARO,1
uh i am in danger,1
i like music,0
someone is following me,1
police ah koopdunga please,1
hey jaldi madad karo,1
MADAD KARO,1
good morning now,0
i am fine now,0
time kya hua hai bro,0
i am fine bro,0
seekiram help pannunga bro,1
main padhai kar raha hoon!!!,0
ennai kappathunga!!!,1
main college ja raha hoon please,0
naan aabathil iruken now,1
i am studying!!!,0
naan aabathil iruken now,1
please help bro,1
uh please help pannunga,1
I AM STUDYING,0
MUJHE DAR LAG RAHA HAI,1
naan padikkiren,0
hello how are you,0
TIME ENNA,0
main college ja raha hoon!!!,0
naan nalla iruken!!!,0
time kya hua hai!!!,0
hey good morning,0
help me now,1
uh someone is following me,1
naan padikkiren bro,0
MADAD KARO,1
good morning,0
good morning!!!,0
udhavi pannunga now,1
uh police ah koopdunga,1
naan happy ah iruken!!!,0
emergency ah irukku!!!,1
naan nalla iruken,0
hey good morning,0
mujhe bachao please,1
hello how are you please,0
enakku music pidikkum,0
police ko bulao bro,1
yaaro ennai pin thodaranga bro,1
uh jaldi madad karo,1
TIME KYA HUA HAI,0
main theek hoon now,0
MAIN KHATRE MEIN HOON,1
hey mujhe music pasand hai,0
jaldi madad karo please,1
good morning,0
hey good morning,0
mujhe music pasand hai,0
main theek hoon bro,0
uh main college ja raha hoon,0
emergency ah irukku bro,1
sab theek hai bro,0
police ko bulao bro,1
hey naan aabathil iruken,1
MADAD KARO,1
i am in danger please,1
uh mujhe dar lag raha hai,1
jaldi madad karo now,1
i am in danger please,1
udhavi pannunga bro,1
help karo!!!,1
hey koi mera peecha kar raha hai,1
hey naan nalla iruken,0
hey main college ja raha hoon,0
JALDI MADAD KARO,1
hello how are you bro,0
i like music!!!,0
help karo please,1
uh help karo,1
MUJHE BACHAO,1
time kya hua hai!!!,0
help venum,1
yaaro ennai pin thodaranga now,1
save me!!!,1
police ko bulao now,1
mujhe bachao now,1
i am studying,0
uh i am going to college,0
uh enakku music pidikkum,0
good morning please,0
NAAN AABATHIL IRUKEN,1
GOOD MORNING,0
hey help venum,1
enakku bayama irukku please,1
hey help karo,1
please madad karo!!!,1
HELLO HOW ARE YOU,0
hey i am in danger,1
call the police bro,1
hey time kya hua hai,0
good morning now,0
i am studying!!!,0
PLEASE HELP,1
call the police!!!,1
mujhe bachao!!!,1
police ah koopdunga bro,1
enakku bayama irukku please,1
naan nalla iruken please,0
what is the time bro,0
main theek hoon now,0
help me now,1
enakku music pidikkum please,0
madad karo please,1
i like music please,0
MUJHE MUSIC PASAND HAI,0
hey help me,1
help me please,1
koi mera peecha kar raha hai now,1
help me,1
yaaro ennai pin thodaranga now,1
what is the time please,0
uh seekiram help pannunga,1
i am going to college now,0
enakku music pidikkum,0
i am in danger please,1
madad karo bro,1
hey jaldi madad karo,1
main theek hoon now,0
i am in danger!!!,1
naan ok bro bro,0
mujhe music pasand hai bro,0
naan college pogiren please,0
i am going to college now,0
hey mujhe dar lag raha hai,1
yaaro ennai pin thodaranga now,1
naan nalla iruken bro,0
hey call the police,1
hey save me,1
main theek hoon bro,0
uh sab theek hai,0
main theek hoon!!!,0
hey i am fine,0
HELLO HOW ARE YOU,0
bhai help karo!!!,1
koi mera peecha kar raha hai now,1
uh naan padikkiren,0
mujhe bachao!!!,1
uh good morning,0
hey mujhe bachao,1
koi mera peecha kar raha hai please,1
uh naan aabathil iruken,1
ENAKKU BAYAMA IRUKKU,1
naan nalla iruken now,0
hey time kya hua hai,0
HELLO HOW ARE YOU,0
hello how are you please,0
GOOD MORNING,0
i am going to college now,0
hey mujhe bachao,1
good morning please,0
help me now,1
HELLO HOW ARE YOU,0
please help now,1
naan padikkiren,0
TIME KYA HUA HAI,0
seekiram help pannunga please,1
sab theek hai bro,0
jaldi madad karo,1
hey seekiram help pannunga,1
good morning now,0
mujhe music pasand hai!!!,0
hey help karo,1
please help!!!,1
good morning now,0
please help now,1
naan padikkiren bro,0
naan nalla iruken!!!,0
good morning,0
koi mera peecha kar raha hai bro,1
hey save me,1
YAARO ENNAI PIN THODARANGA,1
sab theek hai,0
help me bro,1
uh mujhe music pasand hai,0
uh time enna,0
what is the time!!!,0
I AM STUDYING,0
uh please help,1
emergency ah irukku now,1
i am going to college now,0
uh time kya hua hai,0
uh time enna,0
i like music now,0
hello how are you!!!,0
naan happy ah iruken bro,0
naan padikkiren!!!,0
i feel unsafe!!!,1
uh main padhai kar raha hoon,0
naan nalla iruken,0
call the police!!!,1
madad karo,1
PLEASE MADAD KARO,1
i am studying,0
hey emergency hai,1
i feel unsafe!!!,1
i am fine please,0
what is the time!!!,0
hey i like music,0
ENAKKU MUSIC PIDIKKUM,0
i am going to college!!!,0
please madad karo,1
i am in danger now,1
SOMEONE IS FOLLOWING ME,1
hey ennai kappathunga,1
TIME ENNA,0
mujhe music pasand hai!!!,0
madad karo,1
emergency ah irukku please,1
uh main khatre mein hoon,1
hello how are you now,0
save me now,1
koi mera peecha kar raha hai,1
someone is following me now,1
hey seekiram help pannunga,1
good morning!!!,0
PLEASE HELP,1
uh please help,1
NAAN PADIKKIREN,0
MUJHE DAR LAG RAHA HAI,1
enakku bayama irukku!!!,1
naan padikkiren,0
help me bro,1
jaldi madad karo!!!,1
ennai kappathunga now,1
hey i am fine,0
please help now,1
MUJHE HELP CHAHIYE,1
mujhe dar lag raha hai now,1
hey main padhai kar raha hoon,0
uh mujhe music pasand hai,0
uh police ah koopdunga,1
hey save me,1
main college ja raha hoon now,0
save me!!!,1
sab theek hai please,0
uh enakku bayama irukku,1
main padhai kar raha hoon now,0
uh jaldi madad karo,1
i am going to college bro,0
udhavi pannunga,1
main theek hoon!!!,0
i am scared,1
someone is following me!!!,1
UDHAVI PANNUNGA,1
uh i am fine,0
NAAN COLLEGE POGIREN,0
good morning please,0
i like music!!!,0
i am fine now,0
main theek hoon,0
good morning!!!,0
hey time enna,0
emergency ah irukku,1
uh naan nalla iruken,0
police ko bulao bro,1
i am scared!!!,1
uh police ah koopdunga,1
SEEKIRAM HELP PANNUNGA,1
TIME ENNA,0
chill bro!!!,0
MUJHE DAR LAG RAHA HAI,1
hello how are you now,0
naan padikkiren!!!,0
i am studying bro,0
hello how are you,0
i am in danger bro,1
i like music please,0
YAARO ENNAI PIN THODARANGA,1
hey naan college pogiren,0
uh i like music,0
what is the time!!!,0
i like music!!!,0
udhavi pannunga now,1
call the police,1
hey jaldi madad karo,1
help me,1
uh good morning,0
mujhe bachao!!!,1
UDHAVI PANNUNGA,1
I LIKE MUSIC,0
enakku bayama irukku bro,1
good morning,0
emergency hai!!!,1
seekiram help pannunga please,1
please help,1
enakku music pidikkum bro,0
hey emergency ah irukku,1
hey help venum,1
MAIN COLLEGE JA RAHA HOON,0
main college ja raha hoon,0
TIME KYA HUA HAI,0
hey bhai help karo,1
koi mera peecha kar raha hai now,1
uh i am scared,1
naan college pogiren bro,0
naan college pogiren now,0
police ah koopdunga please,1
naan nalla iruken!!!,0
i feel unsafe,1
yaaro ennai pin thodaranga!!!,1
main college ja raha hoon bro,0
i am fine please,0
what is the time bro,0
uh please help,1
naan nalla iruken now,0
sab theek hai!!!,0
UDHAVI PANNUNGA,1
uh main theek hoon,0
uh hello how are you,0
uh naan padikkiren,0
hey mujhe music pasand hai,0
naan college pogiren,0
naan aabathil iruken!!!,1
uh all good yaar,0
hello how are you!!!,0
uh udhavi pannunga,1
MUJHE BACHAO,1
i am fine now,0
help me,1
uh udhavi pannunga,1
time kya hua hai now,0
hey naan aabathil iruken,1
NAAN AABATHIL IRUKEN,1
uh main padhai kar raha hoon,0
call the police bro,1
uh what is the time,0
i am scared now,1
i am in danger now,1
emergency ah irukku!!!,1
uh i am going to college,0
hey call the police,1
naan happy ah iruken!!!,0
emergency ah irukku,1
i am studying now,0
seekiram help pannunga please,1
hey enakku bayama irukku,1
i like music bro,0
uh time kya hua hai,0
naan college pogiren now,0
SAVE ME,1
TIME ENNA,0
I AM FINE,0
hello how are you please,0
main padhai kar raha hoon,0
naan ok bro,0
police ah koopdunga now,1
NAAN AABATHIL IRUKEN,1
EMERGENCY AH IRUKKU,1
main padhai kar raha hoon now,0
I AM STUDYING,0
time enna!!!,0
naan ok bro please,0
save me,1
hey what is the time,0
good morning!!!,0
emergency hai now,1
jaldi madad karo please,1
mujhe dar lag raha hai now,1
SOMEONE IS FOLLOWING ME,1
naan college pogiren please,0
call the police,1
hey koi mera peecha kar raha hai,1
call the police now,1
uh i am going to college,0
chill bro!!!,0
police ko bulao!!!,1
hey help me,1
good morning now,0
POLICE KO BULAO,1
MADAD KARO,1
SAVE ME,1
please help,1
time kya hua hai please,0
hey police ko bulao,1
hey police ko bulao,1
naan nalla iruken bro,0
good morning please,0
uh help karo,1
I AM GOING TO COLLEGE,0
NAAN PADIKKIREN,0
hey i like music,0
madad karo!!!,1
i am fine now,0
hey enakku bayama irukku,1
hey enakku music pidikkum,0
i am studying!!!,0
hey naan padikkiren,0
uh naan college pogiren,0
time kya hua hai bro,0
hey ennai kappathunga,1
main fine hoon bro please,0
uh someone is following me,1
naan padikkiren please,0
i am fine!!!,0
time enna bro,0
enna help pannunga please,1
naan padikkiren now,0
uh please help pannunga,1
good morning please,0
yaaro ennai pin thodaranga!!!,1
good morning!!!,0
main college ja raha hoon bro,0
seekiram help pannunga now,1
main padhai kar raha hoon bro,0
hello how are you bro,0
main theek hoon now,0
please help,1
emergency hai,1
main college ja raha hoon,0
call the police!!!,1
uh call the police,1
police ko bulao now,1
naan ok bro now,0
GOOD MORNING,0
uh mujhe music pasand hai,0
hey what is the time,0
i am going to college bro,0
all good yaar now,0
yaaro ennai pin thodaranga now,1
yaaro ennai pin thodaranga please,1
uh help me,1
hey mujhe bachao,1
i am fine bro,0
jaldi madad karo please,1
good morning now,0
uh time enna,0
i am in danger bro,1
mujhe music pasand hai bro,0
good morning now,0
hey udhavi pannunga,1
I AM IN DANGER,1
emergency hai please,1
i feel unsafe,1
call the police now,1
hey please madad karo,1
hey time enna,0
I AM GOING TO COLLEGE,0
uh udhavi pannunga,1
uh time enna,0
POLICE KO BULAO,1
i am studying bro,0
uh madad karo,1
main theek hoon bro,0
uh yaaro ennai pin thodaranga,1
NAAN COLLEGE POGIREN,0
help karo bro,1
main college ja raha hoon bro,0
mujhe music pasand hai,0
hey time kya hua hai,0
hey naan nalla iruken,0
main theek hoon bro,0
hey yaaro ennai pin thodaranga,1
uh mujhe help chahiye,1
MUJHE MUSIC PASAND HAI,0
koi mera peecha kar raha hai bro,1
hey main college ja raha hoon,0
uh help me,1
what is the time now,0
enakku bayama irukku please,1
hey main padhai kar raha hoon,0
uh what is the time,0
please help pannunga please,1
hey jaldi madad karo,1
chill bro bro,0
i am fine,0
i am scared!!!,1
hey i am scared,1
i am going to college!!!,0
uh i like music,0
yaaro ennai pin thodaranga!!!,1
i am going to college,0
ennai kappathunga please,1
what is the time,0
uh time kya hua hai,0
naan college pogiren!!!,0
help venum bro,1
naan padikkiren please,0
main theek hoon!!!,0
i am going to college!!!,0
main college ja raha hoon bro,0
ENAKKU BAYAMA IRUKKU,1
hey help venum,1
uh emergency ah irukku,1
uh mujhe bachao,1
uh police ko bulao,1
mujhe music pasand hai now,0
i feel unsafe,1
I FEEL UNSAFE,1
main khatre mein hoon please,1
UDHAVI PANNUNGA,1
seekiram help pannunga bro,1
good morning bro,0
mujhe bachao please,1
time enna bro,0
main fine hoon bro bro,0
hey i am fine,0
uh main khatre mein hoon,1
i am in danger,1
GOOD MORNING,0
mujhe dar lag raha hai now,1
help me,1
hey someone is following me,1
emergency ah irukku!!!,1
main padhai kar raha hoon,0
madad karo,1
main padhai kar raha hoon please,0
naan ok bro,0
enakku bayama irukku,1
sab theek hai!!!,0
I FEEL UNSAFE,1
uh seekiram help pannunga,1
main college ja raha hoon,0
hey emergency hai,1
i am studying please,0
HELLO HOW ARE YOU,0
SEEKIRAM HELP PANNUNGA,1
hey main theek hoon,0
EMERGENCY HAI,1
main college ja raha hoon now,0
hey time kya hua hai,0
i feel unsafe,1
JALDI MADAD KARO,1
udhavi pannunga!!!,1
hey help me,1
hello how are you,0
police ah koopdunga bro,1
enakku music pidikkum please,0
enna help pannunga!!!,1
uh emergency hai,1
naan nalla iruken bro,0
police ko bulao!!!,1
hey i like music,0
TIME KYA HUA HAI,0
hey please help,1
I AM STUDYING,0
sab theek hai now,0
call the police bro,1
i am fine bro,0
help me bro,1
main theek hoon now,0
CHILL BRO,0
ENNAI KAPPATHUNGA,1
naan college pogiren please,0
enakku music pidikkum please,0
naan ok bro!!!,0
main fine hoon bro,0
uh i like music,0
hey i am studying,0
uh mujhe music pasand hai,0
i am scared now,1
uh mujhe bachao,1
i am scared bro,1
i like music bro,0
i am fine,0
hey emergency hai,1
NAAN AABATHIL IRUKEN,1
hey i am going to college,0
someone is following me!!!,1
uh main college ja raha hoon,0
MUJHE MUSIC PASAND HAI,0
naan padikkiren!!!,0
i like music,0
YAARO ENNAI PIN THODARANGA,1
naan ok bro bro,0
TIME ENNA,0
MAIN THEEK HOON,0
uh main theek hoon,0
what is the time!!!,0
hey police ah koopdunga,1
good morning,0
hey good morning,0
I AM SCARED,1
main padhai kar raha hoon bro,0
mujhe bachao bro,1
GOOD MORNING,0
hey naan college pogiren,0
madad karo now,1
mujhe music pasand hai bro,0
bhai help karo,1
udhavi pannunga,1
hey enakku bayama irukku,1
good morning!!!,0
main theek hoon now,0
naan nalla iruken now,0
mujhe bachao please,1
uh mujhe dar lag raha hai,1
all good yaar!!!,0
help me now,1
jaldi madad karo bro,1
hey jaldi madad karo,1
MUJHE MUSIC PASAND HAI,0
enakku music pidikkum now,0
time enna now,0
EMERGENCY HAI,1
I AM STUDYING,0
uh what is the time,0
main padhai kar raha hoon,0
hello how are you,0
uh main college ja raha hoon,0
naan nalla iruken now,0
someone is following me!!!,1
uh time kya hua hai,0
hey main theek hoon,0
time kya hua hai please,0
I FEEL UNSAFE,1
hey mujhe bachao,1
ENNAI KAPPATHUNGA,1
uh police ko bulao,1
MUJHE MUSIC PASAND HAI,0
ennai kappathunga bro,1
save me please,1
help me please,1
ennai kappathunga please,1
WHAT IS THE TIME,0
mujhe music pasand hai bro,0
ENAKKU MUSIC PIDIKKUM,0
i am fine,0
naan nalla iruken,0
uh main college ja raha hoon,0
CALL THE POLICE,1
please help now,1
all good yaar,0
all good yaar now,0
jaldi madad karo bro,1
uh i feel unsafe,1
WHAT IS THE TIME,0
NAAN AABATHIL IRUKEN,1
i am going to college bro,0
enakku bayama irukku!!!,1
yaaro ennai pin thodaranga bro,1
main theek hoon now,0
enakku bayama irukku please,1
MAIN PADHAI KAR RAHA HOON,0
good morning now,0
i like music!!!,0
uh help karo,1
hey naan college pogiren,0
udhavi pannunga now,1
enakku music pidikkum!!!,0
i am fine!!!,0
enakku music pidikkum,0
i am fine!!!,0
main padhai kar raha hoon bro,0
naan ok bro now,0
NAAN PADIKKIREN,0
koi mera peecha kar raha hai,1
uh i feel unsafe,1
PLEASE HELP,1
main fine hoon bro!!!,0
emergency ah irukku,1
uh i am studying,0
i like music!!!,0
HELLO HOW ARE YOU,0
main khatre mein hoon!!!,1
uh mujhe bachao,1
uh i am going to college,0
enakku music pidikkum,0
uh emergency hai,1
main khatre mein hoon,1
i am fine now,0
time kya hua hai!!!,0
ENNA HELP PANNUNGA,1
someone is following me now,1
madad karo,1
call the police,1
mujhe help chahiye now,1
uh emergency ah irukku,1
time enna bro,0
hey good morning,0
hey what is the time,0
main khatre mein hoon,1
please madad karo!!!,1
hey sab theek hai,0
emergency ah irukku!!!,1
hey hello how are you,0
NAAN COLLEGE POGIREN,0
mujhe music pasand hai now,0
jaldi madad karo bro,1
i am going to college,0
uh udhavi pannunga,1
help venum now,1
help karo!!!,1
hey koi mera peecha kar raha hai,1
uh good morning,0
main theek hoon now,0
TIME KYA HUA HAI,0
i am going to college,0
hey main fine hoon bro,0
SOMEONE IS FOLLOWING ME,1
i like music bro,0
SAVE ME,1
MAIN COLLEGE JA RAHA HOON,0
main college ja raha hoon bro,0
koi mera peecha kar raha hai!!!,1
enakku bayama irukku,1
police ah koopdunga,1
hey mujhe bachao,1
time kya hua hai bro,0
save me please,1
main padhai kar raha hoon please,0
hey hello how are you,0
hey mujhe music pasand hai,0
i like music!!!,0
uh udhavi pannunga,1
police ah koopdunga bro,1
uh help me,1
KOI MERA PEECHA KAR RAHA HAI,1
i am scared now,1
I LIKE MUSIC,0
MUJHE DAR LAG RAHA HAI,1
time kya hua hai bro,0
hey i am scared,1
SEEKIRAM HELP PANNUNGA,1
police ko bulao now,1
ennai kappathunga please,1
uh enna help pannunga,1
hey mujhe dar lag raha hai,1
police ko bulao,1
time enna,0
good morning bro,0
enakku music pidikkum bro,0
emergency hai,1
uh main college ja raha hoon,0
udhavi pannunga now,1
main college ja raha hoon please,0
help karo!!!,1
i am fine,0
please help pannunga!!!,1
ENAKKU MUSIC PIDIKKUM,0
hey naan nalla iruken,0
naan nalla iruken bro,0
hey enakku bayama irukku,1
hey time kya hua hai,0
yaaro ennai pin thodaranga now,1
mujhe music pasand hai!!!,0
hey emergency ah irukku,1
naan college pogiren please,0
main khatre mein hoon bro,1
SOMEONE IS FOLLOWING ME,1
GOOD MORNING,0
i am going to college,0
i am scared bro,1
i am going to college bro,0
i am going to college!!!,0
help me!!!,1
emergency hai bro,1
help me please,1
uh please help,1
i am studying now,0
hey enakku music pidikkum,0
hello how are you,0
uh i am scared,1
seekiram help pannunga bro,1
uh ennai kappathunga,1
i am in danger,1
help me,1
hey good morning,0
police ah koopdunga please,1
naan college pogiren please,0
uh sab theek hai,0
someone is following me,1
police ko bulao bro,1
naan college pogiren please,0
uh i like music,0
i like music!!!,0
naan nalla iruken please,0
i am going to college bro,0
emergency hai,1
uh koi mera peecha kar raha hai,1
uh emergency hai,1
MUJHE BACHAO,1
WHAT IS THE TIME,0
uh i like music,0
GOOD MORNING,0
main khatre mein hoon!!!,1
time kya hua hai,0
udhavi pannunga!!!,1
NAAN NALLA IRUKEN,0
i am fine now,0
main theek hoon,0
hey help karo,1
I LIKE MUSIC,0
koi mera peecha kar raha hai bro,1
hey i am in danger,1
main theek hoon now,0
please help pannunga!!!,1
jaldi madad karo!!!,1
please madad karo now,1
uh enakku music pidikkum,0
uh main theek hoon,0
uh yaaro ennai pin thodaranga,1
time kya hua hai please,0
hey i like music,0
hey main theek hoon,0
hey save me,1
mujhe help chahiye please,1
mujhe music pasand hai bro,0
MUJHE BACHAO,1
naan nalla iruken now,0
naan padikkiren please,0
i feel unsafe bro,1
save me now,1
i like music!!!,0
koi mera peecha kar raha hai please,1
MAIN PADHAI KAR RAHA HOON,0
uh ennai kappathunga,1
main khatre mein hoon!!!,1
SEEKIRAM HELP PANNUNGA,1
naan college pogiren now,0
hey i like music,0
good morning,0
enakku music pidikkum!!!,0
uh seekiram help pannunga,1
please help bro,1
uh i am scared,1
WHAT IS THE TIME,0
uh i like music,0
uh naan ok bro,0
HELLO HOW ARE YOU,0
enakku bayama irukku bro,1
NAAN AABATHIL IRUKEN,1
uh main khatre mein hoon,1
mujhe bachao now,1
jaldi madad karo now,1
hey please help,1
yaaro ennai pin thodaranga,1
help me bro,1
good morning!!!,0
NAAN PADIKKIREN,0
mujhe dar lag raha hai please,1
someone is following me!!!,1
uh main padhai kar raha hoon,0
mujhe music pasand hai now,0
i like music!!!,0
main padhai kar raha hoon now,0
time enna bro,0
naan ok bro now,0
main padhai kar raha hoon bro,0
emergency ah irukku please,1
i am fine bro,0
I AM FINE,0
i am studying please,0
mujhe dar lag raha hai!!!,1
ennai kappathunga,1
uh good morning,0
save me please,1
jaldi madad karo bro,1
koi mera peecha kar raha hai bro,1
someone is following me please,1
uh main college ja raha hoon,0
enakku bayama irukku now,1
time kya hua hai,0
time enna bro,0
uh i am scared,1
someone is following me!!!,1
naan aabathil iruken!!!,1
main khatre mein hoon now,1
uh mujhe bachao,1
enakku bayama irukku now,1
hey good morning,0
udhavi pannunga!!!,1
emergency hai please,1
police ah koopdunga now,1
seekiram help pannunga please,1
bhai help karo bro,1
hey save me,1
i am studying,0
i am fine please,0
main theek hoon!!!,0
police ah koopdunga bro,1
madad karo!!!,1
i am scared!!!,1
please help!!!,1
naan padikkiren bro,0
i like music bro,0
uh save me,1
hey emergency hai,1
koi mera peecha kar raha hai,1
udhavi pannunga,1
naan happy ah iruken please,0
hey main padhai kar raha hoon,0
uh mujhe music pasand hai,0
i am in danger,1
save me now,1
hey i am studying,0
uh i am scared,1
main college ja raha hoon!!!,0
koi mera peecha kar raha hai please,1
enna help pannunga please,1
naan college pogiren please,0
uh please help,1
naan padikkiren bro,0
main theek hoon now,0
enakku bayama irukku bro,1
police ah koopdunga bro,1
police ko bulao please,1
good morning bro,0
koi mera peecha kar raha hai,1
uh mujhe dar lag raha hai,1
main theek hoon,0
ennai kappathunga bro,1
good morning bro,0
main padhai kar raha hoon!!!,0
udhavi pannunga!!!,1
emergency ah irukku,1
mujhe bachao now,1
good morning,0
jaldi madad karo!!!,1
main theek hoon bro,0
i am studying please,0
hey naan padikkiren,0
uh mujhe dar lag raha hai,1
uh i like music,0
sab theek hai bro,0
madad karo bro,1
police ko bulao bro,1
madad karo please,1
WHAT IS THE TIME,0
naan ok bro now,0
GOOD MORNING,0
SAB THEEK HAI,0
seekiram help pannunga,1
uh naan college pogiren,0
hey good morning,0
enakku music pidikkum!!!,0
uh udhavi pannunga,1
uh i am fine,0
police ko bulao bro,1
sab theek hai bro,0
help me!!!,1
NAAN NALLA IRUKEN,0
uh mujhe music pasand hai,0
hey help venum,1
PLEASE HELP PANNUNGA,1
mujhe music pasand hai!!!,0
MUJHE BACHAO,1
main padhai kar raha hoon now,0
ALL GOOD YAAR,0
call the police bro,1
mujhe dar lag raha hai now,1
hey i feel unsafe,1
naan college pogiren bro,0
uh koi mera peecha kar raha hai,1
naan nalla iruken!!!,0
hey i am going to college,0
uh naan nalla iruken,0
help me bro,1
main theek hoon!!!,0
please help now,1
call the police please,1
hey what is the time,0
time enna bro,0
naan college pogiren,0
mujhe music pasand hai,0
hey i am studying,0
hey naan ok bro,0
uh seekiram help pannunga,1
uh please help pannunga,1
naan nalla iruken bro,0
madad karo now,1
ENNAI KAPPATHUNGA,1
naan college pogiren now,0
i am going to college,0
uh call the police,1
naan nalla iruken!!!,0
hello how are you now,0
time enna,0
i feel unsafe please,1
hey ennai kappathunga,1
MAIN THEEK HOON,0
main theek hoon please,0
koi mera peecha kar raha hai!!!,1
hey mujhe music pasand hai,0
seekiram help pannunga!!!,1
naan nalla iruken!!!,0
uh naan college pogiren,0
good morning,0
seekiram help pannunga now,1
enakku bayama irukku bro,1
help me,1
hey main theek hoon,0
hello how are you please,0
naan college pogiren!!!,0
mujhe dar lag raha hai!!!,1
seekiram help pannunga please,1
mujhe bachao,1
NAAN COLLEGE POGIREN,0
MAIN KHATRE MEIN HOON,1
madad karo!!!,1
i like music now,0
please help bro,1
what is the time bro,0
hey koi mera peecha kar raha hai,1
hey time enna,0
please madad karo,1
help me!!!,1
call the police!!!,1
naan happy ah iruken!!!,0
i feel unsafe,1
PLEASE HELP,1
help venum please,1
mujhe bachao!!!,1
chill bro please,0
save me now,1
what is the time please,0
main padhai kar raha hoon now,0
uh mujhe music pasand hai,0
enakku music pidikkum!!!,0
udhavi pannunga please,1
time kya hua hai!!!,0
help venum,1
emergency hai bro,1
NAAN AABATHIL IRUKEN,1
main khatre mein hoon please,1
udhavi pannunga please,1
uh naan aabathil iruken,1
ennai kappathunga now,1
uh i am scared,1
ENAKKU BAYAMA IRUKKU,1
hey i am going to college,0
NAAN OK BRO,0
bhai help karo now,1
uh i am fine,0
save me,1
mujhe bachao please,1
naan ok bro bro,0
time kya hua hai!!!,0
uh main theek hoon,0
time kya hua hai bro,0
call the police please,1
save me bro,1
time enna,0
hey good morning,0
HELLO HOW ARE YOU,0
emergency ah irukku now,1
hey hello how are you,0
uh mujhe dar lag raha hai,1
mujhe bachao!!!,1
call the police!!!,1
hey naan aabathil iruken,1
main college ja raha hoon!!!,0
hey good morning,0
main khatre mein hoon now,1
hey jaldi madad karo,1
mujhe music pasand hai!!!,0
NAAN PADIKKIREN,0
bhai help karo please,1
i am going to college!!!,0
hey mujhe music pasand hai,0
i am fine please,0
i am scared please,1
sab theek hai please,0
uh enna help pannunga,1
time kya hua hai now,0
seekiram help pannunga please,1
i am in danger,1
udhavi pannunga,1
uh naan college pogiren,0
enakku bayama irukku!!!,1
koi mera peecha kar raha hai please,1
hey i feel unsafe,1
naan aabathil iruken bro,1
hey seekiram help pannunga,1
yaaro ennai pin thodaranga bro,1
police ah koopdunga,1
mujhe bachao please,1
hey time enna,0
emergency ah irukku!!!,1
uh mujhe bachao,1
hey sab theek hai,0
madad karo please,1
NAAN PADIKKIREN,0
bhai help karo bro,1
uh help karo,1
hey naan padikkiren,0
i am going to college now,0
enakku bayama irukku,1
main theek hoon please,0
JALDI MADAD KARO,1
emergency hai!!!,1
madad karo please,1
hey mujhe bachao,1
mujhe music pasand hai now,0
hey naan college pogiren,0
naan aabathil iruken please,1
hey naan nalla iruken,0
bhai help karo,1
emergency hai,1
hey mujhe dar lag raha hai,1
please madad karo bro,1
i am going to college please,0
naan padikkiren bro,0
someone is following me now,1
i am studying,0
madad karo!!!,1
hello how are you now,0
hello how are you please,0
what is the time please,0
what is the time please,0
what is the time,0
uh mujhe music pasand hai,0
time kya hua hai,0
hey naan happy ah iruken,0
seekiram help pannunga bro,1
udhavi pannunga now,1
main padhai kar raha hoon!!!,0
madad karo now,1
uh hello how are you,0
uh emergency hai,1
please help!!!,1
ENAKKU MUSIC PIDIKKUM,0
i am going to college!!!,0
hey main fine hoon bro,0
good morning please,0
uh naan ok bro,0
good morning now,0
please help!!!,1
i feel unsafe now,1
uh please help pannunga,1
uh main khatre mein hoon,1
please help pannunga,1
main theek hoon please,0
hey naan padikkiren,0
hey emergency hai,1
main padhai kar raha hoon bro,0
enakku music pidikkum,0
hello how are you please,0
what is the time now,0
yaaro ennai pin thodaranga,1
yaaro ennai pin thodaranga!!!,1
main khatre mein hoon please,1
uh good morning,0
good morning now,0
hey save me,1
good morning,0
JALDI MADAD KARO,1
uh main khatre mein hoon,1
i am going to college!!!,0
uh call the police,1
enakku bayama irukku bro,1
naan college pogiren!!!,0
hey enakku music pidikkum,0
uh mujhe help chahiye,1
EMERGENCY HAI,1
MAIN PADHAI KAR RAHA HOON,0
uh please help,1
sab theek hai please,0
uh enakku bayama irukku,1
main padhai kar raha hoon now,0
hey main fine hoon bro,0
naan nalla iruken now,0
i am fine!!!,0
uh enakku music pidikkum,0
MUJHE MUSIC PASAND HAI,0
GOOD MORNING,0
naan college pogiren now,0
NAAN NALLA IRUKEN,0
naan happy ah iruken,0
uh please help,1
main theek hoon!!!,0
uh mujhe music pasand hai,0
good morning now,0
main theek hoon!!!,0
naan nalla iruken bro,0
please help,1
hey hello how are you,0
ENAKKU BAYAMA IRUKKU,1
i am scared!!!,1
GOOD MORNING,0
yaaro ennai pin thodaranga please,1
naan aabathil iruken bro,1
uh mujhe dar lag raha hai,1
emergency ah irukku please,1
uh main khatre mein hoon,1
I AM FINE,0
NAAN PADIKKIREN,0
uh i am fine,0
TIME ENNA,0
uh time enna,0
naan college pogiren please,0
hey time enna,0
hey naan aabathil iruken,1
SEEKIRAM HELP PANNUNGA,1
i like music please,0
i am scared!!!,1
I AM GOING TO COLLEGE,0
hey naan nalla iruken,0
time enna please,0
jaldi madad karo please,1
naan college pogiren bro,0
save me bro,1
police ah koopdunga bro,1
naan aabathil iruken bro,1
uh i am fine,0
main fine hoon bro now,0
naan happy ah iruken,0
i am studying bro,0
i like music,0
naan aabathil iruken bro,1
hey i am scared,1
what is the time!!!,0
naan nalla iruken,0
hey time kya hua hai,0
SEEKIRAM HELP PANNUNGA,1
jaldi madad karo bro,1
uh emergency ah irukku,1
i am scared,1
time enna bro,0
time kya hua hai bro,0
uh koi mera peecha kar raha hai,1
hey please help pannunga,1
enakku music pidikkum!!!,0
uh naan nalla iruken,0
hey enakku music pidikkum,0
uh time kya hua hai,0
hello how are you please,0
mujhe bachao!!!,1
uh mujhe bachao,1
uh koi mera peecha kar raha hai,1
please help!!!,1
mujhe bachao please,1
NAAN COLLEGE POGIREN,0
I AM IN DANGER,1
enna help pannunga please,1
i am studying,0
main theek hoon please,0
uh i am fine,0
chill bro,0
i am fine now,0
mujhe music pasand hai now,0
police ah koopdunga!!!,1
i feel unsafe now,1
uh naan padikkiren,0
yaaro ennai pin thodaranga now,1
main padhai kar raha hoon please,0
i am fine!!!,0
hello how are you now,0
NAAN PADIKKIREN,0
mujhe dar lag raha hai bro,1
good morning now,0
enakku music pidikkum,0
time kya hua hai,0
uh police ko bulao,1
uh i like music,0
i am fine now,0
mujhe bachao,1
naan ok bro bro,0
uh koi mera peecha kar raha hai,1
emergency ah irukku!!!,1
hey main theek hoon,0
uh main padhai kar raha hoon,0
main padhai kar raha hoon,0
please madad karo now,1
uh main padhai kar raha hoon,0
hey time kya hua hai,0
udhavi pannunga please,1
enakku music pidikkum bro,0
call the police bro,1
naan aabathil iruken,1
i feel unsafe now,1
i am in danger please,1
NAAN PADIKKIREN,0
good morning please,0
good morning!!!,0
HELLO HOW ARE YOU,0
uh ennai kappathunga,1
please madad karo bro,1
i am scared bro,1
help me please,1
i am studying,0
good morning please,0
i am in danger,1
GOOD MORNING,0
hey enakku music pidikkum,0
main fine hoon bro,0
udhavi pannunga,1
mujhe dar lag raha hai please,1
MAIN THEEK HOON,0
police ko bulao!!!,1
naan padikkiren please,0
i am studying!!!,0
main khatre mein hoon,1
please madad karo!!!,1
hello how are you please,0
someone is following me now,1
enakku music pidikkum now,0
I AM SCARED,1
seekiram help pannunga please,1
main fine hoon bro bro,0
chill bro bro,0
naan aabathil iruken bro,1
emergency hai now,1
hello how are you now,0
police ah koopdunga please,1
mujhe bachao!!!,1
what is the time please,0
naan padikkiren please,0
naan padikkiren!!!,0
hey madad karo,1
hey i am studying,0
main padhai kar raha hoon,0
seekiram help pannunga please,1
hey time enna,0
hey naan aabathil iruken,1
HELP ME,1
help me please,1
hello how are you,0
uh jaldi madad karo,1
help venum now,1
hey main theek hoon,0
chill bro please,0
emergency ah irukku!!!,1
call the police please,1
enakku bayama irukku please,1
naan aabathil iruken!!!,1
SEEKIRAM HELP PANNUNGA,1
main khatre mein hoon now,1
naan nalla iruken!!!,0
naan padikkiren bro,0
MAIN THEEK HOON,0
uh main college ja raha hoon,0
main theek hoon!!!,0
uh i like music,0
main theek hoon!!!,0
uh jaldi madad karo,1
mujhe help chahiye please,1
call the police please,1
help venum now,1
YAARO ENNAI PIN THODARANGA,1
hello how are you now,0
uh chill bro,0
good morning!!!,0
hey main theek hoon,0
hey koi mera peecha kar raha hai,1
call the police,1
uh mujhe bachao,1
good morning please,0
hey enakku music pidikkum,0
enakku bayama irukku!!!,1
i like music,0
uh mujhe help chahiye,1
hey enakku bayama irukku,1
someone is following me now,1
i am scared,1
main theek hoon please,0
ennai kappathunga please,1
naan college pogiren,0
NAAN NALLA IRUKEN,0
hello how are you,0
good morning now,0
mujhe dar lag raha hai now,1
naan ok bro please,0
naan nalla iruken!!!,0
hey police ko bulao,1
main fine hoon bro,0
call the police,1
i am going to college!!!,0
i am in danger!!!,1
i am studying please,0
police ko bulao now,1
time enna now,0
what is the time bro,0
I LIKE MUSIC,0
police ah koopdunga!!!,1
MAIN PADHAI KAR RAHA HOON,0
i feel unsafe,1
i am going to college,0
POLICE AH KOOPDUNGA,1
hey mujhe dar lag raha hai,1
uh what is the time,0
help me now,1
main theek hoon bro,0
uh please help,1
i am in danger!!!,1
i am fine,0
i am studying bro,0
yaaro ennai pin thodaranga!!!,1
police ah koopdunga bro,1
good morning please,0
SAVE ME,1
uh i am in danger,1
emergency ah irukku!!!,1
hello how are you!!!,0
hey main khatre mein hoon,1
MAIN KHATRE MEIN HOON,1
hey naan nalla iruken,0
help karo please,1
naan nalla iruken please,0
good morning bro,0
save me!!!,1
uh i am in danger,1
main college ja raha hoon!!!,0
good morning now,0
hey police ko bulao,1
i feel unsafe bro,1
mujhe music pasand hai now,0
jaldi madad karo,1
hello how are you please,0
i am fine please,0
hey enakku bayama irukku,1
ennai kappathunga,1
uh koi mera peecha kar raha hai,1
naan happy ah iruken!!!,0
time enna bro,0
police ko bulao now,1
jaldi madad karo please,1
i am going to college bro,0
hey mujhe bachao,1
ennai kappathunga now,1
main college ja raha hoon now,0
main padhai kar raha hoon please,0
HELP KARO,1
emergency ah irukku now,1
please help pannunga please,1
yaaro ennai pin thodaranga bro,1
uh main theek hoon,0
emergency hai bro,1
MADAD KARO,1
main college ja raha hoon please,0
MAIN KHATRE MEIN HOON,1
WHAT IS THE TIME,0
koi mera peecha kar raha hai now,1
hey i like music,0
time kya hua hai now,0
hey naan college pogiren,0
HELLO HOW ARE YOU,0
mujhe dar lag raha hai please,1
hey please madad karo,1
i am in danger bro,1
save me now,1
uh naan college pogiren,0
uh mujhe dar lag raha hai,1
what is the time please,0
mujhe music pasand hai!!!,0
good morning please,0
uh time kya hua hai,0
main college ja raha hoon now,0
hey ennai kappathunga,1
main khatre mein hoon now,1
naan college pogiren bro,0
hey seekiram help pannunga,1
save me now,1
please help now,1
TIME KYA HUA HAI,0
enakku bayama irukku,1
time kya hua hai!!!,0
i feel unsafe please,1
good morning please,0
uh naan aabathil iruken,1
main college ja raha hoon!!!,0
naan nalla iruken!!!,0
enakku music pidikkum please,0
mujhe dar lag raha hai!!!,1
enna help pannunga bro,1
chill bro now,0
call the police now,1
naan college pogiren now,0
what is the time please,0
i like music,0
main padhai kar raha hoon!!!,0
help me bro,1
NAAN PADIKKIREN,0
hey enakku bayama irukku,1
someone is following me now,1
uh naan padikkiren,0
i like music please,0
main khatre mein hoon!!!,1
EMERGENCY AH IRUKKU,1
hey enakku music pidikkum,0
naan aabathil iruken please,1
save me bro,1
police ko bulao,1
hey i am scared,1
I AM STUDYING,0
enakku bayama irukku bro,1
uh ennai kappathunga,1
sab theek hai,0
uh yaaro ennai pin thodaranga,1
i am going to college please,0
hey time kya hua hai,0
uh naan padikkiren,0
SOMEONE IS FOLLOWING ME,1
uh what is the time,0
uh main college ja raha hoon,0
mujhe music pasand hai please,0
what is the time bro,0
what is the time bro,0
hey yaaro ennai pin thodaranga,1
good morning now,0
hey yaaro ennai pin thodaranga,1
uh i am studying,0
TIME KYA HUA HAI,0
enakku music pidikkum please,0
please madad karo!!!,1
emergency ah irukku!!!,1
jaldi madad karo,1
TIME KYA HUA HAI,0
hey time enna,0
i am studying,0
udhavi pannunga now,1
yaaro ennai pin thodaranga!!!,1
mujhe music pasand hai please,0
NAAN OK BRO,0
time kya hua hai,0
emergency hai now,1
please help pannunga!!!,1
enakku music pidikkum please,0
HELLO HOW ARE YOU,0
MAIN COLLEGE JA RAHA HOON,0
hey i am fine,0
time kya hua hai please,0
mujhe bachao please,1
MAIN COLLEGE JA RAHA HOON,0
i am studying,0
main padhai kar raha hoon now,0
i am fine bro,0
chill bro,0
emergency hai now,1
uh please help pannunga,1
NAAN COLLEGE POGIREN,0
all good yaar now,0
good morning!!!,0
please help!!!,1
police ko bulao!!!,1
i am studying bro,0
mujhe dar lag raha hai now,1
i feel unsafe!!!,1
i like music now,0
hey help karo,1
uh ennai kappathunga,1
hey naan nalla iruken,0
i like music,0
yaaro ennai pin thodaranga,1
hey i am scared,1
mujhe music pasand hai please,0
naan nalla iruken,0
uh naan aabathil iruken,1
what is the time!!!,0
PLEASE MADAD KARO,1
i like music bro,0
udhavi pannunga!!!,1
hey naan nalla iruken,0
enakku bayama irukku please,1
police ko bulao,1
i am fine bro,0
naan padikkiren please,0
uh mujhe bachao,1
please help,1
hey madad karo,1
uh i am in danger,1
i am in danger please,1
hey i am studying,0
hey good morning,0
i feel unsafe,1
naan padikkiren bro,0
please madad karo,1
i am studying bro,0
i am studying,0
hey please help,1
hey main khatre mein hoon,1
help me!!!,1
uh help me,1
i am going to college,0
main theek hoon now,0
naan nalla iruken bro,0
i am fine,0
KOI MERA PEECHA KAR RAHA HAI,1
madad karo please,1
emergency ah irukku now,1
i am fine bro,0
uh i am going to college,0
uh naan college pogiren,0
police ah koopdunga now,1
hey help me,1
SOMEONE IS FOLLOWING ME,1
main college ja raha hoon,0
uh chill bro,0
hello how are you!!!,0
HELLO HOW ARE YOU,0
uh please help,1
mujhe bachao now,1
hey i like music,0
what is the time please,0
i like music please,0
uh what is the time,0
hey enakku music pidikkum,0
hello how are you,0
uh time enna,0
seekiram help pannunga please,1
NAAN NALLA IRUKEN,0
main padhai kar raha hoon bro,0
please help now,1
main khatre mein hoon,1
mujhe bachao now,1
i am going to college please,0
hey i feel unsafe,1
ennai kappathunga!!!,1
emergency hai bro,1
main theek hoon bro,0
please help pannunga bro,1
i like music please,0
good morning please,0
MUJHE HELP CHAHIYE,1
uh hello how are you,0
yaaro ennai pin thodaranga!!!,1
hey time enna,0
main fine hoon bro,0
time enna,0
hey naan nalla iruken,0
POLICE AH KOOPDUNGA,1
main khatre mein hoon now,1
i am in danger,1
what is the time now,0
hey hello how are you,0
uh i like music,0
I AM SCARED,1
enakku music pidikkum bro,0
i am going to college,0
someone is following me!!!,1
uh what is the time,0
udhavi pannunga bro,1
MUJHE DAR LAG RAHA HAI,1
i am fine bro,0
NAAN PADIKKIREN,0
hey i like music,0
hey call the police,1
uh naan college pogiren,0
chill bro,0
main padhai kar raha hoon,0
jaldi madad karo!!!,1
good morning please,0
i am in danger!!!,1
hey someone is following me,1
SAB THEEK HAI,0
seekiram help pannunga bro,1
someone is following me bro,1
chill bro,0
uh main fine hoon bro,0
PLEASE HELP,1
i am in danger,1
MAIN KHATRE MEIN HOON,1
PLEASE HELP,1
naan padikkiren bro,0
hey emergency hai,1
emergency hai,1
uh yaaro ennai pin thodaranga,1
time enna please,0
I AM GOING TO COLLEGE,0
mujhe music pasand hai bro,0
i like music!!!,0
please help now,1
i am in danger,1
hello how are you bro,0
ennai kappathunga,1
hey i am in danger,1
uh jaldi madad karo,1
hey mujhe music pasand hai,0
hey mujhe bachao,1
naan nalla iruken please,0
uh call the police,1
sab theek hai bro,0
hey chill bro,0
naan college pogiren,0
i am studying now,0
main fine hoon bro please,0
i am studying!!!,0
sab theek hai,0
enakku bayama irukku bro,1
uh i feel unsafe,1
i am in danger!!!,1
mujhe bachao,1
uh call the police,1
hey mujhe music pasand hai,0
i like music,0
uh main khatre mein hoon,1
I AM GOING TO COLLEGE,0
hey help me,1
chill bro bro,0
naan aabathil iruken,1
yaaro ennai pin thodaranga!!!,1
NAAN AABATHIL IRUKEN,1
i am going to college please,0
madad karo,1
uh all good yaar,0
uh i like music,0
uh mujhe music pasand hai,0
hey someone is following me,1
what is the time,0
I AM GOING TO COLLEGE,0
time kya hua hai bro,0
hey naan aabathil iruken,1
hey main theek hoon,0
MUJHE BACHAO,1
mujhe music pasand hai!!!,0
main khatre mein hoon bro,1
i am scared now,1
NAAN NALLA IRUKEN,0
hello how are you bro,0
mujhe bachao!!!,1
mujhe bachao!!!,1
good morning please,0
naan ok bro,0
uh help me,1
hey main college ja raha hoon,0
seekiram help pannunga!!!,1
uh ennai kappathunga,1
enakku music pidikkum bro,0
hey main college ja raha hoon,0
main college ja raha hoon,0
save me,1
HELP ME,1
MAIN THEEK HOON,0
CALL THE POLICE,1
SAVE ME,1
hey main college ja raha hoon,0
uh mujhe dar lag raha hai,1
PLEASE HELP,1
uh i am going to college,0
I AM GOING TO COLLEGE,0
uh naan nalla iruken,0
naan ok bro!!!,0
uh time enna,0
i am fine now,0
someone is following me!!!,1
naan padikkiren bro,0
i am going to college,0
hey hello how are you,0
call the police please,1
please help please,1
GOOD MORNING,0
ENNAI KAPPATHUNGA,1
enakku bayama irukku!!!,1
hello how are you bro,0
i am in danger now,1
police ah koopdunga bro,1
help venum,1
MAIN THEEK HOON,0
good morning now,0
i feel unsafe!!!,1
uh what is the time,0
hey i feel unsafe,1
help me bro,1
mujhe dar lag raha hai bro,1
hey save me,1
naan college pogiren now,0
hey good morning,0
i am fine bro,0
chill bro please,0
GOOD MORNING,0
yaaro ennai pin thodaranga,1
what is the time!!!,0
uh udhavi pannunga,1
ennai kappathunga now,1
uh seekiram help pannunga,1
I LIKE MUSIC,0
good morning bro,0
I AM STUDYING,0
uh i am fine,0
enakku music pidikkum!!!,0
i am studying please,0
hey main theek hoon,0
naan nalla iruken please,0
mujhe music pasand hai please,0
uh naan college pogiren,0
what is the time bro,0
main padhai kar raha hoon please,0
hey time kya hua hai,0
someone is following me!!!,1
main college ja raha hoon!!!,0
uh enakku bayama irukku,1
ENAKKU MUSIC PIDIKKUM,0
uh someone is following me,1
main padhai kar raha hoon,0
i like music,0
emergency hai,1
hey naan college pogiren,0
I AM SCARED,1
uh yaaro ennai pin thodaranga,1
seekiram help pannunga now,1
main theek hoon bro,0
please madad karo now,1
emergency hai please,1
i am fine now,0
someone is following me,1
enakku music pidikkum!!!,0
naan ok bro!!!,0
SOMEONE IS FOLLOWING ME,1
NAAN AABATHIL IRUKEN,1
uh koi mera peecha kar raha hai,1
hello how are you bro,0
hey yaaro ennai pin thodaranga,1
uh please help,1
naan aabathil iruken now,1
NAAN HAPPY AH IRUKEN,0
uh main theek hoon,0
POLICE KO BULAO,1
naan ok bro,0
uh good morning,0
chill bro,0
police ko bulao now,1
please madad karo now,1
UDHAVI PANNUNGA,1
udhavi pannunga!!!,1
call the police please,1
naan nalla iruken bro,0
main theek hoon!!!,0
main khatre mein hoon,1
hey help me,1
main college ja raha hoon please,0
i am in danger,1
sab theek hai please,0
i like music bro,0
mujhe dar lag raha hai please,1
hello how are you please,0
i am scared please,1
naan nalla iruken bro,0
naan happy ah iruken bro,0
madad karo,1
time enna!!!,0
NAAN PADIKKIREN,0
mujhe music pasand hai please,0
police ah koopdunga bro,1
naan ok bro now,0
enakku music pidikkum now,0
chill bro,0
naan ok bro,0
hey time kya hua hai,0
mujhe bachao!!!,1
uh emergency ah irukku,1
KOI MERA PEECHA KAR RAHA HAI,1
i am going to college bro,0
i am in danger,1
mujhe bachao!!!,1
police ko bulao,1
main theek hoon bro,0
MAIN PADHAI KAR RAHA HOON,0
what is the time please,0
EMERGENCY HAI,1
help venum now,1
time enna now,0
uh help me,1
i am going to college bro,0
naan aabathil iruken!!!,1
hey time kya hua hai,0
enna help pannunga now,1
sab theek hai now,0
i am studying now,0
main college ja raha hoon bro,0
bhai help karo now,1
mujhe help chahiye please,1
good morning,0
hello how are you please,0
hey mujhe music pasand hai,0
uh seekiram help pannunga,1
enna help pannunga bro,1
uh naan nalla iruken,0
madad karo now,1
main theek hoon,0
madad karo now,1
uh help venum,1
i am studying please,0
help karo now,1
hello how are you now,0
naan padikkiren,0
help karo bro,1
GOOD MORNING,0
main theek hoon bro,0
hey main fine hoon bro,0
police ah koopdunga please,1
ENAKKU BAYAMA IRUKKU,1
naan nalla iruken!!!,0
hey main khatre mein hoon,1
MUJHE BACHAO,1
hey mujhe dar lag raha hai,1
help venum bro,1
main padhai kar raha hoon now,0
main khatre mein hoon now,1
uh good morning,0
mujhe dar lag raha hai bro,1
naan padikkiren,0
NAAN COLLEGE POGIREN,0
i am in danger please,1
i am studying,0
hey seekiram help pannunga,1
time enna,0
mujhe bachao please,1
hello how are you please,0
main fine hoon bro bro,0
jaldi madad karo,1
i feel unsafe,1
mujhe bachao,1
MUJHE MUSIC PASAND HAI,0
mujhe music pasand hai!!!,0
help me now,1
hey what is the time,0
hey emergency ah irukku,1
yaaro ennai pin thodaranga bro,1
hey mujhe dar lag raha hai,1
call the police please,1
MUJHE BACHAO,1
uh good morning,0
hello how are you,0
uh naan college pogiren,0
time kya hua hai bro,0
i am in danger,1
mujhe dar lag raha hai please,1
time enna please,0
main padhai kar raha hoon!!!,0
POLICE AH KOOPDUNGA,1
i am studying bro,0
hello how are you now,0
mujhe music pasand hai!!!,0
please help now,1
naan nalla iruken bro,0
police ah koopdunga please,1
good morning!!!,0
main college ja raha hoon now,0
uh naan padikkiren,0
save me!!!,1
emergency hai now,1
main khatre mein hoon bro,1
hey help me,1
hey someone is following me,1
jaldi madad karo please,1
mujhe bachao now,1
i am in danger please,1
uh good morning,0
hey i am fine,0
please help please,1
main padhai kar raha hoon now,0
seekiram help pannunga please,1
what is the time now,0
madad karo please,1
help karo bro,1
please help now,1
i am studying please,0
call the police!!!,1
naan college pogiren,0
mujhe help chahiye now,1
please help,1
hey i like music,0
NAAN PADIKKIREN,0
mujhe bachao now,1
time enna,0
madad karo,1
mujhe music pasand hai please,0
uh police ko bulao,1
uh naan aabathil iruken,1
madad karo,1
koi mera peecha kar raha hai please,1
hey main khatre mein hoon,1
madad karo please,1
time enna please,0
hey madad karo,1
mujhe dar lag raha hai bro,1
time enna,0
i am studying!!!,0
hey madad karo,1
help me bro,1
good morning please,0
good morning!!!,0
naan aabathil iruken bro,1
uh naan college pogiren,0
MUJHE BACHAO,1
uh what is the time,0
TIME ENNA,0
seekiram help pannunga bro,1
hey time enna,0
uh main padhai kar raha hoon,0
i like music bro,0
what is the time!!!,0
uh i am going to college,0
naan nalla iruken now,0
SAVE ME,1
hey good morning,0
naan ok bro now,0
hey enakku music pidikkum,0
naan college pogiren please,0
please help bro,1
time kya hua hai,0
save me,1
i am scared please,1
mujhe music pasand hai!!!,0
uh hello how are you,0
hey enakku music pidikkum,0
police ko bulao bro,1
i am fine!!!,0
UDHAVI PANNUNGA,1
hey main padhai kar raha hoon,0
i am scared bro,1
emergency hai please,1
what is the time bro,0
emergency ah irukku,1
koi mera peecha kar raha hai please,1
uh save me,1
main padhai kar raha hoon now,0
call the police please,1
mujhe bachao bro,1
hey madad karo,1
uh naan padikkiren,0
save me please,1
uh seekiram help pannunga,1
hey main college ja raha hoon,0
udhavi pannunga!!!,1
hey hello how are you,0
help me,1
uh main college ja raha hoon,0
TIME KYA HUA HAI,0
yaaro ennai pin thodaranga!!!,1
seekiram help pannunga,1
naan padikkiren now,0
mujhe dar lag raha hai!!!,1
uh time enna,0
yaaro ennai pin thodaranga,1
hey good morning,0
i am in danger now,1
main khatre mein hoon!!!,1
uh emergency hai,1
NAAN PADIKKIREN,0
koi mera peecha kar raha hai bro,1
SAVE ME,1
naan college pogiren!!!,0
enakku bayama irukku,1
good morning now,0
SOMEONE IS FOLLOWING ME,1
yaaro ennai pin thodaranga,1
what is the time now,0
please help please,1
TIME ENNA,0
hey i am in danger,1
NAAN HAPPY AH IRUKEN,0
uh mujhe music pasand hai,0
uh naan happy ah iruken,0
EMERGENCY HAI,1
POLICE KO BULAO,1
help me bro,1
enakku bayama irukku!!!,1
MAIN PADHAI KAR RAHA HOON,0
someone is following me now,1
main college ja raha hoon bro,0
time kya hua hai,0
hey main college ja raha hoon,0
MUJHE MUSIC PASAND HAI,0
hey i am fine,0
i am fine!!!,0
i feel unsafe!!!,1
hello how are you,0
time kya hua hai bro,0
i feel unsafe now,1
i am going to college please,0
hey i like music,0
I AM IN DANGER,1
ennai kappathunga now,1
please help pannunga bro,1
i am fine,0
i am going to college!!!,0
i am studying,0
help venum now,1
enakku bayama irukku now,1
call the police!!!,1
TIME ENNA,0
hey time kya hua hai,0
KOI MERA PEECHA KAR RAHA HAI,1
POLICE AH KOOPDUNGA,1
mujhe music pasand hai now,0
enakku bayama irukku bro,1
i am going to college,0
MUJHE DAR LAG RAHA HAI,1
uh police ah koopdunga,1
yaaro ennai pin thodaranga,1
what is the time bro,0
emergency ah irukku bro,1
naan college pogiren,0
sab theek hai,0
I AM SCARED,1
emergency ah irukku now,1
mujhe dar lag raha hai now,1
call the police please,1
emergency ah irukku please,1
hey jaldi madad karo,1
uh main padhai kar raha hoon,0
naan aabathil iruken bro,1
naan aabathil iruken bro,1
uh i am fine,0
emergency hai,1
uh emergency ah irukku,1
EMERGENCY AH IRUKKU,1
uh naan college pogiren,0
naan aabathil iruken bro,1
udhavi pannunga please,1
i am fine,0
i like music!!!,0
hey please help,1
help venum now,1
mujhe dar lag raha hai now,1
main khatre mein hoon please,1
i am going to college!!!,0
HELLO HOW ARE YOU,0
main college ja raha hoon now,0
uh good morning,0
uh mujhe music pasand hai,0
yaaro ennai pin thodaranga bro,1
UDHAVI PANNUNGA,1
jaldi madad karo!!!,1
uh hello how are you,0
hey i feel unsafe,1
main theek hoon!!!,0
jaldi madad karo!!!,1
main padhai kar raha hoon now,0
naan padikkiren bro,0
mujhe bachao bro,1
CHILL BRO,0
naan college pogiren please,0
uh koi mera peecha kar raha hai,1
mujhe dar lag raha hai,1
enakku music pidikkum please,0
time enna,0
mujhe music pasand hai bro,0
hey enakku music pidikkum,0
seekiram help pannunga,1
naan nalla iruken bro,0
mujhe music pasand hai bro,0
sab theek hai please,0
jaldi madad karo!!!,1
hey good morning,0
i like music!!!,0
I AM GOING TO COLLEGE,0
hey main padhai kar raha hoon,0
time enna please,0
all good yaar now,0
uh seekiram help pannunga,1
udhavi pannunga,1
help me bro,1
time kya hua hai please,0
MUJHE DAR LAG RAHA HAI,1
police ah koopdunga!!!,1
naan nalla iruken now,0
hey madad karo,1
time kya hua hai please,0
uh help me,1
please help pannunga now,1
POLICE AH KOOPDUNGA,1
police ah koopdunga now,1
please help,1
TIME ENNA,0
hey time enna,0
uh please madad karo,1
enakku bayama irukku bro,1
NAAN PADIKKIREN,0
I FEEL UNSAFE,1
NAAN PADIKKIREN,0
uh i am fine,0
police ah koopdunga now,1
main khatre mein hoon!!!,1
good morning now,0
time enna bro,0
koi mera peecha kar raha hai!!!,1
i am going to college bro,0
emergency hai bro,1
hey i am fine,0
main fine hoon bro,0
MUJHE MUSIC PASAND HAI,0
ENNAI KAPPATHUNGA,1
uh i am in danger,1
i am fine now,0
good morning now,0
hey yaaro ennai pin thodaranga,1
enakku bayama irukku!!!,1
hey naan aabathil iruken,1
hello how are you bro,0
uh time kya hua hai,0
GOOD MORNING,0
police ah koopdunga!!!,1
main college ja raha hoon now,0
MUJHE MUSIC PASAND HAI,0
hey help me,1
emergency hai,1
i like music,0
what is the time!!!,0
seekiram help pannunga,1
hey what is the time,0
naan padikkiren please,0
chill bro,0
naan happy ah iruken now,0
naan college pogiren now,0
i am scared please,1
good morning please,0
hey emergency ah irukku,1
main college ja raha hoon,0
hey koi mera peecha kar raha hai,1
hey time kya hua hai,0
emergency hai!!!,1
EMERGENCY HAI,1
emergency hai!!!,1
uh help venum,1
i feel unsafe,1
police ah koopdunga bro,1
main theek hoon please,0
i am going to college,0
hey naan nalla iruken,0
I AM GOING TO COLLEGE,0
what is the time!!!,0
main college ja raha hoon!!!,0
HELP VENUM,1
i like music please,0
I LIKE MUSIC,0
save me,1
enakku bayama irukku,1
madad karo,1
seekiram help pannunga!!!,1
NAAN AABATHIL IRUKEN,1
what is the time now,0
enakku music pidikkum bro,0
hey mujhe music pasand hai,0
uh enna help pannunga,1
i like music!!!,0
koi mera peecha kar raha hai!!!,1
i am studying!!!,0
main college ja raha hoon bro,0
hey help karo,1
uh naan nalla iruken,0
hey mujhe music pasand hai,0
UDHAVI PANNUNGA,1
good morning now,0
i feel unsafe please,1
emergency hai,1
hey naan college pogiren,0
uh time kya hua hai,0
I AM STUDYING,0
i am scared bro,1
KOI MERA PEECHA KAR RAHA HAI,1
call the police now,1
NAAN COLLEGE POGIREN,0
call the police please,1
enakku bayama irukku bro,1
I LIKE MUSIC,0
hey mujhe music pasand hai,0
uh seekiram help pannunga,1
chill bro please,0
help karo now,1
uh help me,1
hello how are you!!!,0
time enna,0
CALL THE POLICE,1
CALL THE POLICE,1
madad karo bro,1
main khatre mein hoon now,1
main padhai kar raha hoon,0
good morning now,0
uh police ko bulao,1
ENNAI KAPPATHUNGA,1
i like music!!!,0
uh help venum,1
hey jaldi madad karo,1
enakku music pidikkum please,0
jaldi madad karo now,1
call the police bro,1
udhavi pannunga now,1
seekiram help pannunga bro,1
uh time kya hua hai,0
main theek hoon please,0
naan college pogiren now,0
MUJHE BACHAO,1
uh emergency ah irukku,1
good morning bro,0
uh udhavi pannunga,1
what is the time please,0
main theek hoon please,0
koi mera peecha kar raha hai now,1
emergency ah irukku!!!,1
time enna please,0
MAIN THEEK HOON,0
good morning please,0
i like music please,0
uh madad karo,1
mujhe bachao bro,1
naan aabathil iruken now,1
EMERGENCY AH IRUKKU,1
uh all good yaar,0
mujhe music pasand hai now,0
time kya hua hai!!!,0
MAIN PADHAI KAR RAHA HOON,0
uh jaldi madad karo,1
main fine hoon bro now,0
naan college pogiren now,0
save me please,1
i am scared now,1
UDHAVI PANNUNGA,1
what is the time!!!,0
uh what is the time,0
uh enakku bayama irukku,1
hey i am scared,1
i am in danger bro,1
main theek hoon,0
WHAT IS THE TIME,0
CALL THE POLICE,1
naan aabathil iruken bro,1
naan padikkiren please,0
ENAKKU MUSIC PIDIKKUM,0
chill bro!!!,0
emergency hai now,1
please help,1
uh mujhe bachao,1
naan college pogiren please,0
naan padikkiren!!!,0
please madad karo bro,1
police ko bulao bro,1
i am scared,1
uh i am in danger,1
MUJHE BACHAO,1
good morning,0
hey main college ja raha hoon,0
uh madad karo,1
mujhe music pasand hai,0
POLICE KO BULAO,1
hey jaldi madad karo,1
police ko bulao!!!,1
hey naan padikkiren,0
main padhai kar raha hoon please,0
uh sab theek hai,0
udhavi pannunga please,1
hey naan college pogiren,0
please madad karo,1
main fine hoon bro,0
i am fine!!!,0
main college ja raha hoon please,0
time enna,0
hello how are you now,0
call the police now,1
hey i am fine,0
hey main college ja raha hoon,0
i am fine!!!,0
PLEASE MADAD KARO,1
EMERGENCY HAI,1
i am in danger bro,1
hey i am going to college,0
main padhai kar raha hoon bro,0
hey all good yaar,0
hey all good yaar,0
enakku music pidikkum please,0
SAVE ME,1
main padhai kar raha hoon,0
hey naan padikkiren,0
time kya hua hai!!!,0
main theek hoon!!!,0
naan ok bro!!!,0
good morning,0
i am fine please,0
ENAKKU MUSIC PIDIKKUM,0
emergency ah irukku now,1
mujhe bachao,1
i am studying now,0
hey someone is following me,1
main college ja raha hoon!!!,0
I AM GOING TO COLLEGE,0
GOOD MORNING,0
seekiram help pannunga bro,1
enakku music pidikkum please,0
uh enakku music pidikkum,0
POLICE AH KOOPDUNGA,1
i am going to college!!!,0
koi mera peecha kar raha hai!!!,1
main khatre mein hoon,1
POLICE KO BULAO,1
main college ja raha hoon please,0
uh naan ok bro,0
naan happy ah iruken bro,0
seekiram help pannunga,1
hey emergency ah irukku,1
good morning!!!,0
SEEKIRAM HELP PANNUNGA,1
time enna!!!,0
sab theek hai,0
time enna,0
enakku music pidikkum now,0
seekiram help pannunga please,1
KOI MERA PEECHA KAR RAHA HAI,1
I AM SCARED,1
uh udhavi pannunga,1
MAIN THEEK HOON,0
uh koi mera peecha kar raha hai,1
uh naan college pogiren,0
emergency hai bro,1
i am studying please,0
hey i am fine,0
uh naan padikkiren,0
someone is following me now,1
i am going to college,0
madad karo,1
please madad karo now,1
time enna!!!,0
main college ja raha hoon now,0
HELLO HOW ARE YOU,0
seekiram help pannunga now,1
enakku bayama irukku please,1
help me please,1
mujhe music pasand hai please,0
hey hello how are you,0
uh call the police,1
ennai kappathunga now,1
hey main khatre mein hoon,1
good morning bro,0
enna help pannunga now,1
naan nalla iruken now,0
WHAT IS THE TIME,0
koi mera peecha kar raha hai please,1
hey jaldi madad karo,1
police ko bulao,1
uh call the police,1
enakku music pidikkum,0
good morning please,0
naan college pogiren,0
hello how are you please,0
hey help me,1
hey all good yaar,0
main college ja raha hoon bro,0
i am studying now,0
hey what is the time,0
time kya hua hai please,0
I AM STUDYING,0
mujhe music pasand hai now,0
naan college pogiren,0
i am in danger now,1
please help bro,1
madad karo!!!,1
uh i am studying,0
NAAN NALLA IRUKEN,0
i am going to college bro,0
naan aabathil iruken!!!,1
MUJHE DAR LAG RAHA HAI,1
I LIKE MUSIC,0
naan padikkiren bro,0
i am in danger bro,1
mujhe music pasand hai!!!,0
i am studying please,0
hey call the police,1
hey please help pannunga,1
main college ja raha hoon now,0
hey sab theek hai,0
MAIN THEEK HOON,0
time enna bro,0
WHAT IS THE TIME,0
i am in danger,1
i am studying now,0
sab theek hai please,0
hey mujhe dar lag raha hai,1
time kya hua hai!!!,0
uh please help,1
main khatre mein hoon now,1
i am studying now,0
good morning!!!,0
hello how are you!!!,0
uh i am studying,0
hello how are you,0
good morning now,0
HELP ME,1
what is the time bro,0
naan happy ah iruken please,0
hey i am going to college,0
uh i like music,0
hey main khatre mein hoon,1
hey i feel unsafe,1
i am fine please,0
time kya hua hai!!!,0
mujhe music pasand hai,0
mujhe music pasand hai now,0
i am going to college bro,0
main padhai kar raha hoon,0
jaldi madad karo!!!,1
uh naan college pogiren,0
hey jaldi madad karo,1
madad karo now,1
yaaro ennai pin thodaranga please,1
main padhai kar raha hoon!!!,0
what is the time,0
good morning!!!,0
save me please,1
uh main college ja raha hoon,0
uh naan college pogiren,0
WHAT IS THE TIME,0
uh time enna,0
naan happy ah iruken now,0
hey enakku bayama irukku,1
naan aabathil iruken now,1
udhavi pannunga,1
MAIN THEEK HOON,0
naan nalla iruken!!!,0
emergency hai bro,1
SOMEONE IS FOLLOWING ME,1
hey naan padikkiren,0
YAARO ENNAI PIN THODARANGA,1
UDHAVI PANNUNGA,1
hey madad karo,1
naan aabathil iruken now,1
someone is following me bro,1
i am in danger please,1
mujhe bachao,1
hey time kya hua hai,0
I FEEL UNSAFE,1
uh mujhe bachao,1
chill bro,0
uh time enna,0
naan nalla iruken now,0
HELP ME,1
main khatre mein hoon now,1
udhavi pannunga bro,1
SOMEONE IS FOLLOWING ME,1
enakku music pidikkum please,0
help me now,1
ennai kappathunga,1
yaaro ennai pin thodaranga,1
jaldi madad karo now,1
enakku music pidikkum now,0
i feel unsafe bro,1
NAAN AABATHIL IRUKEN,1
police ko bulao please,1
TIME ENNA,0
help karo now,1
I AM FINE,0
time enna now,0
time enna!!!,0
yaaro ennai pin thodaranga!!!,1
yaaro ennai pin thodaranga!!!,1
ennai kappathunga please,1
time enna now,0
hey i like music,0
HELP ME,1
naan happy ah iruken now,0
hey hello how are you,0
naan nalla iruken!!!,0
i am scared please,1
CHILL BRO,0
please help pannunga now,1
uh main khatre mein hoon,1
uh time kya hua hai,0
naan happy ah iruken!!!,0
good morning!!!,0
ennai kappathunga now,1
uh i am studying,0
good morning!!!,0
hey i am fine,0
main khatre mein hoon!!!,1
udhavi pannunga now,1
i feel unsafe!!!,1
enakku bayama irukku please,1
naan padikkiren bro,0
i like music,0
i like music now,0
uh i am fine,0
hey mujhe dar lag raha hai,1
hey jaldi madad karo,1
all good yaar bro,0
mujhe music pasand hai,0
hey help me,1
what is the time bro,0
i like music!!!,0
hey mujhe dar lag raha hai,1
ennai kappathunga please,1
PLEASE MADAD KARO,1
emergency hai please,1
call the police bro,1
ALL GOOD YAAR,0
police ah koopdunga please,1
hey hello how are you,0
hey udhavi pannunga,1
time enna!!!,0
hey naan nalla iruken,0
emergency ah irukku!!!,1
i am going to college!!!,0
please help pannunga,1
main theek hoon now,0
main fine hoon bro!!!,0
main theek hoon now,0
good morning!!!,0
help karo please,1
naan nalla iruken now,0
CALL THE POLICE,1
uh enakku music pidikkum,0
uh naan happy ah iruken,0
hey mujhe music pasand hai,0
CALL THE POLICE,1
i am studying,0
hey emergency hai,1
time enna!!!,0
enakku music pidikkum bro,0
main theek hoon!!!,0
uh koi mera peecha kar raha hai,1
naan padikkiren,0
uh good morning,0
NAAN COLLEGE POGIREN,0
good morning bro,0
EMERGENCY AH IRUKKU,1
seekiram help pannunga please,1
uh i feel unsafe,1
police ah koopdunga!!!,1
i am studying please,0
help venum bro,1
WHAT IS THE TIME,0
madad karo,1
what is the time bro,0
police ah koopdunga,1
I AM IN DANGER,1
uh save me,1
MAIN KHATRE MEIN HOON,1
udhavi pannunga!!!,1
hey i am fine,0
yaaro ennai pin thodaranga bro,1
TIME KYA HUA HAI,0
jaldi madad karo please,1
main college ja raha hoon now,0
NAAN NALLA IRUKEN,0
hey good morning,0
NAAN AABATHIL IRUKEN,1
what is the time please,0
police ko bulao bro,1
good morning now,0
naan padikkiren now,0
good morning now,0
call the police now,1
uh police ah koopdunga,1
koi mera peecha kar raha hai now,1
save me bro,1
main theek hoon,0
yaaro ennai pin thodaranga,1
main padhai kar raha hoon now,0
GOOD MORNING,0
police ah koopdunga!!!,1
NAAN OK BRO,0
good morning,0
i am fine!!!,0
naan nalla iruken please,0
main khatre mein hoon now,1
naan padikkiren!!!,0
enakku bayama irukku please,1
MAIN PADHAI KAR RAHA HOON,0
main padhai kar raha hoon!!!,0
uh police ah koopdunga,1
main khatre mein hoon!!!,1
mujhe music pasand hai now,0
jaldi madad karo now,1
UDHAVI PANNUNGA,1
someone is following me!!!,1
hey udhavi pannunga,1
hey what is the time,0
main theek hoon now,0
hey save me,1
i am fine!!!,0
MAIN PADHAI KAR RAHA HOON,0
uh hello how are you,0
what is the time,0
mujhe dar lag raha hai,1
good morning please,0
good morning now,0
madad karo!!!,1
police ko bulao!!!,1
hey i feel unsafe,1
mujhe music pasand hai now,0
jaldi madad karo please,1
mujhe dar lag raha hai bro,1
uh i am fine,0
police ah koopdunga please,1
PLEASE HELP,1
NAAN OK BRO,0
jaldi madad karo please,1
hey help me,1
i am studying please,0
someone is following me now,1
hey hello how are you,0
PLEASE HELP,1
udhavi pannunga now,1
ennai kappathunga bro,1
hey naan ok bro,0
good morning,0
hey chill bro,0
naan padikkiren!!!,0
chill bro,0
uh naan college pogiren,0
SAVE ME,1
uh police ko bulao,1
main theek hoon!!!,0
uh udhavi pannunga,1
uh main padhai kar raha hoon,0
hey main college ja raha hoon,0
i am scared please,1
ennai kappathunga now,1
main padhai kar raha hoon please,0
mujhe dar lag raha hai!!!,1
emergency ah irukku please,1
main khatre mein hoon,1
SOMEONE IS FOLLOWING ME,1
i am fine bro,0
YAARO ENNAI PIN THODARANGA,1
help venum,1
MUJHE DAR LAG RAHA HAI,1
mujhe music pasand hai,0
please help please,1
main college ja raha hoon,0
hello how are you bro,0
uh i like music,0
NAAN AABATHIL IRUKEN,1
good morning!!!,0
hey someone is following me,1
time enna,0
uh i am going to college,0
mujhe bachao please,1
hey good morning,0
i am in danger bro,1
mujhe dar lag raha hai!!!,1
madad karo please,1
uh time enna,0
uh call the police,1
hello how are you!!!,0
i feel unsafe now,1
i am going to college bro,0
mujhe music pasand hai!!!,0
I AM IN DANGER,1
enakku music pidikkum now,0
koi mera peecha kar raha hai now,1
main khatre mein hoon!!!,1
naan college pogiren bro,0
emergency ah irukku bro,1
naan college pogiren now,0
naan college pogiren please,0
yaaro ennai pin thodaranga please,1
sab theek hai bro,0
uh i am fine,0
uh ennai kappathunga,1
uh time kya hua hai,0
JALDI MADAD KARO,1
main college ja raha hoon bro,0
i like music,0
hey good morning,0
YAARO ENNAI PIN THODARANGA,1
mujhe music pasand hai,0
uh yaaro ennai pin thodaranga,1
all good yaar,0
MAIN PADHAI KAR RAHA HOON,0
main khatre mein hoon!!!,1
chill bro,0
time enna bro,0
i feel unsafe,1
bhai help karo now,1
police ko bulao now,1
sab theek hai,0
please help please,1
what is the time please,0
someone is following me,1
naan happy ah iruken!!!,0
please help!!!,1
yaaro ennai pin thodaranga bro,1
naan nalla iruken now,0
MAIN THEEK HOON,0
i am fine,0
hey i like music,0
uh main fine hoon bro,0
MADAD KARO,1
HELP ME,1
hey naan college pogiren,0
i am in danger bro,1
naan nalla iruken now,0
i am going to college please,0
HELP VENUM,1
main theek hoon!!!,0
i am studying!!!,0
koi mera peecha kar raha hai!!!,1
mujhe bachao!!!,1
time enna,0
naan padikkiren!!!,0
hey ennai kappathunga,1
naan aabathil iruken now,1
seekiram help pannunga please,1
uh what is the time,0
naan college pogiren please,0
enakku music pidikkum now,0
naan aabathil iruken please,1
hey main padhai kar raha hoon,0
i am fine!!!,0
hey help me,1
yaaro ennai pin thodaranga now,1
main theek hoon bro,0
koi mera peecha kar raha hai please,1
main college ja raha hoon please,0
good morning please,0
enakku bayama irukku bro,1
madad karo bro,1
uh enna help pannunga,1
enakku music pidikkum bro,0
i like music please,0
i am fine!!!,0
enakku bayama irukku!!!,1
uh someone is following me,1
hey ennai kappathunga,1
JALDI MADAD KARO,1
naan padikkiren bro,0
hey mujhe music pasand hai,0
naan padikkiren,0
hello how are you,0
emergency ah irukku bro,1
chill bro bro,0
time kya hua hai please,0
GOOD MORNING,0
naan padikkiren bro,0
MAIN KHATRE MEIN HOON,1
mujhe dar lag raha hai now,1
naan nalla iruken now,0
hey police ko bulao,1
main khatre mein hoon,1
MUJHE MUSIC PASAND HAI,0
uh naan padikkiren,0
enna help pannunga!!!,1
main khatre mein hoon,1
hey mujhe dar lag raha hai,1
uh main khatre mein hoon,1
uh time enna,0
uh mujhe music pasand hai,0
i am studying!!!,0
uh i am studying,0
koi mera peecha kar raha hai please,1
main padhai kar raha hoon,0
jaldi madad karo now,1
EMERGENCY AH IRUKKU,1
hey naan padikkiren,0
naan padikkiren bro,0
madad karo now,1
TIME ENNA,0
uh naan college pogiren,0
hey call the police,1
enakku bayama irukku,1
hello how are you,0
i am in danger bro,1
hey naan padikkiren,0
hey mujhe music pasand hai,0
koi mera peecha kar raha hai now,1
what is the time bro,0
main college ja raha hoon,0
main theek hoon bro,0
ennai kappathunga,1
naan nalla iruken,0
main theek hoon now,0
uh naan nalla iruken,0
uh naan college pogiren,0
I AM SCARED,1
uh naan college pogiren,0
hey naan padikkiren,0
hey i like music,0
uh i am fine,0
naan happy ah iruken!!!,0
emergency ah irukku please,1
mujhe music pasand hai bro,0
enakku music pidikkum please,0
mujhe bachao!!!,1
enakku bayama irukku please,1
main khatre mein hoon!!!,1
time enna please,0
call the police,1
i feel unsafe bro,1
i am going to college bro,0
NAAN NALLA IRUKEN,0
SEEKIRAM HELP PANNUNGA,1
enna help pannunga,1
MAIN FINE HOON BRO,0
good morning!!!,0
uh naan nalla iruken,0
uh i am fine,0
police ko bulao please,1
naan college pogiren now,0
naan college pogiren!!!,0
enakku bayama irukku please,1
all good yaar now,0
uh please madad karo,1
bhai help karo,1
uh i am going to college,0
naan padikkiren!!!,0
bhai help karo now,1
jaldi madad karo please,1
I AM FINE,0
i am fine!!!,0
enakku bayama irukku now,1
time enna please,0
seekiram help pannunga,1
I AM STUDYING,0
i like music now,0
what is the time now,0
main theek hoon now,0
mujhe bachao please,1
please help please,1
chill bro bro,0
hey udhavi pannunga,1
i am in danger now,1
ennai kappathunga now,1
main theek hoon please,0
mujhe music pasand hai,0
help me please,1
time enna!!!,0
hello how are you,0
uh mujhe music pasand hai,0
naan padikkiren bro,0
emergency hai bro,1
i am in danger!!!,1
save me,1
mujhe music pasand hai!!!,0
MUJHE BACHAO,1
hey good morning,0
hey yaaro ennai pin thodaranga,1
WHAT IS THE TIME,0
uh seekiram help pannunga,1
hey i am fine,0
mujhe music pasand hai now,0
MAIN THEEK HOON,0
good morning bro,0
uh police ah koopdunga,1
I AM GOING TO COLLEGE,0
i am studying please,0
please help,1
i like music bro,0
main khatre mein hoon!!!,1
call the police bro,1
help venum now,1
please help please,1
uh main khatre mein hoon,1
hey naan padikkiren,0
UDHAVI PANNUNGA,1
hello how are you please,0
MUJHE MUSIC PASAND HAI,0
udhavi pannunga bro,1
NAAN OK BRO,0
hey naan college pogiren,0
mujhe bachao bro,1
ENAKKU MUSIC PIDIKKUM,0
time kya hua hai now,0
naan college pogiren now,0
naan aabathil iruken bro,1
main khatre mein hoon,1
MUJHE MUSIC PASAND HAI,0
mujhe music pasand hai bro,0
koi mera peecha kar raha hai now,1
hey what is the time,0
udhavi pannunga!!!,1
good morning now,0
i like music,0
naan happy ah iruken bro,0
police ko bulao now,1
MUJHE MUSIC PASAND HAI,0
i am fine bro,0
I AM STUDYING,0
time kya hua hai please,0
hey seekiram help pannunga,1
hey time kya hua hai,0
main padhai kar raha hoon now,0
main theek hoon now,0
hey mujhe music pasand hai,0
naan aabathil iruken now,1
mujhe bachao!!!,1
main khatre mein hoon now,1
hey sab theek hai,0
main padhai kar raha hoon please,0
uh i am in danger,1
main theek hoon!!!,0
udhavi pannunga!!!,1
POLICE KO BULAO,1
i am in danger now,1
what is the time bro,0
uh all good yaar,0
hey i am in danger,1
seekiram help pannunga please,1
hey i feel unsafe,1
MUJHE BACHAO,1
help me please,1
call the police bro,1
i am going to college,0
yaaro ennai pin thodaranga!!!,1
please help pannunga please,1
call the police,1
emergency hai bro,1
uh naan padikkiren,0
hey what is the time,0
i like music please,0
i am studying please,0
hey koi mera peecha kar raha hai,1
emergency hai please,1
police ko bulao,1
call the police,1
i am going to college please,0
HELP KARO,1
hey all good yaar,0
mujhe help chahiye please,1
emergency ah irukku please,1
hey main khatre mein hoon,1
time enna,0
WHAT IS THE TIME,0
naan padikkiren bro,0
hey mujhe music pasand hai,0
hey police ah koopdunga,1
i am going to college now,0
hey naan aabathil iruken,1
naan college pogiren,0
GOOD MORNING,0
uh police ah koopdunga,1
i am in danger,1
enakku bayama irukku bro,1
time enna bro,0
all good yaar now,0
mujhe music pasand hai now,0
uh ennai kappathunga,1
naan nalla iruken,0
please madad karo,1
uh main college ja raha hoon,0
someone is following me!!!,1
i am scared now,1
mujhe bachao please,1
i am fine now,0
naan college pogiren please,0
hey naan padikkiren,0
naan happy ah iruken please,0
uh i like music,0
madad karo!!!,1
enna help pannunga now,1
main padhai kar raha hoon bro,0
i am in danger!!!,1
naan padikkiren please,0
I AM FINE,0
uh please help,1
hey police ah koopdunga,1
i am going to college now,0
mujhe music pasand hai!!!,0
enakku bayama irukku,1
sab theek hai bro,0
police ah koopdunga now,1
koi mera peecha kar raha hai please,1
koi mera peecha kar raha hai now,1
hey naan nalla iruken,0
uh ennai kappathunga,1
hey naan college pogiren,0
i am fine bro,0
hey what is the time,0
udhavi pannunga!!!,1
hey main theek hoon,0
enakku bayama irukku bro,1
ENAKKU BAYAMA IRUKKU,1
what is the time please,0
call the police bro,1
mujhe dar lag raha hai!!!,1
HELP KARO,1
naan nalla iruken bro,0
time enna now,0
i am studying please,0
emergency hai bro,1
uh save me,1
hey mujhe music pasand hai,0
uh naan aabathil iruken,1
time enna now,0
mujhe bachao!!!,1
good morning please,0
naan college pogiren,0
hey mujhe help chahiye,1
mujhe help chahiye!!!,1
i am scared!!!,1
time kya hua hai,0
main padhai kar raha hoon!!!,0
uh mujhe music pasand hai,0
jaldi madad karo!!!,1
i am studying,0
naan college pogiren now,0
what is the time,0
someone is following me bro,1
i like music bro,0
main khatre mein hoon bro,1
mujhe music pasand hai,0
i feel unsafe,1
UDHAVI PANNUNGA,1
i am studying,0
i am in danger bro,1
good morning!!!,0
uh naan nalla iruken,0
ennai kappathunga please,1
main theek hoon,0
main theek hoon please,0
naan nalla iruken please,0
MUJHE HELP CHAHIYE,1
uh ennai kappathunga,1
hey naan nalla iruken,0
ennai kappathunga!!!,1
emergency ah irukku,1
I AM GOING TO COLLEGE,0
hey udhavi pannunga,1
police ko bulao!!!,1
i am fine,0
GOOD MORNING,0
all good yaar please,0
police ah koopdunga now,1
main college ja raha hoon please,0
i feel unsafe now,1
hey call the police,1
good morning now,0
time kya hua hai please,0
police ko bulao now,1
time kya hua hai now,0
NAAN PADIKKIREN,0
MAIN FINE HOON BRO,0
HELLO HOW ARE YOU,0
chill bro,0
uh i am going to college,0
hey good morning,0
uh naan aabathil iruken,1
mujhe dar lag raha hai please,1
hey yaaro ennai pin thodaranga,1
what is the time bro,0
hey i am studying,0
hello how are you bro,0
hey naan aabathil iruken,1
udhavi pannunga please,1
hey emergency ah irukku,1
uh enakku bayama irukku,1
ENNAI KAPPATHUNGA,1
hey main college ja raha hoon,0
i am fine please,0
MAIN THEEK HOON,0
someone is following me,1
main theek hoon!!!,0
naan nalla iruken bro,0
police ah koopdunga!!!,1
GOOD MORNING,0
i am in danger,1
hey jaldi madad karo,1
sab theek hai please,0
ennai kappathunga please,1
i like music please,0
main padhai kar raha hoon now,0
uh i am going to college,0
hey naan happy ah iruken,0
main theek hoon bro,0
naan padikkiren now,0
i like music now,0
hey i feel unsafe,1
enakku music pidikkum bro,0
i like music now,0
uh seekiram help pannunga,1
ENAKKU MUSIC PIDIKKUM,0
uh ennai kappathunga,1
uh someone is following me,1
naan aabathil iruken,1
police ko bulao now,1
NAAN NALLA IRUKEN,0
udhavi pannunga bro,1
uh i feel unsafe,1
all good yaar!!!,0
emergency ah irukku bro,1
i am fine,0
hey naan padikkiren,0
call the police,1
main padhai kar raha hoon now,0
uh mujhe music pasand hai,0
hey main padhai kar raha hoon,0
enakku bayama irukku please,1
chill bro please,0
main college ja raha hoon,0
I AM FINE,0
emergency ah irukku please,1
i am fine bro,0
naan nalla iruken,0
i am scared please,1
hey jaldi madad karo,1
naan college pogiren bro,0
naan aabathil iruken please,1
hey emergency hai,1
mujhe music pasand hai,0
enakku music pidikkum now,0
uh hello how are you,0
ennai kappathunga bro,1
MAIN PADHAI KAR RAHA HOON,0
uh naan padikkiren,0
ALL GOOD YAAR,0
mujhe music pasand hai please,0
what is the time now,0
I FEEL UNSAFE,1
emergency hai bro,1
EMERGENCY AH IRUKKU,1
madad karo bro,1
i am in danger,1
hey main fine hoon bro,0
uh main padhai kar raha hoon,0
yaaro ennai pin thodaranga bro,1
i am studying now,0
seekiram help pannunga please,1
naan nalla iruken now,0
hey mujhe bachao,1
please help now,1
please help pannunga please,1
i am in danger!!!,1
mujhe music pasand hai now,0
madad karo now,1
hey naan padikkiren,0
call the police now,1
uh police ko bulao,1
hey main padhai kar raha hoon,0
enna help pannunga now,1
mujhe music pasand hai!!!,0
time kya hua hai,0
naan aabathil iruken!!!,1
main theek hoon now,0
hello how are you!!!,0
hey mujhe dar lag raha hai,1
uh koi mera peecha kar raha hai,1
time kya hua hai,0
hey naan aabathil iruken,1
uh naan aabathil iruken,1
naan college pogiren bro,0
uh main college ja raha hoon,0
JALDI MADAD KARO,1
hey naan college pogiren,0
hey jaldi madad karo,1
i am in danger now,1
SAVE ME,1
i am in danger please,1
main khatre mein hoon bro,1
koi mera peecha kar raha hai,1
main college ja raha hoon,0
police ah koopdunga bro,1
hey emergency ah irukku,1
naan aabathil iruken bro,1
madad karo bro,1
time kya hua hai now,0
save me bro,1
i am studying bro,0
i like music bro,0
hey enna help pannunga,1
what is the time bro,0
i feel unsafe now,1
koi mera peecha kar raha hai now,1
call the police please,1
hey udhavi pannunga,1
yaaro ennai pin thodaranga please,1
good morning please,0
uh time enna,0
hey i am going to college,0
what is the time now,0
i am scared,1
save me!!!,1
main theek hoon!!!,0
sab theek hai bro,0
naan padikkiren,0
hey i am going to college,0
what is the time now,0
main fine hoon bro,0
PLEASE HELP PANNUNGA,1
naan college pogiren now,0
uh i am studying,0
hello how are you!!!,0
naan padikkiren bro,0
udhavi pannunga please,1
uh mujhe bachao,1
what is the time please,0
good morning!!!,0
hey good morning,0
hey help me,1
main college ja raha hoon!!!,0
good morning please,0
uh good morning,0
SOMEONE IS FOLLOWING ME,1
hey hello how are you,0
MADAD KARO,1
MUJHE MUSIC PASAND HAI,0
naan ok bro please,0
mujhe dar lag raha hai now,1
PLEASE MADAD KARO,1
hey time enna,0
time enna now,0
hey help me,1
i like music now,0
uh seekiram help pannunga,1
yaaro ennai pin thodaranga,1
i like music!!!,0
uh help me,1
hey time enna,0
naan college pogiren now,0
i feel unsafe please,1
hey please help pannunga,1
enakku bayama irukku!!!,1
mujhe music pasand hai!!!,0
main padhai kar raha hoon now,0
i am going to college now,0
emergency hai please,1
seekiram help pannunga now,1
hey i am scared,1
hey main college ja raha hoon,0
uh what is the time,0
I LIKE MUSIC,0
time enna,0
uh main college ja raha hoon,0
main padhai kar raha hoon bro,0
hey please help,1
uh save me,1
help karo!!!,1
hey call the police,1
save me now,1
uh i am going to college,0
mujhe dar lag raha hai please,1
main theek hoon!!!,0
enakku bayama irukku bro,1
main theek hoon now,0
enakku bayama irukku!!!,1
mujhe help chahiye,1
I FEEL UNSAFE,1
sab theek hai please,0
MAIN COLLEGE JA RAHA HOON,0
SOMEONE IS FOLLOWING ME,1
hey koi mera peecha kar raha hai,1
uh jaldi madad karo,1
uh naan nalla iruken,0
enakku bayama irukku bro,1
UDHAVI PANNUNGA,1
hey emergency ah irukku,1
I AM FINE,0
hey time enna,0
naan nalla iruken bro,0
i am going to college now,0
someone is following me please,1
please help!!!,1
uh naan nalla iruken,0
bhai help karo please,1
enna help pannunga please,1
emergency hai!!!,1
uh i like music,0
WHAT IS THE TIME,0
main college ja raha hoon!!!,0
hello how are you,0
seekiram help pannunga please,1
naan happy ah iruken please,0
help venum,1
MAIN KHATRE MEIN HOON,1
hey help me,1
i am scared,1
help me now,1
save me now,1
jaldi madad karo!!!,1
hey mujhe help chahiye,1
time enna now,0
udhavi pannunga,1
uh help me,1
good morning,0
hey call the police,1
naan aabathil iruken,1
call the police please,1
seekiram help pannunga please,1
i am studying,0
UDHAVI PANNUNGA,1
i am scared!!!,1
main padhai kar raha hoon,0
hey mujhe bachao,1
i am fine now,0
main theek hoon now,0
naan aabathil iruken now,1
i like music bro,0
enakku music pidikkum,0
mujhe bachao,1
someone is following me!!!,1
naan nalla iruken now,0
hey all good yaar,0
hello how are you please,0
hey emergency ah irukku,1
enakku music pidikkum!!!,0
koi mera peecha kar raha hai,1
i am scared please,1
naan happy ah iruken now,0
MUJHE HELP CHAHIYE,1
naan aabathil iruken now,1
time kya hua hai now,0
main theek hoon,0
good morning now,0
GOOD MORNING,0
mujhe dar lag raha hai please,1
jaldi madad karo,1
NAAN COLLEGE POGIREN,0
NAAN NALLA IRUKEN,0
madad karo!!!,1
enakku music pidikkum,0
seekiram help pannunga,1
naan happy ah iruken bro,0
HELP ME,1
ennai kappathunga,1
hey enakku bayama irukku,1
enakku music pidikkum now,0
MAIN COLLEGE JA RAHA HOON,0
naan nalla iruken!!!,0
time enna!!!,0
main padhai kar raha hoon please,0
police ah koopdunga bro,1
uh time kya hua hai,0
good morning!!!,0
uh main khatre mein hoon,1
naan nalla iruken!!!,0
hey i am studying,0
i am studying bro,0
mujhe music pasand hai bro,0
NAAN COLLEGE POGIREN,0
enakku bayama irukku bro,1
enna help pannunga,1
HELP KARO,1
hey yaaro ennai pin thodaranga,1
hey i am going to college,0
I AM GOING TO COLLEGE,0
what is the time please,0
hey what is the time,0
madad karo!!!,1
time kya hua hai please,0
hey main padhai kar raha hoon,0
help karo,1
naan padikkiren bro,0
police ko bulao please,1
hey i am scared,1
i am going to college,0
i feel unsafe!!!,1
enakku bayama irukku please,1
uh emergency hai,1
help me!!!,1
seekiram help pannunga,1
good morning!!!,0
uh police ko bulao,1
mujhe bachao please,1
mujhe help chahiye,1
what is the time now,0
yaaro ennai pin thodaranga,1
main college ja raha hoon bro,0
hey madad karo,1
i feel unsafe!!!,1
help me!!!,1
police ko bulao please,1
i am in danger now,1
yaaro ennai pin thodaranga!!!,1
emergency hai now,1
hello how are you please,0
GOOD MORNING,0
naan nalla iruken please,0
uh naan nalla iruken,0
what is the time!!!,0
madad karo now,1
uh main college ja raha hoon,0
seekiram help pannunga bro,1
call the police!!!,1
hey naan nalla iruken,0
hey police ah koopdunga,1
I AM STUDYING,0
hey bhai help karo,1
yaaro ennai pin thodaranga now,1
hey naan happy ah iruken,0
police ko bulao bro,1
mujhe music pasand hai bro,0
uh mujhe bachao,1
naan padikkiren,0
uh naan happy ah iruken,0
i am fine,0
hey please help,1
sab theek hai please,0
what is the time!!!,0
good morning now,0
emergency ah irukku,1
jaldi madad karo!!!,1
time kya hua hai!!!,0
i am in danger bro,1
hey please madad karo,1
NAAN PADIKKIREN,0
naan college pogiren,0
naan nalla iruken,0
help venum,1
naan padikkiren,0
ENNA HELP PANNUNGA,1
i am in danger bro,1
mujhe music pasand hai please,0
emergency hai,1
I AM FINE,0
enakku music pidikkum,0
uh good morning,0
hey i feel unsafe,1
naan happy ah iruken now,0
main khatre mein hoon now,1
please help!!!,1
MAIN COLLEGE JA RAHA HOON,0
hey someone is following me,1
hey enna help pannunga,1
main padhai kar raha hoon please,0
i am studying please,0
mujhe dar lag raha hai now,1
mujhe bachao now,1
mujhe music pasand hai please,0
emergency hai bro,1
good morning please,0
naan happy ah iruken bro,0
i am going to college please,0
i feel unsafe,1
enakku bayama irukku please,1
uh udhavi pannunga,1
ENAKKU BAYAMA IRUKKU,1
i like music please,0
hey koi mera peecha kar raha hai,1
ENNA HELP PANNUNGA,1
madad karo bro,1
i am studying,0
enakku music pidikkum,0
good morning!!!,0
mujhe music pasand hai please,0
save me,1
mujhe help chahiye,1
i am fine!!!,0
MUJHE MUSIC PASAND HAI,0
KOI MERA PEECHA KAR RAHA HAI,1
hey police ah koopdunga,1
SOMEONE IS FOLLOWING ME,1
sab theek hai,0
i am going to college please,0
hey what is the time,0
MAIN PADHAI KAR RAHA HOON,0
I AM SCARED,1
hey koi mera peecha kar raha hai,1
enna help pannunga,1
naan college pogiren!!!,0
i am studying,0
mujhe music pasand hai!!!,0
i am going to college now,0
good morning!!!,0
all good yaar now,0
main padhai kar raha hoon!!!,0
EMERGENCY AH IRUKKU,1
yaaro ennai pin thodaranga,1
naan college pogiren now,0
hey call the police,1
JALDI MADAD KARO,1
main padhai kar raha hoon!!!,0
naan college pogiren,0
mujhe music pasand hai!!!,0
uh save me,1
help venum now,1
mujhe music pasand hai,0
call the police please,1
emergency ah irukku please,1
police ah koopdunga bro,1
someone is following me now,1
ENNAI KAPPATHUNGA,1
i am scared please,1
seekiram help pannunga,1
main padhai kar raha hoon please,0
hey seekiram help pannunga,1
chill bro now,0
hey please help,1
hey madad karo,1
mujhe dar lag raha hai,1
madad karo,1
enakku music pidikkum,0
good morning bro,0
hey i am in danger,1
what is the time please,0
please help bro,1
what is the time,0
PLEASE HELP PANNUNGA,1
good morning now,0
mujhe music pasand hai bro,0
main khatre mein hoon!!!,1
jaldi madad karo please,1
hey mujhe dar lag raha hai,1
what is the time!!!,0
seekiram help pannunga please,1
emergency ah irukku please,1
hey main khatre mein hoon,1
mujhe music pasand hai,0
time kya hua hai please,0
hey naan aabathil iruken,1
good morning bro,0
uh someone is following me,1
good morning!!!,0
mujhe music pasand hai bro,0
save me!!!,1
police ko bulao please,1
help venum,1
uh naan college pogiren,0
uh i am studying,0
uh good morning,0
naan happy ah iruken please,0
hey police ko bulao,1
mujhe music pasand hai now,0
uh mujhe bachao,1
i like music!!!,0
uh time enna,0
i am going to college bro,0
hello how are you,0
main fine hoon bro bro,0
main khatre mein hoon,1
hello how are you now,0
police ah koopdunga!!!,1
please help pannunga,1
jaldi madad karo bro,1
hey good morning,0
uh hello how are you,0
udhavi pannunga please,1
i am scared bro,1
mujhe music pasand hai bro,0
main college ja raha hoon!!!,0
time enna bro,0
ENAKKU MUSIC PIDIKKUM,0
madad karo please,1
time kya hua hai!!!,0
naan happy ah iruken bro,0
what is the time!!!,0
emergency ah irukku,1
hey sab theek hai,0
hey main padhai kar raha hoon,0
uh ennai kappathunga,1
hey i am going to college,0
please help,1
uh i am studying,0
uh ennai kappathunga,1
mujhe help chahiye,1
main padhai kar raha hoon!!!,0
emergency ah irukku please,1
good morning please,0
SOMEONE IS FOLLOWING ME,1
help venum,1
police ah koopdunga please,1
police ah koopdunga,1
MAIN PADHAI KAR RAHA HOON,0
i am going to college please,0
uh call the police,1
call the police,1
uh naan ok bro,0
bhai help karo bro,1
all good yaar now,0
hey what is the time,0
what is the time,0
udhavi pannunga please,1
time kya hua hai please,0
i am studying bro,0
udhavi pannunga please,1
CALL THE POLICE,1
time kya hua hai!!!,0
uh good morning,0
uh enakku bayama irukku,1
hey what is the time,0
good morning now,0
police ko bulao!!!,1
HELP ME,1
what is the time please,0
hey naan college pogiren,0
naan aabathil iruken now,1
good morning,0
NAAN NALLA IRUKEN,0
NAAN PADIKKIREN,0
hey main padhai kar raha hoon,0
enakku music pidikkum now,0
hey time kya hua hai,0
yaaro ennai pin thodaranga!!!,1
yaaro ennai pin thodaranga,1
i am in danger please,1
help me bro,1
uh sab theek hai,0
police ah koopdunga now,1
please help pannunga please,1
mujhe dar lag raha hai please,1
mujhe music pasand hai,0
police ah koopdunga please,1
uh hello how are you,0
I AM IN DANGER,1
uh police ah koopdunga,1
uh someone is following me,1
save me now,1
i like music!!!,0
main padhai kar raha hoon please,0
main college ja raha hoon!!!,0
I AM GOING TO COLLEGE,0
i am scared!!!,1
emergency ah irukku please,1
hello how are you please,0
police ah koopdunga please,1
i am studying,0
hey emergency hai,1
enakku music pidikkum,0
police ko bulao please,1
emergency hai now,1
hey call the police,1
i am scared now,1
someone is following me bro,1
i am going to college bro,0
i am fine!!!,0
main padhai kar raha hoon please,0
i am going to college now,0
naan nalla iruken,0
uh main college ja raha hoon,0
please help pannunga bro,1
POLICE AH KOOPDUNGA,1
uh police ko bulao,1
emergency hai bro,1
MAIN COLLEGE JA RAHA HOON,0
mujhe bachao bro,1
PLEASE HELP,1
i am in danger,1
bhai help karo please,1
uh main college ja raha hoon,0
mujhe music pasand hai,0
seekiram help pannunga please,1
hey sab theek hai,0
what is the time,0
udhavi pannunga bro,1
main khatre mein hoon,1
mujhe dar lag raha hai now,1
time kya hua hai,0
uh mujhe help chahiye,1
naan happy ah iruken!!!,0
enakku music pidikkum now,0
sab theek hai!!!,0
police ko bulao now,1
i am studying please,0
mujhe bachao!!!,1
time kya hua hai!!!,0
help me bro,1
help me please,1
main khatre mein hoon bro,1
uh please help,1
main fine hoon bro bro,0
good morning!!!,0
what is the time!!!,0
hey help venum,1
madad karo bro,1
hey enakku bayama irukku,1
please madad karo!!!,1
main padhai kar raha hoon please,0
i am going to college,0
i am studying!!!,0
hey police ah koopdunga,1
emergency ah irukku please,1
enna help pannunga bro,1
naan college pogiren now,0
hey main khatre mein hoon,1
sab theek hai please,0
chill bro bro,0
hey emergency hai,1
hey help me,1
ENNAI KAPPATHUNGA,1
main college ja raha hoon please,0
i am scared!!!,1
hey mujhe dar lag raha hai,1
hey good morning,0
hey madad karo,1
enna help pannunga now,1
good morning!!!,0
main college ja raha hoon!!!,0
koi mera peecha kar raha hai,1
naan nalla iruken,0
mujhe music pasand hai bro,0
udhavi pannunga now,1
ennai kappathunga bro,1
HELLO HOW ARE YOU,0
good morning!!!,0
hey koi mera peecha kar raha hai,1
seekiram help pannunga!!!,1
uh mujhe help chahiye,1
i am fine!!!,0
emergency hai now,1
what is the time,0
TIME KYA HUA HAI,0
hey mujhe music pasand hai,0
koi mera peecha kar raha hai bro,1
hey mujhe bachao,1
naan college pogiren please,0
uh naan nalla iruken,0
uh i feel unsafe,1
naan aabathil iruken bro,1
hey chill bro,0
police ko bulao,1
uh main fine hoon bro,0
main theek hoon bro,0
time enna bro,0
uh koi mera peecha kar raha hai,1
emergency hai please,1
NAAN NALLA IRUKEN,0
enakku bayama irukku now,1
seekiram help pannunga bro,1
hey emergency hai,1
save me now,1
seekiram help pannunga now,1
enakku bayama irukku!!!,1
chill bro please,0
someone is following me bro,1
all good yaar bro,0
hello how are you bro,0
police ah koopdunga now,1
emergency hai please,1
someone is following me please,1
emergency hai,1
emergency ah irukku,1
hey help venum,1
i am studying!!!,0
hey good morning,0
i am fine,0
uh i am fine,0
main padhai kar raha hoon!!!,0
someone is following me!!!,1
uh enakku bayama irukku,1
hey naan nalla iruken,0
NAAN PADIKKIREN,0
MAIN FINE HOON BRO,0
save me now,1
chill bro,0
MAIN COLLEGE JA RAHA HOON,0
main college ja raha hoon now,0
naan aabathil iruken please,1
someone is following me now,1
hey naan happy ah iruken,0
help me please,1
TIME ENNA,0
police ah koopdunga!!!,1
hey please help,1
uh enakku bayama irukku,1
police ah koopdunga bro,1
main padhai kar raha hoon please,0
naan padikkiren,0
TIME ENNA,0
hey i like music,0
chill bro!!!,0
emergency ah irukku,1
UDHAVI PANNUNGA,1
i am in danger bro,1
please help please,1
uh i am going to college,0
YAARO ENNAI PIN THODARANGA,1
uh enakku bayama irukku,1
mujhe dar lag raha hai bro,1
good morning now,0
time kya hua hai!!!,0
hey main theek hoon,0
mujhe bachao bro,1
naan nalla iruken bro,0
i am going to college now,0
good morning now,0
i am going to college now,0
time enna!!!,0
time enna,0
hey i like music,0
uh sab theek hai,0
good morning bro,0
i am scared,1
uh enakku music pidikkum,0
sab theek hai,0
naan happy ah iruken,0
sab theek hai please,0
hey main college ja raha hoon,0
what is the time,0
i am going to college!!!,0
hello how are you,0
i like music bro,0
i am going to college,0
hey enakku music pidikkum,0
i am in danger please,1
POLICE AH KOOPDUNGA,1
hey i am scared,1
mujhe bachao bro,1
emergency ah irukku bro,1
hey main college ja raha hoon,0
time enna bro,0
enakku music pidikkum bro,0
yaaro ennai pin thodaranga now,1
naan aabathil iruken!!!,1
i am fine now,0
naan nalla iruken now,0
good morning bro,0
emergency hai now,1
main college ja raha hoon!!!,0
help karo now,1
hey police ko bulao,1
police ah koopdunga please,1
please help,1
main college ja raha hoon please,0
hey naan aabathil iruken,1
jaldi madad karo!!!,1
hey police ah koopdunga,1
help me!!!,1
mujhe music pasand hai now,0
ENAKKU MUSIC PIDIKKUM,0
SAVE ME,1
time kya hua hai now,0
I FEEL UNSAFE,1
hey what is the time,0
good morning now,0
naan padikkiren!!!,0
hey i am studying,0
uh i am fine,0
I AM SCARED,1
save me!!!,1
SAVE ME,1
main college ja raha hoon please,0
mujhe dar lag raha hai,1
naan nalla iruken now,0
uh call the police,1
jaldi madad karo,1
JALDI MADAD KARO,1
help me bro,1
hey time enna,0
mujhe dar lag raha hai,1
uh i am in danger,1
PLEASE HELP,1
naan college pogiren now,0
enna help pannunga bro,1
NAAN HAPPY AH IRUKEN,0
naan padikkiren!!!,0
mujhe bachao please,1
i feel unsafe now,1
what is the time,0
naan nalla iruken,0
uh good morning,0
i am scared!!!,1
uh hello how are you,0
uh main fine hoon bro,0
naan aabathil iruken bro,1
naan nalla iruken!!!,0
good morning now,0
emergency hai please,1
police ko bulao please,1
uh madad karo,1
main college ja raha hoon bro,0
mujhe music pasand hai,0
I AM GOING TO COLLEGE,0
SEEKIRAM HELP PANNUNGA,1
hey good morning,0
main padhai kar raha hoon,0
i am going to college bro,0
main theek hoon,0
i feel unsafe,1
uh ennai kappathunga,1
mujhe help chahiye,1
hey main college ja raha hoon,0
i am going to college!!!,0
I AM FINE,0
hey hello how are you,0
i am scared,1
koi mera peecha kar raha hai please,1
uh i like music,0
hey emergency hai,1
mujhe dar lag raha hai!!!,1
police ko bulao bro,1
hello how are you now,0
HELP VENUM,1
call the police,1
HELP VENUM,1
yaaro ennai pin thodaranga!!!,1
enna help pannunga now,1
uh naan college pogiren,0
help me bro,1
time kya hua hai now,0
yaaro ennai pin thodaranga now,1
hey all good yaar,0
hey enakku music pidikkum,0
naan college pogiren,0
mujhe dar lag raha hai now,1
i am studying bro,0
emergency ah irukku bro,1
mujhe music pasand hai bro,0
uh main padhai kar raha hoon,0
mujhe bachao please,1
sab theek hai!!!,0
help me now,1
hey udhavi pannunga,1
uh naan nalla iruken,0
main padhai kar raha hoon,0
ENAKKU MUSIC PIDIKKUM,0
i am going to college please,0
madad karo,1
uh sab theek hai,0
time kya hua hai please,0
udhavi pannunga now,1
i am going to college now,0
I AM GOING TO COLLEGE,0
naan aabathil iruken,1
uh good morning,0
all good yaar bro,0
CHILL BRO,0
naan happy ah iruken bro,0
call the police,1
enakku bayama irukku now,1
enakku bayama irukku,1
MUJHE BACHAO,1
enakku bayama irukku,1
naan college pogiren bro,0
jaldi madad karo please,1
ennai kappathunga bro,1
i like music!!!,0
NAAN AABATHIL IRUKEN,1
hey jaldi madad karo,1
good morning!!!,0
POLICE AH KOOPDUNGA,1
mujhe dar lag raha hai please,1
hey help karo,1
main college ja raha hoon now,0
hey main padhai kar raha hoon,0
uh good morning,0
emergency ah irukku now,1
main fine hoon bro now,0
naan nalla iruken!!!,0
call the police please,1
hello how are you bro,0
MUJHE BACHAO,1
time kya hua hai please,0
enna help pannunga!!!,1
time enna now,0
enakku music pidikkum now,0
uh jaldi madad karo,1
time enna bro,0
i am studying bro,0
i am going to college bro,0
time kya hua hai now,0
MUJHE MUSIC PASAND HAI,0
uh all good yaar,0
uh main khatre mein hoon,1
yaaro ennai pin thodaranga!!!,1
i am going to college!!!,0
hey what is the time,0
hey main padhai kar raha hoon,0
ENAKKU BAYAMA IRUKKU,1
uh jaldi madad karo,1
main fine hoon bro!!!,0
please help,1
GOOD MORNING,0
uh emergency hai,1
good morning now,0
main theek hoon,0
help me bro,1
help karo please,1
hey udhavi pannunga,1
i am in danger bro,1
HELLO HOW ARE YOU,0
hey main theek hoon,0
i feel unsafe bro,1
main college ja raha hoon bro,0
main theek hoon please,0
yaaro ennai pin thodaranga please,1
naan nalla iruken please,0
naan padikkiren please,0
main college ja raha hoon bro,0
ennai kappathunga bro,1
yaaro ennai pin thodaranga,1
good morning bro,0
mujhe dar lag raha hai bro,1
help me now,1
help me bro,1
hey please help,1
someone is following me please,1
hey please help,1
naan padikkiren now,0
call the police please,1
naan aabathil iruken bro,1
hey save me,1
time kya hua hai!!!,0
mujhe help chahiye,1
MADAD KARO,1
CALL THE POLICE,1
main khatre mein hoon,1
MAIN PADHAI KAR RAHA HOON,0
emergency hai bro,1
i am fine!!!,0
i am going to college now,0
I AM SCARED,1
emergency ah irukku!!!,1
naan padikkiren now,0
uh please help,1
naan nalla iruken,0
uh call the police,1
uh main padhai kar raha hoon,0
ENAKKU BAYAMA IRUKKU,1
uh i am going to college,0
mujhe bachao please,1
ennai kappathunga now,1
i like music,0
main khatre mein hoon please,1
uh call the police,1
i am fine please,0
TIME ENNA,0
please help pannunga please,1
jaldi madad karo,1
someone is following me please,1
UDHAVI PANNUNGA,1
good morning now,0
uh police ah koopdunga,1
uh seekiram help pannunga,1
mujhe dar lag raha hai please,1
KOI MERA PEECHA KAR RAHA HAI,1
hey help me,1
please help,1
mujhe bachao,1
uh mujhe music pasand hai,0
please help please,1
good morning now,0
someone is following me,1
seekiram help pannunga now,1
call the police!!!,1
save me now,1
naan ok bro now,0
chill bro bro,0
main padhai kar raha hoon now,0
good morning,0
I AM SCARED,1
mujhe bachao please,1
MAIN KHATRE MEIN HOON,1
naan ok bro bro,0
mujhe bachao!!!,1
i feel unsafe!!!,1
I AM SCARED,1
uh yaaro ennai pin thodaranga,1
main khatre mein hoon!!!,1
naan nalla iruken now,0
mujhe bachao!!!,1
hey mujhe bachao,1
what is the time bro,0
hey emergency ah irukku,1
uh call the police,1
madad karo bro,1
i am in danger now,1
main khatre mein hoon!!!,1
time kya hua hai now,0
uh ennai kappathunga,1
police ko bulao bro,1
hey enakku music pidikkum,0
hey mujhe bachao,1
uh madad karo,1
uh naan happy ah iruken,0
hey emergency hai,1
udhavi pannunga,1
jaldi madad karo please,1
main college ja raha hoon now,0
udhavi pannunga,1
yaaro ennai pin thodaranga please,1
hey emergency ah irukku,1
madad karo!!!,1
mujhe bachao bro,1
main fine hoon bro please,0
enakku bayama irukku now,1
MAIN COLLEGE JA RAHA HOON,0
hey what is the time,0
i am fine please,0
enakku music pidikkum now,0
time kya hua hai please,0
SAB THEEK HAI,0
good morning now,0
what is the time!!!,0
naan happy ah iruken please,0
mujhe help chahiye please,1
please help now,1
main college ja raha hoon,0
enakku bayama irukku please,1
yaaro ennai pin thodaranga please,1
hey main fine hoon bro,0
HELP ME,1
uh koi mera peecha kar raha hai,1
emergency ah irukku bro,1
hey main college ja raha hoon,0
GOOD MORNING,0
uh madad karo,1
GOOD MORNING,0
I AM IN DANGER,1
i am in danger now,1
enakku bayama irukku please,1
i am going to college,0
save me bro,1
mujhe music pasand hai,0
mujhe bachao!!!,1
MAIN PADHAI KAR RAHA HOON,0
i am studying bro,0
uh emergency ah irukku,1
uh main college ja raha hoon,0
UDHAVI PANNUNGA,1
hey ennai kappathunga,1
naan ok bro,0
hey hello how are you,0
hey jaldi madad karo,1
sab theek hai!!!,0
mujhe music pasand hai!!!,0
seekiram help pannunga!!!,1
uh enakku music pidikkum,0
hey i like music,0
hey good morning,0
good morning bro,0
uh naan padikkiren,0
bhai help karo bro,1
uh i am fine,0
hey udhavi pannunga,1
hey i am studying,0
main fine hoon bro bro,0
seekiram help pannunga now,1
i am scared!!!,1
naan padikkiren bro,0
hey main theek hoon,0
uh police ah koopdunga,1
ENNAI KAPPATHUNGA,1
i am fine bro,0
all good yaar bro,0
police ko bulao now,1
please help please,1
hello how are you,0
I AM GOING TO COLLEGE,0
uh main padhai kar raha hoon,0
uh naan aabathil iruken,1
naan college pogiren now,0
hey jaldi madad karo,1
ALL GOOD YAAR,0
hello how are you please,0
help me!!!,1
hey enakku bayama irukku,1
ennai kappathunga please,1
uh emergency hai,1
good morning!!!,0
main theek hoon now,0
mujhe bachao,1
hey save me,1
naan aabathil iruken now,1
hey help me,1
emergency hai now,1
uh i am scared,1
WHAT IS THE TIME,0
time enna,0
hey i am in danger,1
police ah koopdunga please,1
naan nalla iruken!!!,0
main padhai kar raha hoon now,0
hello how are you!!!,0
save me,1
ENAKKU BAYAMA IRUKKU,1
seekiram help pannunga bro,1
enakku music pidikkum!!!,0
all good yaar,0
i am fine please,0
hey i am studying,0
naan ok bro now,0
mujhe music pasand hai,0
naan college pogiren now,0
uh help me,1
i am going to college!!!,0
please madad karo!!!,1
uh naan padikkiren,0
uh i feel unsafe,1
enakku bayama irukku now,1
ENAKKU MUSIC PIDIKKUM,0
i am fine please,0
uh main padhai kar raha hoon,0
hello how are you please,0
i am fine,0
uh police ko bulao,1
jaldi madad karo!!!,1
please help!!!,1
WHAT IS THE TIME,0
uh main college ja raha hoon,0
chill bro,0
someone is following me!!!,1
i like music please,0
madad karo!!!,1
uh enakku bayama irukku,1
udhavi pannunga now,1
hey good morning,0
naan aabathil iruken now,1
main college ja raha hoon please,0
udhavi pannunga please,1
main padhai kar raha hoon bro,0
naan padikkiren bro,0
uh naan nalla iruken,0
I AM IN DANGER,1
i am scared now,1
naan padikkiren bro,0
MUJHE DAR LAG RAHA HAI,1
sab theek hai bro,0
time kya hua hai bro,0
hey naan nalla iruken,0
i am going to college!!!,0
NAAN COLLEGE POGIREN,0
uh call the police,1
I FEEL UNSAFE,1
what is the time,0
uh seekiram help pannunga,1
koi mera peecha kar raha hai!!!,1
MAIN KHATRE MEIN HOON,1
TIME ENNA,0
all good yaar bro,0
naan ok bro now,0
seekiram help pannunga now,1
i am fine,0
i like music please,0
EMERGENCY AH IRUKKU,1
hey i am studying,0
please help now,1
hey seekiram help pannunga,1
main theek hoon,0
mujhe music pasand hai please,0
uh i am scared,1
uh hello how are you,0
I AM IN DANGER,1
i am going to college bro,0
NAAN AABATHIL IRUKEN,1
i feel unsafe now,1
main khatre mein hoon now,1
please help now,1
uh help me,1
hey i am fine,0
naan nalla iruken now,0
hey seekiram help pannunga,1
main padhai kar raha hoon now,0
HELP ME,1
hey emergency hai,1
hey main college ja raha hoon,0
naan nalla iruken bro,0
MAIN COLLEGE JA RAHA HOON,0
enakku music pidikkum now,0
i am in danger bro,1
mujhe music pasand hai,0
i am going to college now,0
help me bro,1
mujhe dar lag raha hai please,1
police ko bulao bro,1
enakku music pidikkum,0
ALL GOOD YAAR,0
main padhai kar raha hoon please,0
MADAD KARO,1
i like music,0
good morning!!!,0
hey enakku bayama irukku,1
hey what is the time,0
udhavi pannunga bro,1
time enna!!!,0
enakku music pidikkum,0
udhavi pannunga!!!,1
emergency ah irukku please,1
uh emergency hai,1
hey what is the time,0
good morning bro,0
seekiram help pannunga,1
udhavi pannunga bro,1
i am going to college please,0
GOOD MORNING,0
enakku bayama irukku now,1
main college ja raha hoon bro,0
uh main padhai kar raha hoon,0
naan nalla iruken please,0
hey i feel unsafe,1
uh mujhe dar lag raha hai,1
i am studying please,0
mujhe music pasand hai bro,0
hey help me,1
main theek hoon now,0
hey i am studying,0
time enna bro,0
hey i feel unsafe,1
koi mera peecha kar raha hai!!!,1
uh good morning,0
main padhai kar raha hoon please,0
save me please,1
JALDI MADAD KARO,1
i like music bro,0
save me!!!,1
seekiram help pannunga please,1
main khatre mein hoon please,1
i am scared please,1
help me please,1
good morning bro,0
UDHAVI PANNUNGA,1
uh good morning,0
hey emergency ah irukku,1
ennai kappathunga please,1
hey emergency ah irukku,1
mujhe music pasand hai!!!,0
enakku bayama irukku please,1
call the police bro,1
main padhai kar raha hoon now,0
i am in danger now,1
GOOD MORNING,0
jaldi madad karo,1
ennai kappathunga,1
hey enakku bayama irukku,1
ennai kappathunga bro,1
uh mujhe bachao,1
main theek hoon now,0
all good yaar please,0
madad karo bro,1
mujhe bachao!!!,1
hey main padhai kar raha hoon,0
save me,1
koi mera peecha kar raha hai now,1
hey main khatre mein hoon,1
emergency ah irukku now,1
uh mujhe dar lag raha hai,1
enakku bayama irukku,1
I AM STUDYING,0
I AM SCARED,1
ENAKKU BAYAMA IRUKKU,1
uh i like music,0
main theek hoon please,0
I FEEL UNSAFE,1
enakku music pidikkum now,0
naan padikkiren bro,0
POLICE AH KOOPDUNGA,1
i am studying bro,0
help karo,1
hey what is the time,0
hey naan happy ah iruken,0
please madad karo please,1
hey good morning,0
naan padikkiren bro,0
NAAN AABATHIL IRUKEN,1
i am scared,1
i am fine please,0
jaldi madad karo,1
what is the time bro,0
i am going to college bro,0
main theek hoon!!!,0
koi mera peecha kar raha hai!!!,1
hey i am in danger,1
main college ja raha hoon,0
naan aabathil iruken!!!,1
emergency hai please,1
madad karo now,1
naan nalla iruken,0
emergency hai please,1
naan aabathil iruken,1
i am studying,0
uh main theek hoon,0
hey please help,1
save me now,1
emergency ah irukku!!!,1
uh time enna,0
uh please help,1
I AM FINE,0
i am fine now,0
seekiram help pannunga bro,1
mujhe music pasand hai now,0
uh bhai help karo,1
please help bro,1
uh main theek hoon,0
i am in danger!!!,1
hey help karo,1
uh help me,1
enna help pannunga please,1
i am studying now,0
udhavi pannunga now,1
uh enna help pannunga,1
hey emergency ah irukku,1
hey naan nalla iruken,0
NAAN OK BRO,0
save me now,1
save me,1
I AM FINE,0
hey main padhai kar raha hoon,0
YAARO ENNAI PIN THODARANGA,1
mujhe help chahiye now,1
time kya hua hai bro,0
POLICE AH KOOPDUNGA,1
hey someone is following me,1
ennai kappathunga,1
mujhe bachao!!!,1
what is the time!!!,0
hey enakku music pidikkum,0
yaaro ennai pin thodaranga,1
i am fine bro,0
main padhai kar raha hoon!!!,0
hey naan aabathil iruken,1
i feel unsafe bro,1
i am fine!!!,0
main fine hoon bro now,0
i am fine!!!,0
someone is following me,1
good morning bro,0
i am scared please,1
what is the time please,0
bhai help karo!!!,1
SOMEONE IS FOLLOWING ME,1
mujhe dar lag raha hai bro,1
HELP KARO,1
hey enakku music pidikkum,0
emergency hai bro,1
naan happy ah iruken,0
main fine hoon bro now,0
SAB THEEK HAI,0
naan padikkiren,0
udhavi pannunga,1
SOMEONE IS FOLLOWING ME,1
ennai kappathunga bro,1
uh call the police,1
please help bro,1
yaaro ennai pin thodaranga!!!,1
sab theek hai please,0
enakku music pidikkum!!!,0
hey naan nalla iruken,0
hey enakku bayama irukku,1
help me,1
MAIN FINE HOON BRO,0
naan padikkiren now,0
main college ja raha hoon!!!,0
hey koi mera peecha kar raha hai,1
naan aabathil iruken,1
i am going to college!!!,0
GOOD MORNING,0
main khatre mein hoon bro,1
uh emergency ah irukku,1
YAARO ENNAI PIN THODARANGA,1
uh please help,1
hey enakku bayama irukku,1
enakku music pidikkum,0
seekiram help pannunga,1
udhavi pannunga now,1
i am studying,0
time kya hua hai bro,0
hey main khatre mein hoon,1
enakku music pidikkum bro,0
hey someone is following me,1
ennai kappathunga now,1
CALL THE POLICE,1
please help now,1
uh hello how are you,0
main khatre mein hoon bro,1
time kya hua hai bro,0
main college ja raha hoon bro,0
help karo please,1
hey madad karo,1
hey naan padikkiren,0
i am scared!!!,1
naan college pogiren!!!,0
mujhe dar lag raha hai,1
hey main padhai kar raha hoon,0
naan college pogiren please,0
MUJHE MUSIC PASAND HAI,0
naan aabathil iruken!!!,1
police ah koopdunga,1
someone is following me please,1
udhavi pannunga,1
i am in danger bro,1
bhai help karo please,1
emergency hai,1
i am studying now,0
i am scared,1
call the police,1
police ah koopdunga,1
time enna now,0
hey naan padikkiren,0
udhavi pannunga please,1
i am fine now,0
main fine hoon bro!!!,0
police ah koopdunga!!!,1
hey emergency ah irukku,1
uh emergency ah irukku,1
hey bhai help karo,1
time enna please,0
uh seekiram help pannunga,1
naan nalla iruken please,0
help venum please,1
time kya hua hai now,0
naan college pogiren please,0
uh time kya hua hai,0
hey naan aabathil iruken,1
uh someone is following me,1
main padhai kar raha hoon!!!,0
time kya hua hai!!!,0
bhai help karo!!!,1
uh good morning,0
someone is following me please,1
TIME KYA HUA HAI,0
i feel unsafe please,1
i am going to college,0
emergency ah irukku bro,1
call the police please,1
main theek hoon please,0
hey police ah koopdunga,1
good morning!!!,0
yaaro ennai pin thodaranga bro,1
I AM SCARED,1
mujhe dar lag raha hai,1
emergency hai,1
POLICE KO BULAO,1
main khatre mein hoon!!!,1
naan aabathil iruken please,1
MAIN THEEK HOON,0
time kya hua hai now,0
hello how are you!!!,0
i feel unsafe!!!,1
hey mujhe music pasand hai,0
good morning,0
enakku bayama irukku bro,1
i like music,0
uh main theek hoon,0
hey time kya hua hai,0
i am in danger now,1
help karo!!!,1
hello how are you bro,0
main theek hoon please,0
ENAKKU MUSIC PIDIKKUM,0
uh i am scared,1
hey police ah koopdunga,1
naan padikkiren please,0
i am in danger,1
enakku music pidikkum!!!,0
hey i am going to college,0
hey naan college pogiren,0
i am going to college!!!,0
i like music now,0
jaldi madad karo please,1
ENAKKU MUSIC PIDIKKUM,0
someone is following me please,1
seekiram help pannunga please,1
main college ja raha hoon,0
i am in danger bro,1
uh main college ja raha hoon,0
save me,1
uh good morning,0
i feel unsafe bro,1
jaldi madad karo please,1
NAAN COLLEGE POGIREN,0
uh naan college pogiren,0
sab theek hai,0
good morning bro,0
enakku music pidikkum!!!,0
SAVE ME,1
uh i am going to college,0
save me bro,1
main theek hoon bro,0
enakku music pidikkum,0
help venum!!!,1
mujhe bachao please,1
main fine hoon bro,0
hey main padhai kar raha hoon,0
mujhe bachao,1
naan nalla iruken!!!,0
i am going to college!!!,0
time kya hua hai please,0
enakku music pidikkum!!!,0
main theek hoon now,0
i am studying!!!,0
uh police ko bulao,1
udhavi pannunga bro,1
please help now,1
i am in danger now,1
hey i am fine,0
madad karo please,1
good morning!!!,0
mujhe dar lag raha hai bro,1
MAIN COLLEGE JA RAHA HOON,0
uh ennai kappathunga,1
enakku bayama irukku please,1
uh main theek hoon,0
call the police bro,1
uh seekiram help pannunga,1
hello how are you,0
mujhe dar lag raha hai bro,1
MAIN PADHAI KAR RAHA HOON,0
jaldi madad karo!!!,1
uh naan happy ah iruken,0
MAIN COLLEGE JA RAHA HOON,0
enakku bayama irukku,1
uh enakku music pidikkum,0
main theek hoon please,0
TIME ENNA,0
hey help karo,1
WHAT IS THE TIME,0
uh enakku bayama irukku,1
GOOD MORNING,0
naan padikkiren please,0
udhavi pannunga!!!,1
POLICE KO BULAO,1
emergency hai bro,1
uh naan nalla iruken,0
hey seekiram help pannunga,1
hey good morning,0
CHILL BRO,0
uh udhavi pannunga,1
uh emergency hai,1
i am studying now,0
I AM STUDYING,0
jaldi madad karo,1
good morning please,0
i am in danger now,1
SAB THEEK HAI,0
all good yaar now,0
enakku music pidikkum now,0
i am scared please,1
good morning,0
madad karo,1
hey jaldi madad karo,1
MAIN PADHAI KAR RAHA HOON,0
hey naan happy ah iruken,0
hello how are you now,0
what is the time!!!,0
emergency hai bro,1
seekiram help pannunga bro,1
please madad karo,1
ennai kappathunga bro,1
madad karo!!!,1
uh help me,1
uh enakku bayama irukku,1
uh mujhe dar lag raha hai,1
main padhai kar raha hoon,0
udhavi pannunga please,1
udhavi pannunga!!!,1
CALL THE POLICE,1
time kya hua hai now,0
HELLO HOW ARE YOU,0
seekiram help pannunga please,1
emergency ah irukku now,1
i am in danger please,1
time enna,0
uh time kya hua hai,0
police ko bulao now,1
hey enna help pannunga,1
naan nalla iruken now,0
main khatre mein hoon!!!,1
mujhe music pasand hai,0
uh police ko bulao,1
madad karo bro,1
mujhe dar lag raha hai!!!,1
hey i am in danger,1
what is the time please,0
naan ok bro,0
naan nalla iruken,0
main khatre mein hoon now,1
main fine hoon bro,0
uh please help,1
PLEASE HELP,1
main college ja raha hoon bro,0
main college ja raha hoon now,0
enakku music pidikkum now,0
WHAT IS THE TIME,0
save me bro,1
hey main theek hoon,0
uh i am going to college,0
uh main khatre mein hoon,1
uh good morning,0
naan padikkiren!!!,0
uh naan padikkiren,0
emergency ah irukku please,1
ENNAI KAPPATHUNGA,1
hey enakku bayama irukku,1
udhavi pannunga now,1
jaldi madad karo now,1
seekiram help pannunga now,1
good morning now,0
hey i am fine,0
naan nalla iruken now,0
uh main college ja raha hoon,0
i am going to college bro,0
main college ja raha hoon please,0
someone is following me please,1
mujhe music pasand hai bro,0
hey i am going to college,0
time kya hua hai,0
main theek hoon bro,0
ENNA HELP PANNUNGA,1
NAAN HAPPY AH IRUKEN,0
main theek hoon!!!,0
uh please help,1
good morning!!!,0
naan nalla iruken bro,0
uh koi mera peecha kar raha hai,1
ENAKKU MUSIC PIDIKKUM,0
seekiram help pannunga bro,1
i feel unsafe,1
hey mujhe help chahiye,1
main college ja raha hoon!!!,0
enakku bayama irukku bro,1
NAAN PADIKKIREN,0
hey main padhai kar raha hoon,0
POLICE KO BULAO,1
HELP ME,1
TIME ENNA,0
NAAN NALLA IRUKEN,0
jaldi madad karo now,1
hey main college ja raha hoon,0
i feel unsafe,1
hey enakku music pidikkum,0
please help!!!,1
naan aabathil iruken bro,1
naan nalla iruken!!!,0
enakku music pidikkum!!!,0
uh i like music,0
naan padikkiren bro,0
i am in danger now,1
naan padikkiren now,0
MAIN COLLEGE JA RAHA HOON,0
mujhe dar lag raha hai bro,1
hey i am in danger,1
mujhe dar lag raha hai bro,1
main padhai kar raha hoon please,0
naan padikkiren!!!,0
main theek hoon please,0
hey yaaro ennai pin thodaranga,1
i feel unsafe,1
i am scared now,1
police ah koopdunga bro,1
please help pannunga,1
hey naan happy ah iruken,0
koi mera peecha kar raha hai!!!,1
hey ennai kappathunga,1
hey i am in danger,1
hey seekiram help pannunga,1
someone is following me!!!,1
save me,1
uh main padhai kar raha hoon,0
main college ja raha hoon now,0
CHILL BRO,0
help me now,1
i like music!!!,0
uh help me,1
save me please,1
naan aabathil iruken now,1
what is the time,0
naan college pogiren now,0
POLICE AH KOOPDUNGA,1
i feel unsafe please,1
JALDI MADAD KARO,1
naan aabathil iruken bro,1
JALDI MADAD KARO,1
i am studying please,0
uh naan aabathil iruken,1
uh main fine hoon bro,0
WHAT IS THE TIME,0
uh time enna,0
GOOD MORNING,0
police ah koopdunga please,1
i am studying bro,0
ennai kappathunga please,1
i am fine now,0
good morning!!!,0
time enna,0
what is the time please,0
hey call the police,1
hey time kya hua hai,0
uh main college ja raha hoon,0
uh madad karo,1
uh i am scared,1
time enna bro,0
main fine hoon bro!!!,0
uh i am scared,1
uh i am in danger,1
udhavi pannunga,1
please help now,1
save me!!!,1
hey i am fine,0
naan college pogiren please,0
uh main fine hoon bro,0
naan college pogiren bro,0
please madad karo now,1
EMERGENCY HAI,1
hey main padhai kar raha hoon,0
time enna,0
hey mujhe bachao,1
naan college pogiren please,0
help me now,1
yaaro ennai pin thodaranga!!!,1
uh main khatre mein hoon,1
POLICE KO BULAO,1
hey save me,1
main theek hoon now,0
enakku bayama irukku please,1
EMERGENCY HAI,1
time kya hua hai bro,0
time enna,0
UDHAVI PANNUNGA,1
MAIN COLLEGE JA RAHA HOON,0
uh time enna,0
naan college pogiren please,0
please madad karo now,1
someone is following me,1
mujhe help chahiye now,1
hey i am in danger,1
hey good morning,0
madad karo please,1
uh police ah koopdunga,1
main theek hoon!!!,0
hey i am scared,1
help karo please,1
naan nalla iruken now,0
yaaro ennai pin thodaranga,1
MUJHE BACHAO,1
i am studying!!!,0
i am studying,0
I FEEL UNSAFE,1
uh main padhai kar raha hoon,0
naan ok bro please,0
hey time enna,0
i like music,0
hey what is the time,0
MAIN COLLEGE JA RAHA HOON,0
uh main theek hoon,0
SAB THEEK HAI,0
police ah koopdunga!!!,1
hey i am going to college,0
SEEKIRAM HELP PANNUNGA,1
what is the time!!!,0
police ko bulao now,1
hey time enna,0
HELLO HOW ARE YOU,0
i am fine please,0
help me please,1
yaaro ennai pin thodaranga please,1
HELP ME,1
seekiram help pannunga now,1
naan happy ah iruken now,0
jaldi madad karo,1
police ko bulao now,1
i am studying bro,0
yaaro ennai pin thodaranga please,1
MAIN THEEK HOON,0
time kya hua hai bro,0
mujhe bachao,1
naan aabathil iruken now,1
HELP ME,1
hey what is the time,0
i am in danger bro,1
uh i like music,0
hey enakku music pidikkum,0
TIME KYA HUA HAI,0
call the police!!!,1
time enna please,0
ennai kappathunga!!!,1
what is the time please,0
naan college pogiren now,0
GOOD MORNING,0
hey help venum,1
POLICE KO BULAO,1
police ah koopdunga now,1
main theek hoon,0
main college ja raha hoon,0
main fine hoon bro now,0
enakku music pidikkum now,0
i feel unsafe,1
hey i am scared,1
mujhe dar lag raha hai bro,1
i like music,0
help venum please,1
uh time kya hua hai,0
mujhe bachao please,1
hey enakku bayama irukku,1
enakku music pidikkum now,0
hey main khatre mein hoon,1
police ah koopdunga,1
emergency hai now,1
hey enakku music pidikkum,0
jaldi madad karo,1
i like music now,0
uh good morning,0
i am fine,0
all good yaar now,0
uh naan college pogiren,0
naan ok bro,0
hey seekiram help pannunga,1
hey emergency ah irukku,1
hello how are you now,0
i like music,0
naan happy ah iruken please,0
hey mujhe music pasand hai,0
good morning please,0
time enna,0
please madad karo,1
main padhai kar raha hoon now,0
i am in danger please,1
PLEASE MADAD KARO,1
udhavi pannunga!!!,1
main theek hoon please,0
police ko bulao please,1
i am studying now,0
EMERGENCY HAI,1
naan college pogiren bro,0
mujhe dar lag raha hai!!!,1
NAAN NALLA IRUKEN,0
main theek hoon now,0
main padhai kar raha hoon now,0
naan aabathil iruken now,1
NAAN PADIKKIREN,0
koi mera peecha kar raha hai now,1
help karo,1
hey i am studying,0
chill bro bro,0
naan happy ah iruken please,0
hey naan aabathil iruken,1
good morning!!!,0
i like music bro,0
time kya hua hai,0
uh hello how are you,0
uh please help,1
uh main padhai kar raha hoon,0
i am fine!!!,0
save me bro,1
i am going to college please,0
GOOD MORNING,0
i am going to college,0
hello how are you bro,0
what is the time please,0
naan nalla iruken bro,0
NAAN AABATHIL IRUKEN,1
uh please help,1
hey call the police,1
uh naan college pogiren,0
MAIN PADHAI KAR RAHA HOON,0
naan nalla iruken!!!,0
uh main theek hoon,0
uh i am fine,0
help karo please,1
hey good morning,0
hello how are you please,0
uh please help,1
i am in danger now,1
save me!!!,1
please help please,1
main college ja raha hoon now,0
time enna bro,0
save me,1
uh hello how are you,0
i am going to college now,0
I AM GOING TO COLLEGE,0
naan aabathil iruken bro,1
yaaro ennai pin thodaranga please,1
ennai kappathunga now,1
uh naan college pogiren,0
time kya hua hai now,0
i am fine!!!,0
koi mera peecha kar raha hai now,1
hey call the police,1
mujhe music pasand hai now,0
uh main padhai kar raha hoon,0
uh help me,1
what is the time please,0
hey hello how are you,0
hey main college ja raha hoon,0
MAIN KHATRE MEIN HOON,1
emergency hai now,1
MAIN THEEK HOON,0
i am studying bro,0
help venum!!!,1
mujhe dar lag raha hai now,1
police ko bulao now,1
jaldi madad karo now,1
seekiram help pannunga!!!,1
naan college pogiren bro,0
MUJHE DAR LAG RAHA HAI,1
emergency hai!!!,1
I AM STUDYING,0
uh naan nalla iruken,0
uh naan college pogiren,0
what is the time now,0
hey main theek hoon,0
uh emergency hai,1
enakku music pidikkum!!!,0
ALL GOOD YAAR,0
i am fine!!!,0
hey police ah koopdunga,1
mujhe dar lag raha hai bro,1
koi mera peecha kar raha hai now,1
main theek hoon,0
police ah koopdunga!!!,1
I AM SCARED,1
what is the time bro,0
mujhe bachao!!!,1
main college ja raha hoon bro,0
hey main padhai kar raha hoon,0
naan aabathil iruken now,1
someone is following me,1
UDHAVI PANNUNGA,1
main theek hoon now,0
main fine hoon bro now,0
naan aabathil iruken now,1
naan college pogiren!!!,0
enakku bayama irukku!!!,1
naan college pogiren now,0
uh seekiram help pannunga,1
YAARO ENNAI PIN THODARANGA,1
hey mujhe bachao,1
enakku music pidikkum please,0
hey main college ja raha hoon,0
BHAI HELP KARO,1
good morning,0
uh main college ja raha hoon,0
uh mujhe dar lag raha hai,1
i am fine,0
time enna!!!,0
naan aabathil iruken bro,1
hey seekiram help pannunga,1
naan happy ah iruken now,0
help me bro,1
koi mera peecha kar raha hai!!!,1
sab theek hai please,0
main theek hoon now,0
i am in danger,1
MAIN PADHAI KAR RAHA HOON,0
i feel unsafe bro,1
good morning!!!,0
time kya hua hai bro,0
police ah koopdunga!!!,1
EMERGENCY HAI,1
I LIKE MUSIC,0
i am in danger,1
time kya hua hai please,0
MUJHE MUSIC PASAND HAI,0
uh good morning,0
please help bro,1
hey koi mera peecha kar raha hai,1
uh koi mera peecha kar raha hai,1
good morning please,0
bhai help karo please,1
hello how are you!!!,0
hey police ah koopdunga,1
good morning please,0
jaldi madad karo please,1
police ko bulao,1
HELLO HOW ARE YOU,0
SOMEONE IS FOLLOWING ME,1
uh naan happy ah iruken,0
hello how are you!!!,0
hey main theek hoon,0
hey mujhe bachao,1
main khatre mein hoon bro,1
MUJHE MUSIC PASAND HAI,0
mujhe music pasand hai!!!,0
ennai kappathunga please,1
help venum please,1
hey hello how are you,0
EMERGENCY AH IRUKKU,1
good morning bro,0
naan nalla iruken bro,0
NAAN COLLEGE POGIREN,0
please help please,1
naan aabathil iruken please,1
mujhe bachao please,1
time enna bro,0
emergency ah irukku,1
good morning please,0
emergency ah irukku bro,1
hey main theek hoon,0
uh main khatre mein hoon,1
hello how are you,0
hey yaaro ennai pin thodaranga,1
madad karo bro,1
police ah koopdunga now,1
i am going to college,0
uh i am going to college,0
naan aabathil iruken now,1
GOOD MORNING,0
hey naan padikkiren,0
naan aabathil iruken now,1
emergency ah irukku now,1
main college ja raha hoon please,0
i am fine,0
emergency ah irukku,1
what is the time!!!,0
uh i feel unsafe,1
i am studying please,0
help venum now,1
udhavi pannunga,1
hey main college ja raha hoon,0
main college ja raha hoon!!!,0
hey madad karo,1
uh i am going to college,0
main khatre mein hoon now,1
SOMEONE IS FOLLOWING ME,1
JALDI MADAD KARO,1
jaldi madad karo,1
uh udhavi pannunga,1
MUJHE DAR LAG RAHA HAI,1
emergency ah irukku please,1
i am scared please,1
hey madad karo,1
uh koi mera peecha kar raha hai,1
naan aabathil iruken bro,1
good morning now,0
yaaro ennai pin thodaranga!!!,1
main college ja raha hoon!!!,0
naan ok bro bro,0
bhai help karo,1
NAAN COLLEGE POGIREN,0
MUJHE DAR LAG RAHA HAI,1
naan nalla iruken please,0
i am scared now,1
KOI MERA PEECHA KAR RAHA HAI,1
main college ja raha hoon!!!,0
bhai help karo now,1
i like music bro,0
police ah koopdunga!!!,1
MAIN KHATRE MEIN HOON,1
uh good morning,0
hey yaaro ennai pin thodaranga,1
call the police,1
i am studying bro,0
ennai kappathunga,1
main theek hoon!!!,0
hey police ah koopdunga,1
hey hello how are you,0
enna help pannunga bro,1
udhavi pannunga,1
hey time kya hua hai,0
CALL THE POLICE,1
mujhe music pasand hai please,0
main theek hoon bro,0
emergency hai now,1
naan nalla iruken,0
save me!!!,1
hey i am in danger,1
uh chill bro,0
naan padikkiren please,0
hey emergency hai,1
naan happy ah iruken bro,0
NAAN AABATHIL IRUKEN,1
main khatre mein hoon please,1
what is the time please,0
time kya hua hai!!!,0
police ko bulao,1
hey someone is following me,1
hey i feel unsafe,1
hey main padhai kar raha hoon,0
uh naan padikkiren,0
someone is following me bro,1
what is the time!!!,0
seekiram help pannunga please,1
I AM STUDYING,0
uh help me,1
emergency ah irukku,1
i am fine!!!,0
time enna please,0
hey good morning,0
main theek hoon now,0
hey please help pannunga,1
main theek hoon now,0
MUJHE HELP CHAHIYE,1
hey good morning,0
what is the time,0
someone is following me please,1
emergency hai please,1
MUJHE MUSIC PASAND HAI,0
jaldi madad karo!!!,1
hey main khatre mein hoon,1
MAIN THEEK HOON,0
i am studying please,0
MAIN THEEK HOON,0
main khatre mein hoon!!!,1
hey police ah koopdunga,1
I AM SCARED,1
i am studying bro,0
naan college pogiren now,0
i feel unsafe!!!,1
naan nalla iruken now,0
hey main college ja raha hoon,0
i am in danger bro,1
i am studying bro,0
I AM GOING TO COLLEGE,0
hello how are you now,0
good morning now,0
help me now,1
main khatre mein hoon,1
GOOD MORNING,0
hey someone is following me,1
mujhe music pasand hai now,0
uh udhavi pannunga,1
time enna,0
i like music please,0
hey naan padikkiren,0
mujhe bachao!!!,1
i am fine bro,0
uh someone is following me,1
uh what is the time,0
enakku music pidikkum bro,0
GOOD MORNING,0
hey call the police,1
enakku music pidikkum now,0
naan happy ah iruken now,0
PLEASE HELP,1
main khatre mein hoon now,1
hey enakku music pidikkum,0
time enna,0
good morning now,0
naan ok bro now,0
jaldi madad karo please,1
mujhe dar lag raha hai now,1
mujhe bachao now,1
i like music please,0
hey mujhe help chahiye,1
MUJHE BACHAO,1
please help pannunga please,1
police ah koopdunga!!!,1
uh police ah koopdunga,1
madad karo bro,1
uh udhavi pannunga,1
uh i am fine,0
good morning,0
PLEASE HELP,1
hello how are you please,0
POLICE AH KOOPDUNGA,1
hey ennai kappathunga,1
good morning,0
mujhe bachao,1
uh main college ja raha hoon,0
emergency ah irukku now,1
hey naan college pogiren,0
police ah koopdunga bro,1
uh please help,1
MAIN THEEK HOON,0
uh someone is following me,1
NAAN AABATHIL IRUKEN,1
uh yaaro ennai pin thodaranga,1
HELP VENUM,1
uh i am fine,0
time enna now,0
MAIN PADHAI KAR RAHA HOON,0
bhai help karo now,1
main padhai kar raha hoon bro,0
time enna,0
uh sab theek hai,0
WHAT IS THE TIME,0
CHILL BRO,0
uh emergency hai,1
TIME KYA HUA HAI,0
naan nalla iruken!!!,0
hey i feel unsafe,1
i like music!!!,0
MAIN PADHAI KAR RAHA HOON,0
yaaro ennai pin thodaranga now,1
help me bro,1
good morning now,0
ennai kappathunga bro,1
naan padikkiren now,0
enakku music pidikkum,0
call the police!!!,1
what is the time!!!,0
jaldi madad karo bro,1
jaldi madad karo bro,1
uh what is the time,0
madad karo,1
good morning please,0
uh mujhe help chahiye,1
i am in danger!!!,1
I AM SCARED,1
i am scared,1
uh enakku music pidikkum,0
i like music,0
hey enakku bayama irukku,1
jaldi madad karo bro,1
hey someone is following me,1
BHAI HELP KARO,1
I FEEL UNSAFE,1
bhai help karo now,1
uh mujhe music pasand hai,0
jaldi madad karo bro,1
yaaro ennai pin thodaranga now,1
emergency ah irukku!!!,1
good morning please,0
please help,1
uh main theek hoon,0
ENNA HELP PANNUNGA,1
main khatre mein hoon bro,1
naan padikkiren!!!,0
madad karo!!!,1
ennai kappathunga!!!,1
enakku bayama irukku now,1
i am going to college!!!,0
main padhai kar raha hoon please,0
hey i am going to college,0
enakku music pidikkum please,0
help me now,1
madad karo!!!,1
CALL THE POLICE,1
hey naan padikkiren,0
good morning now,0
main college ja raha hoon!!!,0
uh i am fine,0
please madad karo!!!,1
mujhe bachao bro,1
WHAT IS THE TIME,0
time kya hua hai!!!,0
i am going to college please,0
i am going to college now,0
main padhai kar raha hoon now,0
hey yaaro ennai pin thodaranga,1
hey naan college pogiren,0
naan ok bro now,0
time kya hua hai please,0
I AM IN DANGER,1
hey emergency hai,1
UDHAVI PANNUNGA,1
main fine hoon bro please,0
naan nalla iruken now,0
MUJHE DAR LAG RAHA HAI,1
i am in danger please,1
mujhe bachao!!!,1
hey naan college pogiren,0
HELP ME,1
save me please,1
hey i am going to college,0
enakku bayama irukku now,1
hey i am fine,0
good morning,0
i am in danger bro,1
emergency hai bro,1
naan padikkiren please,0
enakku music pidikkum please,0
i am going to college,0
enna help pannunga!!!,1
help karo,1
EMERGENCY AH IRUKKU,1
help venum,1
emergency hai!!!,1
mujhe dar lag raha hai bro,1
enakku music pidikkum,0
ennai kappathunga now,1
MAIN THEEK HOON,0
police ah koopdunga now,1
main theek hoon!!!,0
enakku music pidikkum bro,0
hey enakku music pidikkum,0
MUJHE MUSIC PASAND HAI,0
naan padikkiren bro,0
enakku bayama irukku now,1
hey police ko bulao,1
chill bro now,0
hey mujhe music pasand hai,0
i am studying bro,0
emergency hai!!!,1
naan college pogiren please,0
uh koi mera peecha kar raha hai,1
madad karo,1
hey i am scared,1
sab theek hai now,0
i feel unsafe!!!,1
udhavi pannunga now,1
please madad karo!!!,1
i feel unsafe please,1
help me,1
naan aabathil iruken please,1
I AM STUDYING,0
uh police ko bulao,1
main khatre mein hoon,1
please help pannunga now,1
main college ja raha hoon,0
uh naan nalla iruken,0
main theek hoon bro,0
naan college pogiren now,0
enakku bayama irukku please,1
yaaro ennai pin thodaranga!!!,1
chill bro!!!,0
enakku bayama irukku!!!,1
time enna now,0
seekiram help pannunga,1
uh naan padikkiren,0
uh naan aabathil iruken,1
naan nalla iruken please,0
main fine hoon bro,0
main khatre mein hoon!!!,1
uh hello how are you,0
WHAT IS THE TIME,0
hey main khatre mein hoon,1
main padhai kar raha hoon please,0
KOI MERA PEECHA KAR RAHA HAI,1
i am going to college!!!,0
uh udhavi pannunga,1
hey naan padikkiren,0
good morning,0
i like music please,0
mujhe music pasand hai,0
uh i am in danger,1
MUJHE DAR LAG RAHA HAI,1
uh naan aabathil iruken,1
seekiram help pannunga bro,1
enakku bayama irukku now,1
police ah koopdunga,1
police ko bulao!!!,1
uh someone is following me,1
hey please help pannunga,1
main khatre mein hoon,1
i like music!!!,0
all good yaar bro,0
emergency hai please,1
mujhe help chahiye,1
mujhe bachao now,1
GOOD MORNING,0
what is the time,0
NAAN NALLA IRUKEN,0
hey main khatre mein hoon,1
naan ok bro now,0
uh help venum,1
naan aabathil iruken bro,1
i like music please,0
hey naan happy ah iruken,0
main khatre mein hoon please,1
uh good morning,0
naan nalla iruken now,0
hey help me,1
i feel unsafe bro,1
enakku bayama irukku please,1
hey i am going to college,0
naan college pogiren,0
emergency ah irukku,1
ennai kappathunga!!!,1
i am scared now,1
uh naan padikkiren,0
main padhai kar raha hoon please,0
main khatre mein hoon bro,1
i feel unsafe now,1
hey seekiram help pannunga,1
uh police ko bulao,1
HELP ME,1
naan padikkiren,0
main college ja raha hoon please,0
HELP ME,1
please help,1
KOI MERA PEECHA KAR RAHA HAI,1
POLICE KO BULAO,1
i am studying!!!,0
time enna please,0
hey enakku bayama irukku,1
emergency ah irukku,1
I AM FINE,0
hey save me,1
mujhe bachao please,1
koi mera peecha kar raha hai now,1
call the police bro,1
koi mera peecha kar raha hai bro,1
i am going to college now,0
hey i am fine,0
what is the time!!!,0
NAAN NALLA IRUKEN,0
main padhai kar raha hoon now,0
EMERGENCY HAI,1
bhai help karo bro,1
madad karo now,1
madad karo please,1
hey call the police,1
main college ja raha hoon now,0
emergency hai!!!,1
mujhe music pasand hai please,0
mujhe bachao,1
chill bro now,0
uh yaaro ennai pin thodaranga,1
I LIKE MUSIC,0
help me bro,1
uh please help,1
naan college pogiren now,0
uh ennai kappathunga,1
uh mujhe music pasand hai,0
i am in danger!!!,1
emergency hai bro,1
uh naan padikkiren,0
mujhe music pasand hai,0
someone is following me bro,1
seekiram help pannunga!!!,1
police ah koopdunga!!!,1
i am scared now,1
mujhe bachao!!!,1
hey madad karo,1
emergency ah irukku bro,1
police ko bulao!!!,1
JALDI MADAD KARO,1
hey i am studying,0
uh call the police,1
what is the time bro,0
hey i am scared,1
NAAN COLLEGE POGIREN,0
hey yaaro ennai pin thodaranga,1
help me!!!,1
main college ja raha hoon now,0
uh i feel unsafe,1
what is the time now,0
main fine hoon bro,0
police ah koopdunga please,1
WHAT IS THE TIME,0
hey main college ja raha hoon,0
uh please help,1
uh chill bro,0
I AM FINE,0
naan nalla iruken,0
koi mera peecha kar raha hai,1
hey police ko bulao,1
enna help pannunga,1
uh main theek hoon,0
enna help pannunga!!!,1
time kya hua hai now,0
hello how are you now,0
time enna!!!,0
naan padikkiren,0
seekiram help pannunga!!!,1
i am fine bro,0
BHAI HELP KARO,1
hey good morning,0
main theek hoon please,0
uh madad karo,1
main college ja raha hoon please,0
uh naan padikkiren,0
koi mera peecha kar raha hai,1
jaldi madad karo,1
jaldi madad karo now,1
hey please help,1
time enna,0
MUJHE MUSIC PASAND HAI,0
i am scared,1
uh chill bro,0
koi mera peecha kar raha hai now,1
what is the time,0
madad karo bro,1
MAIN COLLEGE JA RAHA HOON,0
main khatre mein hoon please,1
i am fine,0
what is the time,0
hey main khatre mein hoon,1
all good yaar!!!,0
main padhai kar raha hoon please,0
I AM STUDYING,0
i am fine now,0
hey enakku music pidikkum,0
main padhai kar raha hoon!!!,0
I AM STUDYING,0
hey please help pannunga,1
MAIN KHATRE MEIN HOON,1
i am studying bro,0
uh seekiram help pannunga,1
hey udhavi pannunga,1
sab theek hai!!!,0
time kya hua hai,0
hey good morning,0
uh madad karo,1
i am studying bro,0
hey time enna,0
all good yaar now,0
emergency ah irukku please,1
good morning now,0
jaldi madad karo bro,1
uh i am studying,0
uh udhavi pannunga,1
time kya hua hai!!!,0
hey mujhe dar lag raha hai,1
someone is following me,1
naan happy ah iruken now,0
uh udhavi pannunga,1
uh emergency hai,1
bhai help karo now,1
uh good morning,0
i am fine bro,0
i am going to college now,0
naan college pogiren please,0
i like music now,0
uh mujhe music pasand hai,0
hey i am in danger,1
i am fine now,0
i am scared please,1
hey time kya hua hai,0
hey naan padikkiren,0
uh naan aabathil iruken,1
seekiram help pannunga!!!,1
mujhe bachao bro,1
seekiram help pannunga bro,1
uh naan college pogiren,0
uh enakku bayama irukku,1
hey someone is following me,1
PLEASE MADAD KARO,1
main college ja raha hoon bro,0
naan happy ah iruken!!!,0
police ko bulao please,1
main theek hoon bro,0
naan nalla iruken!!!,0
mujhe music pasand hai bro,0
yaaro ennai pin thodaranga please,1
i am studying bro,0
good morning now,0
uh seekiram help pannunga,1
chill bro please,0
emergency hai now,1
mujhe music pasand hai!!!,0
mujhe dar lag raha hai,1
hey i am in danger,1
uh naan happy ah iruken,0
hello how are you!!!,0
naan college pogiren please,0
hello how are you now,0
naan college pogiren!!!,0
i like music please,0
naan aabathil iruken please,1
MUJHE BACHAO,1
i am studying bro,0
enakku music pidikkum,0
hey madad karo,1
uh main theek hoon,0
udhavi pannunga please,1
uh main khatre mein hoon,1
koi mera peecha kar raha hai bro,1
naan padikkiren please,0
hey time kya hua hai,0
EMERGENCY HAI,1
time enna now,0
hey good morning,0
mujhe help chahiye please,1
enakku music pidikkum bro,0
hello how are you please,0
uh i am studying,0
enakku music pidikkum!!!,0
yaaro ennai pin thodaranga please,1
help me now,1
mujhe music pasand hai bro,0
naan college pogiren bro,0
MAIN PADHAI KAR RAHA HOON,0
time kya hua hai bro,0
uh i am going to college,0
uh good morning,0
hey mujhe music pasand hai,0
seekiram help pannunga now,1
time kya hua hai,0
main fine hoon bro,0
uh mujhe music pasand hai,0
naan nalla iruken now,0
ennai kappathunga!!!,1
jaldi madad karo!!!,1
uh what is the time,0
uh mujhe bachao,1
naan college pogiren bro,0
uh i am going to college,0
hey save me,1
main college ja raha hoon,0
someone is following me now,1
hey time kya hua hai,0
i am in danger!!!,1
HELP ME,1
uh help karo,1
main fine hoon bro please,0
main padhai kar raha hoon,0
bhai help karo,1
main theek hoon please,0
naan college pogiren now,0
hey main padhai kar raha hoon,0
uh naan college pogiren,0
hey what is the time,0
POLICE AH KOOPDUNGA,1
hey main college ja raha hoon,0
enakku bayama irukku please,1
uh naan college pogiren,0
madad karo bro,1
i like music now,0
uh mujhe bachao,1
i am in danger now,1
good morning bro,0
naan padikkiren!!!,0
enakku music pidikkum please,0
uh i am scared,1
hey enakku bayama irukku,1
koi mera peecha kar raha hai!!!,1
main college ja raha hoon now,0
naan padikkiren please,0
udhavi pannunga,1
seekiram help pannunga bro,1
time enna!!!,0
koi mera peecha kar raha hai!!!,1
emergency ah irukku!!!,1
koi mera peecha kar raha hai now,1
HELP VENUM,1
hey mujhe music pasand hai,0
hey mujhe help chahiye,1
time enna!!!,0
i feel unsafe please,1
uh good morning,0
main college ja raha hoon bro,0
enakku bayama irukku,1
mujhe bachao!!!,1
i feel unsafe!!!,1
time enna now,0
uh save me,1
naan aabathil iruken!!!,1
hey i am fine,0
hey time kya hua hai,0
HELLO HOW ARE YOU,0
uh main theek hoon,0
naan ok bro bro,0
uh emergency ah irukku,1
time enna!!!,0
police ko bulao bro,1
mujhe dar lag raha hai,1
naan nalla iruken!!!,0
i am scared!!!,1
call the police,1
time kya hua hai!!!,0
PLEASE MADAD KARO,1
i am studying please,0
help venum now,1
uh i am going to college,0
enakku music pidikkum please,0
i am fine,0
please madad karo please,1
mujhe help chahiye!!!,1
ennai kappathunga please,1
i am scared now,1
uh naan aabathil iruken,1
yaaro ennai pin thodaranga,1
hey save me,1
naan padikkiren bro,0
time kya hua hai bro,0
naan aabathil iruken please,1
naan nalla iruken!!!,0
i am fine now,0
hey main khatre mein hoon,1
help me now,1
someone is following me bro,1
i am studying now,0
hey hello how are you,0
i am studying,0
i am studying please,0
naan college pogiren please,0
i am going to college please,0
MUJHE MUSIC PASAND HAI,0
naan aabathil iruken,1
main theek hoon bro,0
enakku music pidikkum,0
naan padikkiren now,0
uh someone is following me,1
mujhe dar lag raha hai please,1
uh jaldi madad karo,1
main theek hoon!!!,0
uh time kya hua hai,0
POLICE AH KOOPDUNGA,1
i am fine!!!,0
uh main khatre mein hoon,1
chill bro now,0
KOI MERA PEECHA KAR RAHA HAI,1
ennai kappathunga please,1
time enna!!!,0
uh main college ja raha hoon,0
naan college pogiren please,0
naan nalla iruken bro,0
naan padikkiren!!!,0
i am in danger,1
time enna please,0
uh i am studying,0
mujhe music pasand hai bro,0
naan college pogiren bro,0
hey enakku bayama irukku,1
naan padikkiren please,0
enakku music pidikkum now,0
main college ja raha hoon now,0
uh main college ja raha hoon,0
someone is following me,1
uh mujhe bachao,1
uh seekiram help pannunga,1
i like music please,0
good morning please,0
hey i am going to college,0
emergency ah irukku!!!,1
MUJHE BACHAO,1
I LIKE MUSIC,0
main college ja raha hoon now,0
i am studying please,0
mujhe dar lag raha hai bro,1
naan college pogiren now,0
i feel unsafe now,1
hey naan aabathil iruken,1
main padhai kar raha hoon,0
i am fine,0
MUJHE MUSIC PASAND HAI,0
i am scared please,1
please help!!!,1
emergency hai,1
i am studying please,0
I FEEL UNSAFE,1
ENAKKU MUSIC PIDIKKUM,0
what is the time now,0
help me please,1
police ah koopdunga please,1
time kya hua hai,0
MAIN COLLEGE JA RAHA HOON,0
hey naan aabathil iruken,1
hey enakku bayama irukku,1
hey i am fine,0
emergency hai please,1
mujhe bachao bro,1
hey mujhe dar lag raha hai,1
uh naan aabathil iruken,1
emergency hai bro,1
CHILL BRO,0
naan aabathil iruken bro,1
uh main college ja raha hoon,0
jaldi madad karo please,1
i am fine bro,0
hey main padhai kar raha hoon,0
uh i like music,0
seekiram help pannunga!!!,1
hey i like music,0
naan padikkiren now,0
uh i feel unsafe,1
koi mera peecha kar raha hai please,1
naan padikkiren bro,0
time enna!!!,0
main khatre mein hoon bro,1
uh enakku bayama irukku,1
YAARO ENNAI PIN THODARANGA,1
hey all good yaar,0
time enna,0
good morning now,0
uh main padhai kar raha hoon,0
NAAN PADIKKIREN,0
main college ja raha hoon!!!,0
i am fine!!!,0
please help now,1
SAB THEEK HAI,0
time enna,0
hey someone is following me,1
UDHAVI PANNUNGA,1
uh mujhe music pasand hai,0
i like music bro,0
mujhe bachao!!!,1
HELLO HOW ARE YOU,0
i am studying please,0
good morning!!!,0
HELP VENUM,1
naan college pogiren please,0
uh i am in danger,1
seekiram help pannunga bro,1
naan happy ah iruken!!!,0
mujhe music pasand hai!!!,0
i am fine now,0
HELP ME,1
main college ja raha hoon,0
what is the time please,0
ennai kappathunga,1
enakku music pidikkum!!!,0
main fine hoon bro now,0
NAAN AABATHIL IRUKEN,1
main theek hoon bro,0
TIME KYA HUA HAI,0
ENNAI KAPPATHUNGA,1
i am studying please,0
main college ja raha hoon!!!,0
good morning,0
mujhe music pasand hai,0
naan college pogiren now,0
I AM STUDYING,0
uh sab theek hai,0
emergency hai,1
naan ok bro,0
ENAKKU BAYAMA IRUKKU,1
uh main fine hoon bro,0
hey good morning,0
MAIN KHATRE MEIN HOON,1
YAARO ENNAI PIN THODARANGA,1
hey i like music,0
koi mera peecha kar raha hai,1
mujhe bachao,1
main khatre mein hoon!!!,1
uh i like music,0
uh jaldi madad karo,1
jaldi madad karo!!!,1
help me please,1
i like music!!!,0
emergency hai please,1
someone is following me,1
main college ja raha hoon bro,0
time enna now,0
jaldi madad karo!!!,1
uh naan aabathil iruken,1
udhavi pannunga,1
hey time kya hua hai,0
time enna bro,0
uh enakku music pidikkum,0
jaldi madad karo bro,1
please help bro,1
TIME KYA HUA HAI,0
mujhe dar lag raha hai please,1
i feel unsafe please,1
uh good morning,0
police ah koopdunga now,1
MAIN THEEK HOON,0
good morning!!!,0
udhavi pannunga!!!,1
i am fine please,0
hey time enna,0
i am fine please,0
mujhe dar lag raha hai now,1
i am scared,1
call the police now,1
help me bro,1
help me!!!,1
hey save me,1
good morning bro,0
enakku bayama irukku now,1
i am scared please,1
hey naan nalla iruken,0
naan padikkiren!!!,0
police ah koopdunga bro,1
hey naan ok bro,0
help me,1
mujhe bachao bro,1
chill bro bro,0
hey good morning,0
emergency hai please,1
main khatre mein hoon now,1
hey mujhe bachao,1
please help,1
good morning now,0
hey main padhai kar raha hoon,0
uh i am going to college,0
udhavi pannunga,1
what is the time,0
please help pannunga now,1
mujhe help chahiye!!!,1
WHAT IS THE TIME,0
KOI MERA PEECHA KAR RAHA HAI,1
hey good morning,0
uh jaldi madad karo,1
hey mujhe bachao,1
hey hello how are you,0
mujhe bachao,1
main college ja raha hoon bro,0
uh main padhai kar raha hoon,0
MAIN KHATRE MEIN HOON,1
what is the time,0
i am going to college!!!,0
madad karo bro,1
main theek hoon!!!,0
naan college pogiren,0
WHAT IS THE TIME,0
main khatre mein hoon!!!,1
UDHAVI PANNUNGA,1
POLICE AH KOOPDUNGA,1
please help now,1
main college ja raha hoon bro,0
yaaro ennai pin thodaranga!!!,1
koi mera peecha kar raha hai!!!,1
uh good morning,0
i like music!!!,0
hey mujhe music pasand hai,0
time kya hua hai,0
i am going to college,0
uh i am fine,0
I LIKE MUSIC,0
hey i am scared,1
uh main college ja raha hoon,0
mujhe music pasand hai please,0
main theek hoon now,0
enakku bayama irukku!!!,1
main theek hoon please,0
please help,1
uh main padhai kar raha hoon,0
uh i am scared,1
i am studying,0
please help pannunga please,1
police ko bulao bro,1
someone is following me bro,1
hey i feel unsafe,1
POLICE AH KOOPDUNGA,1
hey enakku bayama irukku,1
police ko bulao bro,1
what is the time bro,0
hello how are you bro,0
MAIN PADHAI KAR RAHA HOON,0
I AM SCARED,1
hey police ah koopdunga,1
CHILL BRO,0
enakku music pidikkum,0
i feel unsafe bro,1
police ko bulao bro,1
naan padikkiren!!!,0
uh mujhe dar lag raha hai,1
uh please help,1
MUJHE DAR LAG RAHA HAI,1
ennai kappathunga!!!,1
hello how are you!!!,0
help me now,1
i like music!!!,0
jaldi madad karo now,1
what is the time now,0
i am going to college please,0
mujhe dar lag raha hai,1
hey naan aabathil iruken,1
all good yaar bro,0
all good yaar,0
uh chill bro,0
enakku music pidikkum please,0
uh i am scared,1
ennai kappathunga please,1
udhavi pannunga please,1
please help bro,1
police ko bulao,1
POLICE AH KOOPDUNGA,1
main padhai kar raha hoon now,0
uh sab theek hai,0
mujhe music pasand hai!!!,0
mujhe help chahiye now,1
call the police!!!,1
CALL THE POLICE,1
good morning!!!,0
I AM IN DANGER,1
MAIN PADHAI KAR RAHA HOON,0
i feel unsafe bro,1
mujhe music pasand hai,0
hello how are you,0
good morning,0
i am scared please,1
uh main college ja raha hoon,0
someone is following me now,1
naan nalla iruken bro,0
hey police ko bulao,1
time enna now,0
main college ja raha hoon now,0
i am studying!!!,0
hey main college ja raha hoon,0
hello how are you!!!,0
MADAD KARO,1
I LIKE MUSIC,0
GOOD MORNING,0
madad karo bro,1
emergency ah irukku please,1
call the police bro,1
ennai kappathunga,1
uh yaaro ennai pin thodaranga,1
naan ok bro,0
yaaro ennai pin thodaranga please,1
good morning please,0
chill bro!!!,0
EMERGENCY HAI,1
police ah koopdunga,1
mujhe music pasand hai,0
all good yaar bro,0
mujhe help chahiye,1
hey i like music,0
POLICE AH KOOPDUNGA,1
call the police,1
sab theek hai bro,0
i am in danger!!!,1
call the police bro,1
yaaro ennai pin thodaranga now,1
ENAKKU MUSIC PIDIKKUM,0
please help please,1
i am in danger bro,1
police ko bulao bro,1
hey i am studying,0
hey call the police,1
uh please help,1
enakku music pidikkum,0
mujhe dar lag raha hai now,1
I AM IN DANGER,1
naan college pogiren please,0
I AM SCARED,1
good morning!!!,0
i am going to college now,0
hey someone is following me,1
main theek hoon now,0
seekiram help pannunga!!!,1
main khatre mein hoon now,1
main theek hoon!!!,0
SAVE ME,1
uh police ah koopdunga,1
main khatre mein hoon please,1
mujhe help chahiye,1
enakku bayama irukku now,1
good morning please,0
mujhe help chahiye please,1
hey help karo,1
what is the time please,0
time enna!!!,0
SOMEONE IS FOLLOWING ME,1
uh police ko bulao,1
ENNAI KAPPATHUNGA,1
good morning,0
enna help pannunga bro,1
all good yaar now,0
i am going to college please,0
uh naan padikkiren,0
please help,1
naan ok bro,0
NAAN NALLA IRUKEN,0
i am scared,1
someone is following me bro,1
udhavi pannunga bro,1
GOOD MORNING,0
YAARO ENNAI PIN THODARANGA,1
uh time enna,0
uh udhavi pannunga,1
good morning please,0
i am scared,1
enakku music pidikkum please,0
main khatre mein hoon please,1
what is the time bro,0
hey udhavi pannunga,1
mujhe dar lag raha hai now,1
hey mujhe music pasand hai,0
mujhe dar lag raha hai,1
hey i am scared,1
i feel unsafe bro,1
ENNAI KAPPATHUNGA,1
MUJHE BACHAO,1
WHAT IS THE TIME,0
uh i am going to college,0
hey koi mera peecha kar raha hai,1
time enna!!!,0
uh enakku music pidikkum,0
help venum bro,1
i am studying now,0
call the police please,1
WHAT IS THE TIME,0
enakku bayama irukku please,1
udhavi pannunga bro,1
i am fine,0
jaldi madad karo!!!,1
i am fine now,0
i am in danger now,1
main padhai kar raha hoon!!!,0
naan happy ah iruken bro,0
uh main college ja raha hoon,0
TIME KYA HUA HAI,0
ENAKKU BAYAMA IRUKKU,1
hey enakku bayama irukku,1
hey emergency ah irukku,1
enna help pannunga,1
uh time enna,0
main theek hoon bro,0
ennai kappathunga now,1
enakku bayama irukku!!!,1
someone is following me now,1
police ko bulao please,1
someone is following me bro,1
good morning,0
please help now,1
koi mera peecha kar raha hai!!!,1
uh chill bro,0
mujhe help chahiye now,1
main theek hoon bro,0
police ko bulao bro,1
naan nalla iruken!!!,0
uh main college ja raha hoon,0
hello how are you bro,0
main khatre mein hoon now,1
naan college pogiren bro,0
hey main college ja raha hoon,0
main college ja raha hoon bro,0
EMERGENCY HAI,1
hey enakku bayama irukku,1
hey yaaro ennai pin thodaranga,1
hey police ko bulao,1
i am in danger bro,1
police ko bulao please,1
uh time kya hua hai,0
i am studying!!!,0
what is the time!!!,0
uh main college ja raha hoon,0
mujhe music pasand hai!!!,0
naan padikkiren please,0
police ah koopdunga,1
naan nalla iruken,0
I AM FINE,0
i am scared,1
hey call the police,1
police ah koopdunga bro,1
mujhe dar lag raha hai please,1
hello how are you!!!,0
i am studying bro,0
hey time enna,0
YAARO ENNAI PIN THODARANGA,1
main fine hoon bro please,0
i am scared,1
enakku music pidikkum please,0
call the police please,1
hey jaldi madad karo,1
enakku music pidikkum please,0
koi mera peecha kar raha hai please,1
uh mujhe dar lag raha hai,1
main khatre mein hoon please,1
help me,1
MAIN THEEK HOON,0
MUJHE MUSIC PASAND HAI,0
ENNAI KAPPATHUNGA,1
i am going to college,0
HELP VENUM,1
hey save me,1
i am fine!!!,0
hey good morning,0
enna help pannunga,1
hey mujhe dar lag raha hai,1
udhavi pannunga,1
i feel unsafe now,1
uh naan padikkiren,0
main college ja raha hoon please,0
ENNAI KAPPATHUNGA,1
call the police bro,1
i am studying,0
enakku bayama irukku now,1
uh i like music,0
hey main college ja raha hoon,0
hey koi mera peecha kar raha hai,1
uh naan aabathil iruken,1
madad karo,1
naan aabathil iruken please,1
emergency hai bro,1
mujhe music pasand hai!!!,0
main college ja raha hoon now,0
uh seekiram help pannunga,1
i am in danger bro,1
good morning,0
MUJHE BACHAO,1
uh save me,1
i feel unsafe please,1
uh ennai kappathunga,1
naan padikkiren,0
hey hello how are you,0
i am going to college now,0
bhai help karo please,1
help me now,1
police ah koopdunga now,1
uh bhai help karo,1
main theek hoon!!!,0
uh i am going to college,0
udhavi pannunga now,1
mujhe dar lag raha hai please,1
what is the time,0
madad karo please,1
mujhe music pasand hai please,0
main khatre mein hoon bro,1
SAVE ME,1
naan aabathil iruken bro,1
someone is following me bro,1
NAAN OK BRO,0
ENAKKU MUSIC PIDIKKUM,0
good morning!!!,0
hey i am scared,1
seekiram help pannunga!!!,1
madad karo now,1
please madad karo now,1
uh police ko bulao,1
TIME KYA HUA HAI,0
hey main khatre mein hoon,1
mujhe help chahiye!!!,1
hello how are you!!!,0
naan college pogiren!!!,0
i am fine!!!,0
uh main khatre mein hoon,1
uh naan nalla iruken,0
hey time kya hua hai,0
good morning now,0
GOOD MORNING,0
seekiram help pannunga bro,1
SAVE ME,1
koi mera peecha kar raha hai please,1
main padhai kar raha hoon now,0
main padhai kar raha hoon please,0
mujhe dar lag raha hai please,1
SEEKIRAM HELP PANNUNGA,1
naan nalla iruken now,0
naan padikkiren bro,0
main padhai kar raha hoon!!!,0
save me please,1
NAAN PADIKKIREN,0
emergency ah irukku,1
hey please help,1
yaaro ennai pin thodaranga please,1
uh i am in danger,1
yaaro ennai pin thodaranga please,1
JALDI MADAD KARO,1
naan college pogiren,0
main theek hoon now,0
hey main fine hoon bro,0
WHAT IS THE TIME,0
uh mujhe dar lag raha hai,1
main theek hoon now,0
madad karo bro,1
hey police ko bulao,1
yaaro ennai pin thodaranga now,1
hey mujhe dar lag raha hai,1
uh save me,1
time kya hua hai please,0
main fine hoon bro bro,0
hey main khatre mein hoon,1
i am going to college,0
i am scared bro,1
hey naan padikkiren,0
SEEKIRAM HELP PANNUNGA,1
udhavi pannunga,1
main khatre mein hoon now,1
good morning,0
uh madad karo,1
main khatre mein hoon,1
uh emergency hai,1
hey naan padikkiren,0
enakku bayama irukku now,1
udhavi pannunga,1
uh hello how are you,0
good morning bro,0
MUJHE BACHAO,1
i am going to college now,0
enakku bayama irukku,1
main college ja raha hoon now,0
MADAD KARO,1
good morning,0
sab theek hai!!!,0
chill bro please,0
all good yaar bro,0
police ko bulao bro,1
naan nalla iruken please,0
PLEASE HELP PANNUNGA,1
good morning bro,0
koi mera peecha kar raha hai please,1
good morning,0
emergency ah irukku please,1
hey main padhai kar raha hoon,0
i feel unsafe,1
HELP VENUM,1
i am studying bro,0
uh mujhe music pasand hai,0
hey emergency hai,1
mujhe music pasand hai!!!,0
seekiram help pannunga,1
mujhe bachao please,1
uh main khatre mein hoon,1
police ah koopdunga bro,1
naan aabathil iruken bro,1
naan college pogiren!!!,0
naan nalla iruken bro,0
hey enakku music pidikkum,0
uh enakku music pidikkum,0
uh police ah koopdunga,1
uh naan nalla iruken,0
hey enakku music pidikkum,0
hey someone is following me,1
POLICE AH KOOPDUNGA,1
time enna,0
hey koi mera peecha kar raha hai,1
madad karo please,1
chill bro,0
please madad karo bro,1
naan ok bro please,0
time enna!!!,0
i am fine please,0
i am going to college now,0
i am in danger now,1
naan happy ah iruken bro,0
naan college pogiren bro,0
NAAN PADIKKIREN,0
someone is following me!!!,1
emergency ah irukku please,1
uh main padhai kar raha hoon,0
mujhe bachao now,1
i am going to college now,0
please madad karo bro,1
uh i feel unsafe,1
MUJHE MUSIC PASAND HAI,0
jaldi madad karo,1
i am scared now,1
uh mujhe music pasand hai,0
naan aabathil iruken please,1
main theek hoon please,0
udhavi pannunga please,1
hey madad karo,1
uh bhai help karo,1
time enna bro,0
hey mujhe bachao,1
naan aabathil iruken please,1
NAAN AABATHIL IRUKEN,1
naan aabathil iruken!!!,1
i am in danger!!!,1
i am fine please,0
hey mujhe music pasand hai,0
uh help me,1
naan ok bro!!!,0
uh seekiram help pannunga,1
i am going to college,0
NAAN PADIKKIREN,0
uh naan aabathil iruken,1
good morning now,0
good morning bro,0
hey please madad karo,1
main college ja raha hoon now,0
uh main khatre mein hoon,1
hey save me,1
I AM FINE,0
madad karo bro,1
emergency hai bro,1
seekiram help pannunga!!!,1
main khatre mein hoon bro,1
MADAD KARO,1
hey koi mera peecha kar raha hai,1
i am studying please,0
NAAN COLLEGE POGIREN,0
good morning!!!,0
SAVE ME,1
mujhe dar lag raha hai,1
hey yaaro ennai pin thodaranga,1
call the police bro,1
SAVE ME,1
uh good morning,0
i am studying!!!,0
i like music bro,0
i am fine!!!,0
enakku bayama irukku now,1
uh enakku music pidikkum,0
main padhai kar raha hoon now,0
NAAN COLLEGE POGIREN,0
hey naan happy ah iruken,0
good morning,0
naan padikkiren now,0
enna help pannunga now,1
MAIN KHATRE MEIN HOON,1
i feel unsafe now,1
enakku music pidikkum now,0
MAIN PADHAI KAR RAHA HOON,0
hey yaaro ennai pin thodaranga,1
hey good morning,0
main padhai kar raha hoon!!!,0
mujhe music pasand hai bro,0
call the police bro,1
hey help venum,1
i am in danger please,1
POLICE AH KOOPDUNGA,1
someone is following me bro,1
i am going to college now,0
time enna!!!,0
I AM STUDYING,0
hey please help pannunga,1
time kya hua hai!!!,0
main padhai kar raha hoon please,0
naan nalla iruken!!!,0
mujhe bachao,1
HELLO HOW ARE YOU,0
main khatre mein hoon,1
uh what is the time,0
enakku music pidikkum bro,0
i am fine bro,0
uh help venum,1
seekiram help pannunga please,1
hey i am fine,0
hey ennai kappathunga,1
i am scared!!!,1
help venum now,1
hey enakku bayama irukku,1
naan nalla iruken now,0
good morning bro,0
HELP VENUM,1
hello how are you bro,0
seekiram help pannunga,1
i am going to college bro,0
naan college pogiren please,0
mujhe music pasand hai!!!,0
naan nalla iruken,0
uh i am studying,0
uh time kya hua hai,0
hey bhai help karo,1
madad karo,1
naan ok bro now,0
i am going to college now,0
uh main college ja raha hoon,0
main khatre mein hoon please,1
someone is following me,1
time enna please,0
please help!!!,1
hey i am in danger,1
naan padikkiren!!!,0
emergency hai bro,1
i am going to college bro,0
save me now,1
good morning bro,0
uh mujhe help chahiye,1
hello how are you,0
NAAN NALLA IRUKEN,0
seekiram help pannunga!!!,1
someone is following me please,1
hey jaldi madad karo,1
hey mujhe dar lag raha hai,1
what is the time now,0
help karo now,1
uh time enna,0
i am going to college now,0
naan nalla iruken,0
main padhai kar raha hoon please,0
chill bro please,0
naan nalla iruken!!!,0
main khatre mein hoon bro,1
POLICE KO BULAO,1
time kya hua hai!!!,0
hey main khatre mein hoon,1
uh naan aabathil iruken,1
hello how are you,0
please madad karo now,1
hello how are you,0
MAIN THEEK HOON,0
mujhe bachao!!!,1
emergency hai,1
UDHAVI PANNUNGA,1
i am fine,0
i am fine!!!,0
naan nalla iruken please,0
I LIKE MUSIC,0
i am studying!!!,0
i am studying bro,0
main padhai kar raha hoon,0
time enna please,0
naan padikkiren please,0
hey mujhe music pasand hai,0
yaaro ennai pin thodaranga!!!,1
main padhai kar raha hoon bro,0
naan padikkiren please,0
emergency hai,1
POLICE AH KOOPDUNGA,1
hey hello how are you,0
main college ja raha hoon bro,0
hey good morning,0
SAVE ME,1
uh someone is following me,1
enna help pannunga please,1
uh main padhai kar raha hoon,0
mujhe music pasand hai now,0
help venum bro,1
please help!!!,1
good morning bro,0
hey madad karo,1
enakku bayama irukku!!!,1
good morning please,0
uh please help,1
what is the time now,0
hey emergency ah irukku,1
KOI MERA PEECHA KAR RAHA HAI,1
police ah koopdunga!!!,1
main college ja raha hoon!!!,0
jaldi madad karo now,1
HELLO HOW ARE YOU,0
EMERGENCY HAI,1
i am studying now,0
ennai kappathunga bro,1
naan college pogiren,0
jaldi madad karo!!!,1
PLEASE MADAD KARO,1
emergency hai please,1
hey chill bro,0
ENNAI KAPPATHUNGA,1
naan nalla iruken bro,0
hey madad karo,1
time enna please,0
naan nalla iruken please,0
NAAN HAPPY AH IRUKEN,0
naan happy ah iruken bro,0
hey i am in danger,1
main khatre mein hoon now,1
UDHAVI PANNUNGA,1
TIME ENNA,0
police ah koopdunga now,1
madad karo!!!,1
call the police please,1
enakku music pidikkum now,0
mujhe music pasand hai bro,0
hey time enna,0
naan padikkiren now,0
main padhai kar raha hoon,0
NAAN COLLEGE POGIREN,0
good morning now,0
i am studying please,0
EMERGENCY AH IRUKKU,1
mujhe music pasand hai,0
i am going to college!!!,0
help me please,1
NAAN COLLEGE POGIREN,0
udhavi pannunga bro,1
mujhe dar lag raha hai bro,1
please help,1
ennai kappathunga bro,1
hey time kya hua hai,0
good morning please,0
time kya hua hai bro,0
emergency hai bro,1
naan aabathil iruken bro,1
enakku music pidikkum!!!,0
naan padikkiren please,0
seekiram help pannunga please,1
mujhe bachao please,1
hey emergency hai,1
hey mujhe dar lag raha hai,1
uh i feel unsafe,1
main padhai kar raha hoon please,0
SOMEONE IS FOLLOWING ME,1
NAAN AABATHIL IRUKEN,1
naan nalla iruken!!!,0
main theek hoon please,0
chill bro now,0
emergency ah irukku bro,1
hey hello how are you,0
ENNA HELP PANNUNGA,1
hey enakku bayama irukku,1
MUJHE HELP CHAHIYE,1
main khatre mein hoon!!!,1
call the police!!!,1
KOI MERA PEECHA KAR RAHA HAI,1
i am in danger bro,1
i am scared,1
uh i am going to college,0
yaaro ennai pin thodaranga bro,1
time kya hua hai!!!,0
hey chill bro,0
enakku music pidikkum,0
uh i am fine,0
good morning!!!,0
madad karo,1
i am studying bro,0
what is the time!!!,0
what is the time!!!,0
MAIN THEEK HOON,0
ENAKKU BAYAMA IRUKKU,1
jaldi madad karo now,1
koi mera peecha kar raha hai please,1
naan nalla iruken,0
seekiram help pannunga!!!,1
enakku music pidikkum please,0
uh what is the time,0
please madad karo please,1
mujhe help chahiye bro,1
naan ok bro now,0
mujhe music pasand hai please,0
i am studying now,0
naan college pogiren!!!,0
main theek hoon,0
uh good morning,0
main padhai kar raha hoon,0
naan college pogiren bro,0
main college ja raha hoon,0
uh i like music,0
MUJHE DAR LAG RAHA HAI,1
POLICE KO BULAO,1
uh main theek hoon,0
hey i am studying,0
mujhe bachao,1
emergency hai,1
please help now,1
uh what is the time,0
enakku music pidikkum now,0
I AM SCARED,1
hey naan padikkiren,0
call the police please,1
call the police bro,1
someone is following me please,1
emergency hai now,1
call the police!!!,1
SAVE ME,1
uh police ah koopdunga,1
i am fine now,0
PLEASE HELP,1
save me!!!,1
mujhe music pasand hai,0
mujhe music pasand hai bro,0
i am studying!!!,0
TIME KYA HUA HAI,0
NAAN AABATHIL IRUKEN,1
hey enakku bayama irukku,1
police ko bulao please,1
emergency hai,1
bhai help karo,1
naan aabathil iruken now,1
enakku bayama irukku now,1
hey what is the time,0
help me please,1
i am fine bro,0
TIME ENNA,0
uh good morning,0
i am studying bro,0
I FEEL UNSAFE,1
yaaro ennai pin thodaranga bro,1
main theek hoon,0
CHILL BRO,0
good morning!!!,0
enakku music pidikkum now,0
good morning!!!,0
naan ok bro now,0
i am going to college bro,0
time enna,0
main college ja raha hoon!!!,0
seekiram help pannunga,1
i feel unsafe bro,1
i am studying now,0
help me bro,1
i like music,0
help me bro,1
enna help pannunga!!!,1
enakku bayama irukku now,1
sab theek hai bro,0
POLICE KO BULAO,1
i am fine now,0
hello how are you!!!,0
jaldi madad karo,1
POLICE AH KOOPDUNGA,1
hey i feel unsafe,1
madad karo now,1
YAARO ENNAI PIN THODARANGA,1
call the police now,1
jaldi madad karo!!!,1
uh naan aabathil iruken,1
emergency hai,1
hey i am fine,0
hey jaldi madad karo,1
naan college pogiren please,0
naan nalla iruken bro,0
hey i am going to college,0
i feel unsafe!!!,1
please help pannunga please,1
jaldi madad karo!!!,1
ennai kappathunga now,1
seekiram help pannunga,1
koi mera peecha kar raha hai,1
please help!!!,1
naan padikkiren please,0
seekiram help pannunga bro,1
naan nalla iruken bro,0
ENNAI KAPPATHUNGA,1
i am in danger now,1
please madad karo!!!,1
jaldi madad karo,1
main college ja raha hoon!!!,0
naan ok bro now,0
someone is following me!!!,1
i am studying,0
someone is following me,1
time kya hua hai!!!,0
uh mujhe dar lag raha hai,1
i am studying now,0
uh main theek hoon,0
NAAN NALLA IRUKEN,0
enakku music pidikkum bro,0
someone is following me please,1
hello how are you now,0
hey naan padikkiren,0
enakku bayama irukku now,1
MAIN KHATRE MEIN HOON,1
i am fine please,0
please help please,1
NAAN OK BRO,0
hey someone is following me,1
I AM STUDYING,0
hello how are you now,0
please help!!!,1
POLICE KO BULAO,1
please help bro,1
what is the time please,0
UDHAVI PANNUNGA,1
i like music!!!,0
hello how are you,0
uh help me,1
madad karo bro,1
hey police ko bulao,1
hey good morning,0
enakku bayama irukku now,1
naan aabathil iruken bro,1
main khatre mein hoon now,1
hey naan padikkiren,0
sab theek hai,0
uh i like music,0
emergency ah irukku now,1
hey sab theek hai,0
what is the time now,0
uh udhavi pannunga,1
seekiram help pannunga please,1
hey enakku bayama irukku,1
ENNAI KAPPATHUNGA,1
all good yaar bro,0
jaldi madad karo,1
i am fine,0
good morning now,0
main theek hoon please,0
i am scared!!!,1
enakku bayama irukku please,1
hey ennai kappathunga,1
i am going to college!!!,0
mujhe bachao!!!,1
mujhe music pasand hai bro,0
i like music bro,0
naan nalla iruken please,0
naan nalla iruken!!!,0
main theek hoon please,0
main college ja raha hoon,0
I LIKE MUSIC,0
hey main padhai kar raha hoon,0
i am fine,0
yaaro ennai pin thodaranga,1
main khatre mein hoon,1
HELLO HOW ARE YOU,0
good morning,0
seekiram help pannunga now,1
hey please madad karo,1
hey mujhe music pasand hai,0
police ah koopdunga please,1
hey bhai help karo,1
uh naan ok bro,0
NAAN PADIKKIREN,0
enakku music pidikkum bro,0
save me now,1
hey main khatre mein hoon,1
mujhe bachao,1
emergency ah irukku bro,1
please madad karo,1
mujhe music pasand hai!!!,0
uh mujhe bachao,1
madad karo,1
hey good morning,0
i am going to college please,0
hello how are you now,0
emergency ah irukku!!!,1
hey naan aabathil iruken,1
i am going to college please,0
good morning!!!,0
hey mujhe bachao,1
uh mujhe bachao,1
i am fine!!!,0
main theek hoon now,0
i am studying please,0
POLICE AH KOOPDUNGA,1
uh mujhe dar lag raha hai,1
main padhai kar raha hoon bro,0
naan nalla iruken now,0
mujhe music pasand hai please,0
hello how are you,0
koi mera peecha kar raha hai please,1
help me please,1
uh call the police,1
naan padikkiren bro,0
i am studying please,0
mujhe music pasand hai bro,0
mujhe music pasand hai now,0
help venum,1
hey i am scared,1
uh help karo,1
hey mujhe music pasand hai,0
mujhe music pasand hai,0
naan college pogiren please,0
I FEEL UNSAFE,1
hey mujhe music pasand hai,0
mujhe music pasand hai!!!,0
udhavi pannunga,1
mujhe bachao now,1
call the police bro,1
i feel unsafe,1
uh koi mera peecha kar raha hai,1
naan nalla iruken,0
time enna bro,0
uh i am in danger,1
please help pannunga please,1
hey i am scared,1
please help!!!,1
police ah koopdunga,1
enakku music pidikkum please,0
i like music,0
PLEASE HELP PANNUNGA,1
mujhe music pasand hai,0
mujhe dar lag raha hai!!!,1
uh sab theek hai,0
uh enakku music pidikkum,0
TIME KYA HUA HAI,0
main college ja raha hoon!!!,0
police ko bulao please,1
hey mujhe dar lag raha hai,1
emergency ah irukku now,1
time enna bro,0
yaaro ennai pin thodaranga please,1
help venum please,1
enakku bayama irukku,1
seekiram help pannunga bro,1
jaldi madad karo now,1
time kya hua hai bro,0
hey naan aabathil iruken,1
main padhai kar raha hoon,0
jaldi madad karo now,1
help karo please,1
please help please,1
hey mujhe dar lag raha hai,1
uh udhavi pannunga,1
i am studying bro,0
madad karo now,1
what is the time bro,0
HELLO HOW ARE YOU,0
what is the time please,0
koi mera peecha kar raha hai please,1
udhavi pannunga bro,1
main padhai kar raha hoon!!!,0
emergency hai,1
naan padikkiren,0
good morning please,0
jaldi madad karo now,1
I AM IN DANGER,1
udhavi pannunga please,1
hey police ah koopdunga,1
main college ja raha hoon!!!,0
i am studying bro,0
good morning please,0
chill bro,0
hey naan college pogiren,0
i am in danger please,1
SOMEONE IS FOLLOWING ME,1
MUJHE DAR LAG RAHA HAI,1
uh what is the time,0
jaldi madad karo please,1
naan happy ah iruken!!!,0
naan padikkiren please,0
hey mujhe dar lag raha hai,1
hey good morning,0
jaldi madad karo,1
uh good morning,0
I AM SCARED,1
hey enakku bayama irukku,1
jaldi madad karo bro,1
emergency ah irukku bro,1
i feel unsafe,1
uh save me,1
chill bro!!!,0
please help now,1
uh hello how are you,0
mujhe music pasand hai,0
save me now,1
i am studying,0
I FEEL UNSAFE,1
madad karo now,1
i am fine!!!,0
main padhai kar raha hoon bro,0
chill bro,0
uh jaldi madad karo,1
what is the time,0
i am studying!!!,0
I AM STUDYING,0
naan college pogiren,0
hey i am studying,0
MUJHE DAR LAG RAHA HAI,1
MUJHE DAR LAG RAHA HAI,1
naan ok bro,0
uh naan nalla iruken,0
ENAKKU BAYAMA IRUKKU,1
hey emergency hai,1
enakku music pidikkum now,0
hey please help,1
uh i am fine,0
naan padikkiren now,0
enna help pannunga!!!,1
i am scared,1
police ah koopdunga!!!,1
uh i am going to college,0
seekiram help pannunga now,1
hey time kya hua hai,0
i am going to college!!!,0
uh madad karo,1
all good yaar now,0
uh main college ja raha hoon,0
yaaro ennai pin thodaranga,1
jaldi madad karo bro,1
hey hello how are you,0
EMERGENCY HAI,1
udhavi pannunga please,1
someone is following me!!!,1
main theek hoon please,0
naan padikkiren bro,0
koi mera peecha kar raha hai!!!,1
GOOD MORNING,0
HELLO HOW ARE YOU,0
someone is following me,1
naan nalla iruken!!!,0
uh please help,1
i feel unsafe now,1
I FEEL UNSAFE,1
hey main padhai kar raha hoon,0
main khatre mein hoon please,1
POLICE KO BULAO,1
police ko bulao,1
i am scared!!!,1
uh help me,1
uh udhavi pannunga,1
I FEEL UNSAFE,1
mujhe dar lag raha hai!!!,1
ennai kappathunga,1
koi mera peecha kar raha hai now,1
naan nalla iruken please,0
mujhe music pasand hai bro,0
naan padikkiren,0
uh jaldi madad karo,1
uh jaldi madad karo,1
hey enakku music pidikkum,0
hey main padhai kar raha hoon,0
naan college pogiren!!!,0
good morning please,0
naan aabathil iruken bro,1
i like music please,0
madad karo bro,1
emergency ah irukku!!!,1
naan padikkiren!!!,0
emergency ah irukku now,1
hey koi mera peecha kar raha hai,1
uh madad karo,1
yaaro ennai pin thodaranga!!!,1
main college ja raha hoon,0
time kya hua hai bro,0
uh help venum,1
hey mujhe dar lag raha hai,1
uh naan college pogiren,0
NAAN AABATHIL IRUKEN,1
TIME KYA HUA HAI,0
good morning now,0
uh police ah koopdunga,1
mujhe music pasand hai bro,0
good morning,0
hello how are you please,0
help karo now,1
main fine hoon bro bro,0
help me please,1
hey emergency ah irukku,1
main college ja raha hoon bro,0
hey naan padikkiren,0
madad karo!!!,1
emergency hai now,1
koi mera peecha kar raha hai!!!,1
koi mera peecha kar raha hai,1
uh yaaro ennai pin thodaranga,1
HELP KARO,1
hey naan aabathil iruken,1
SAVE ME,1
uh chill bro,0
main khatre mein hoon,1
hey i am studying,0
ENNAI KAPPATHUNGA,1
call the police!!!,1
udhavi pannunga please,1
help venum,1
time kya hua hai bro,0
emergency ah irukku!!!,1
please help!!!,1
mujhe bachao,1
hey i am going to college,0
udhavi pannunga please,1
hello how are you now,0
MUJHE MUSIC PASAND HAI,0
PLEASE MADAD KARO,1
enakku bayama irukku,1
main theek hoon,0
enakku music pidikkum please,0
ennai kappathunga bro,1
mujhe music pasand hai now,0
uh main padhai kar raha hoon,0
save me!!!,1
uh main theek hoon,0
hey mujhe bachao,1
main theek hoon please,0
naan padikkiren please,0
hello how are you please,0
yaaro ennai pin thodaranga bro,1
i am studying bro,0
hey mujhe music pasand hai,0
naan nalla iruken now,0
naan aabathil iruken please,1
hey mujhe bachao,1
i am studying bro,0
mujhe bachao bro,1
main khatre mein hoon now,1
yaaro ennai pin thodaranga bro,1
i like music now,0
uh i am going to college,0
hey good morning,0
main college ja raha hoon bro,0
hey seekiram help pannunga,1
udhavi pannunga,1
uh main khatre mein hoon,1
hey naan happy ah iruken,0
police ko bulao bro,1
uh i like music,0
time kya hua hai!!!,0
uh good morning,0
mujhe bachao bro,1
i am scared!!!,1
uh main khatre mein hoon,1
PLEASE HELP,1
jaldi madad karo bro,1
naan padikkiren bro,0
hey someone is following me,1
call the police bro,1
sab theek hai bro,0
i am scared bro,1
good morning,0
hey ennai kappathunga,1
hey i like music,0
uh main theek hoon,0
MUJHE BACHAO,1
WHAT IS THE TIME,0
enakku music pidikkum!!!,0
PLEASE MADAD KARO,1
hey naan ok bro,0
naan padikkiren,0
ennai kappathunga please,1
i like music now,0
uh call the police,1
good morning!!!,0
hey naan padikkiren,0
uh naan aabathil iruken,1
hey mujhe music pasand hai,0
hey main college ja raha hoon,0
i am fine bro,0
time enna bro,0
hey mujhe dar lag raha hai,1
i am studying,0
i am in danger,1
ennai kappathunga bro,1
seekiram help pannunga!!!,1
hey naan nalla iruken,0
uh enakku music pidikkum,0
emergency ah irukku,1
ennai kappathunga,1
uh enakku bayama irukku,1
POLICE KO BULAO,1
uh i am studying,0
time kya hua hai now,0
koi mera peecha kar raha hai!!!,1
hey i am scared,1
hello how are you,0
hey i am studying,0
seekiram help pannunga now,1
naan college pogiren,0
good morning,0
MADAD KARO,1
uh police ah koopdunga,1
uh please help,1
mujhe dar lag raha hai bro,1
time kya hua hai now,0
please help,1
naan ok bro now,0
hey good morning,0
uh time enna,0
NAAN AABATHIL IRUKEN,1
good morning!!!,0
i am going to college!!!,0
seekiram help pannunga bro,1
NAAN PADIKKIREN,0
main khatre mein hoon now,1
i am studying bro,0
all good yaar bro,0
uh mujhe dar lag raha hai,1
someone is following me!!!,1
hey someone is following me,1
time kya hua hai,0
SOMEONE IS FOLLOWING ME,1
police ah koopdunga!!!,1
chill bro now,0
uh mujhe help chahiye,1
yaaro ennai pin thodaranga please,1
hey good morning,0
UDHAVI PANNUNGA,1
hey mujhe dar lag raha hai,1
MAIN THEEK HOON,0
I AM IN DANGER,1
i am studying!!!,0
what is the time!!!,0
HELP ME,1
uh good morning,0
naan college pogiren bro,0
enakku music pidikkum,0
main college ja raha hoon please,0
i am studying please,0
main khatre mein hoon,1
POLICE KO BULAO,1
uh please madad karo,1
jaldi madad karo now,1
madad karo please,1
main theek hoon please,0
good morning bro,0
i am studying bro,0
main fine hoon bro please,0
mujhe help chahiye now,1
ennai kappathunga please,1
hey hello how are you,0
uh i feel unsafe,1
hey help me,1
i feel unsafe!!!,1
naan college pogiren now,0
I AM FINE,0
MAIN COLLEGE JA RAHA HOON,0
jaldi madad karo please,1
GOOD MORNING,0
hey time kya hua hai,0
good morning now,0
uh i am studying,0
save me!!!,1
main khatre mein hoon,1
bhai help karo!!!,1
main padhai kar raha hoon!!!,0
i am fine!!!,0
main theek hoon now,0
naan nalla iruken,0
koi mera peecha kar raha hai bro,1
mujhe music pasand hai!!!,0
hey naan padikkiren,0
naan nalla iruken!!!,0
mujhe music pasand hai please,0
i am scared bro,1
uh yaaro ennai pin thodaranga,1
uh enna help pannunga,1
someone is following me bro,1
save me bro,1
enakku music pidikkum now,0
police ko bulao!!!,1
HELLO HOW ARE YOU,0
main college ja raha hoon,0
i am in danger,1
someone is following me,1
police ah koopdunga,1
emergency ah irukku bro,1
I AM IN DANGER,1
main khatre mein hoon!!!,1
naan padikkiren!!!,0
madad karo,1
seekiram help pannunga,1
naan padikkiren bro,0
SEEKIRAM HELP PANNUNGA,1
i like music,0
good morning!!!,0
ENAKKU BAYAMA IRUKKU,1
naan padikkiren now,0
time kya hua hai please,0
yaaro ennai pin thodaranga bro,1
naan aabathil iruken!!!,1
hey mujhe dar lag raha hai,1
hey emergency hai,1
hey save me,1
i am studying!!!,0
main padhai kar raha hoon bro,0
NAAN NALLA IRUKEN,0
naan college pogiren!!!,0
help venum,1
uh naan college pogiren,0
udhavi pannunga please,1
I AM GOING TO COLLEGE,0
madad karo please,1
NAAN NALLA IRUKEN,0
police ko bulao bro,1
i am studying please,0
good morning!!!,0
hey mujhe help chahiye,1
uh i am going to college,0
hey naan padikkiren,0
uh udhavi pannunga,1
someone is following me now,1
jaldi madad karo,1
uh mujhe music pasand hai,0
hey main theek hoon,0
bhai help karo bro,1
uh please help pannunga,1
hey i am fine,0
uh someone is following me,1
uh naan padikkiren,0
emergency hai bro,1
hey enakku music pidikkum,0
madad karo please,1
enakku music pidikkum bro,0
naan college pogiren bro,0
TIME KYA HUA HAI,0
naan nalla iruken!!!,0
UDHAVI PANNUNGA,1
i am going to college bro,0
uh ennai kappathunga,1
enakku music pidikkum now,0
main padhai kar raha hoon!!!,0
main padhai kar raha hoon,0
i feel unsafe bro,1
naan padikkiren,0
mujhe dar lag raha hai please,1
I LIKE MUSIC,0
uh i am studying,0
hey jaldi madad karo,1
emergency hai please,1
MAIN PADHAI KAR RAHA HOON,0
MADAD KARO,1
hey enna help pannunga,1
EMERGENCY AH IRUKKU,1
i am studying,0
main padhai kar raha hoon,0
PLEASE HELP,1
uh mujhe bachao,1
I AM GOING TO COLLEGE,0
emergency ah irukku please,1
uh naan padikkiren,0
please help now,1
please help bro,1
emergency hai now,1
udhavi pannunga!!!,1
i like music,0
main theek hoon bro,0
naan nalla iruken now,0
main college ja raha hoon,0
hey good morning,0
someone is following me bro,1
call the police,1
EMERGENCY AH IRUKKU,1
main fine hoon bro,0
uh main padhai kar raha hoon,0
mujhe music pasand hai now,0
mujhe dar lag raha hai,1
i am scared now,1
YAARO ENNAI PIN THODARANGA,1
help me bro,1
MUJHE HELP CHAHIYE,1
good morning bro,0
save me!!!,1
someone is following me bro,1
main padhai kar raha hoon!!!,0
hey i am going to college,0
hey ennai kappathunga,1
HELLO HOW ARE YOU,0
i am going to college now,0
POLICE KO BULAO,1
what is the time!!!,0
hey please help pannunga,1
GOOD MORNING,0
main fine hoon bro now,0
hey i am in danger,1
hello how are you please,0
save me please,1
WHAT IS THE TIME,0
naan nalla iruken!!!,0
chill bro,0
hello how are you!!!,0
TIME KYA HUA HAI,0
i like music,0
uh time kya hua hai,0
good morning please,0
jaldi madad karo,1
good morning now,0
uh main khatre mein hoon,1
what is the time now,0
uh emergency ah irukku,1
help me please,1
MAIN THEEK HOON,0
uh mujhe bachao,1
udhavi pannunga please,1
time kya hua hai bro,0
naan nalla iruken bro,0
I AM IN DANGER,1
mujhe dar lag raha hai,1
udhavi pannunga,1
mujhe dar lag raha hai now,1
hey ennai kappathunga,1
i am going to college bro,0
hey naan aabathil iruken,1
hey mujhe bachao,1
i am scared please,1
mujhe music pasand hai now,0
I AM STUDYING,0
time kya hua hai now,0
uh jaldi madad karo,1
udhavi pannunga,1
help me,1
seekiram help pannunga please,1
hey ennai kappathunga,1
main padhai kar raha hoon bro,0
hey yaaro ennai pin thodaranga,1
hello how are you!!!,0
naan padikkiren!!!,0
please help,1
i like music now,0
time enna bro,0
i am going to college!!!,0
help venum now,1
ENAKKU MUSIC PIDIKKUM,0
uh naan nalla iruken,0
hey main college ja raha hoon,0
chill bro!!!,0
mujhe bachao please,1
hey koi mera peecha kar raha hai,1
naan happy ah iruken!!!,0
hey naan nalla iruken,0
i am studying now,0
time enna please,0
i like music!!!,0
mujhe bachao now,1
save me,1
save me please,1
enakku music pidikkum now,0
i am fine bro,0
main padhai kar raha hoon please,0
mujhe bachao bro,1
naan aabathil iruken please,1
i like music now,0
naan happy ah iruken please,0
good morning please,0
sab theek hai,0
mujhe help chahiye bro,1
hey emergency ah irukku,1
i am fine please,0
naan padikkiren!!!,0
mujhe bachao!!!,1
I AM IN DANGER,1
naan nalla iruken bro,0
good morning now,0
uh main theek hoon,0
hey time enna,0
hey enakku bayama irukku,1
uh enakku music pidikkum,0
hey good morning,0
PLEASE MADAD KARO,1
i am fine!!!,0
hello how are you bro,0
please help please,1
koi mera peecha kar raha hai!!!,1
uh mujhe bachao,1
i am scared,1
main college ja raha hoon bro,0
MAIN FINE HOON BRO,0
time kya hua hai please,0
I AM IN DANGER,1
police ko bulao bro,1
naan nalla iruken now,0
i like music bro,0
hey help me,1
i am scared please,1
police ko bulao!!!,1
emergency ah irukku please,1
NAAN PADIKKIREN,0
naan ok bro,0
police ah koopdunga bro,1
help karo,1
uh naan padikkiren,0
CALL THE POLICE,1
hello how are you bro,0
i am fine,0
uh police ah koopdunga,1
hey ennai kappathunga,1
hello how are you,0
uh jaldi madad karo,1
emergency ah irukku!!!,1
save me,1
hey enakku music pidikkum,0
i am going to college bro,0
emergency ah irukku,1
time kya hua hai now,0
uh naan happy ah iruken,0
naan college pogiren bro,0
hello how are you!!!,0
uh emergency ah irukku,1
good morning now,0
TIME ENNA,0
uh help me,1
hey i am scared,1
i am fine!!!,0
save me now,1
police ko bulao now,1
yaaro ennai pin thodaranga please,1
main college ja raha hoon!!!,0
CALL THE POLICE,1
MAIN PADHAI KAR RAHA HOON,0
uh naan ok bro,0
uh yaaro ennai pin thodaranga,1
uh jaldi madad karo,1
what is the time please,0
hey madad karo,1
emergency ah irukku please,1
hey time enna,0
save me!!!,1
mujhe dar lag raha hai,1
uh please madad karo,1
i am scared,1
police ah koopdunga,1
hello how are you bro,0
MAIN COLLEGE JA RAHA HOON,0
all good yaar now,0
UDHAVI PANNUNGA,1
uh naan nalla iruken,0
i am going to college bro,0
I AM IN DANGER,1
naan nalla iruken now,0
mujhe help chahiye bro,1
